char	reading	frequency
〇	ㄌㄧㄥ	981
㐁	ㄊㄧㄢ	1
㐅	ㄨ	1
㓟	ㄆㄧ	1
㓤	ㄑㄧㄚ	1
㕑	ㄔㄨ	90
㖡	ㄧㄝ	1
㖭	ㄊㄧㄢ	21
㖿	ㄒㄧㄝ	4
㖿	ㄧㄝ	4
㗎	ㄐㄧㄚ	91
㗾	ㄒㄩㄝ	1
㘭	ㄠ	1
㜺	ㄗㄢ	1
㧬	ㄍㄨㄥ	1
㧾	ㄏㄨ	1
㨘	ㄒㄧㄥ	1
㩒	ㄑㄧㄣ	12
㩗	ㄒㄧ	2
㩧	ㄅㄛ	2
㩵	ㄜ	268
㬹	ㄓㄥ	1
㷛	ㄅㄠ	2
㷧	ㄩㄢ	3
㷫	ㄑㄧㄥ	3
㿭	ㄌㄜ	1
㿭	ㄔㄜ	1
㿺	ㄅㄠ	1
䁪	ㄓㄢ	1
䃟	ㄙㄢ	1
䏡	ㄕ	1
䏲	ㄉㄧㄝ	1
䏲	ㄊㄧ	1
䓛	ㄑㄩ	1
䓝	ㄇㄥ	1
䓪	ㄧ	1
䓬	ㄓㄨㄛ	1
䦉	ㄙ	1
䰳	ㄉㄧㄥ	2
䰾	ㄅㄚ	450
䱛	ㄏㄨㄛ	5
䱛	ㄒㄩ	5
䱛	ㄧ	5
䲁	ㄨㄟ	342
䲗	ㄒㄧㄢ	1
䳍	ㄍㄨㄥ	15
䴈	ㄠ	5
䴉	ㄏㄨㄢ	400
䴉	ㄒㄩㄢ	400
一	ㄧ	1353
一	ㄧ	132608
丁	ㄉㄧㄥ	4862
丂	ㄑㄧㄠ	450
七	ㄑㄧ	7236
丄	ㄕㄤ	679
丅	ㄒㄧㄚ	671
丆	ㄏㄢ	610
万	ㄇㄛ	13
万	ㄨㄢ	1312
丈	ㄓㄤ	1033
三	ㄙㄢ	27727
上	ㄕㄤ	285526
下	ㄒㄧㄚ	164421
丌	ㄐㄧ	266
丌	ㄑㄧ	266
不	ㄅㄨ	5908
不	ㄅㄨ	584893
与	ㄩ	100
丏	ㄇㄧㄢ	332
丐	ㄍㄞ	747
丑	ㄔㄡ	3391
丒	ㄔㄡ	399
且	ㄑㄧㄝ	13038
丕	ㄆㄧ	775
世	ㄕ	4115
丗	ㄕ	710
丘	ㄑㄧㄡ	1458
丙	ㄅㄧㄥ	1420
业	ㄑㄧㄡ	1
丞	ㄔㄥ	883
丟	ㄉㄧㄡ	6453
丠	ㄑㄧㄡ	495
両	ㄌㄧㄤ	542
丣	ㄧㄡ	305
並	ㄅㄧㄥ	63101
丨	ㄍㄨㄣ	414
丨	ㄕㄨ	414
丩	ㄐㄧㄡ	377
丫	ㄧㄚ	6079
丬	ㄑㄧㄤ	564
中	ㄓㄨㄥ	7316
中	ㄓㄨㄥ	236554
丮	ㄐㄧ	455
丯	ㄐㄧㄝ	373
丰	ㄈㄥ	771
丱	ㄍㄨㄢ	185
丱	ㄎㄨㄤ	185
串	ㄔㄨㄢ	2189
丳	ㄔㄢ	274
丵	ㄓㄨㄛ	228
丶	ㄉㄧㄢ	450
丶	ㄓㄨ	450
丷	ㄅㄚ	595
丸	ㄨㄢ	1817
丹	ㄉㄢ	3242
主	ㄓㄨ	11740
丼	ㄐㄧㄥ	473
丽	ㄌㄧ	10
丿	ㄆㄧㄝ	735
乀	ㄆㄧㄝ	249
乀	ㄈㄨ	249
乁	ㄐㄧ	464
乁	ㄧ	464
乂	ㄧ	611
乃	ㄋㄞ	4485
乄	ㄨ	629
久	ㄐㄧㄡ	8974
乆	ㄐㄧㄡ	563
乇	ㄊㄨㄛ	344
乇	ㄓㄜ	344
么	ㄧㄠ	10026
乊	ㄧ	394
之	ㄓ	50505
乍	ㄓㄚ	1145
乎	ㄏㄨ	2093
乏	ㄈㄚ	1065
乑	ㄓㄨㄥ	307
乒	ㄆㄧㄥ	708
乓	ㄆㄤ	637
乕	ㄏㄨ	412
乖	ㄍㄨㄞ	19261
乗	ㄔㄥ	514
乘	ㄔㄥ	3199
乘	ㄕㄥ	32
乙	ㄧ	2457
乚	ㄧㄚ	386
乛	ㄓㄜ	645
乜	ㄇㄧㄝ	3053
九	ㄐㄧㄡ	6115
乞	ㄑㄧ	858
也	ㄧㄝ	404779
习	ㄒㄧ	1
乡	ㄩㄢ	1
乢	ㄍㄞ	335
乣	ㄐㄧㄡ	377
乤	ㄒㄧㄚ	245
乥	ㄏㄨ	404
乧	ㄉㄡ	494
乨	ㄕ	328
乩	ㄐㄧ	596
乪	ㄋㄤ	243
乫	ㄐㄧㄚ	307
乭	ㄕ	301
乳	ㄖㄨ	1882
乴	ㄒㄩㄝ	262
乵	ㄧㄢ	261
乶	ㄈㄨ	249
乷	ㄕㄚ	397
乸	ㄋㄚ	519
乹	ㄍㄢ	133
乹	ㄑㄧㄢ	133
乺	ㄙㄨㄛ	252
乼	ㄓㄨ	217
乾	ㄍㄢ	5078
乾	ㄑㄧㄢ	1269
乿	ㄌㄨㄢ	230
乿	ㄓ	230
亀	ㄍㄨㄟ	519
亁	ㄍㄢ	354
亁	ㄑㄧㄢ	39
亂	ㄌㄨㄢ	13475
亃	ㄌㄧㄣ	311
亄	ㄧ	368
亅	ㄐㄩㄝ	536
了	ㄌㄜ	1436859
了	ㄌㄧㄠ	75624
亇	ㄍㄜ	630
予	ㄩ	1900
亊	ㄕ	609
事	ㄕ	39845
二	ㄦ	21289
亍	ㄔㄨ	675
于	ㄩ	2871
亏	ㄩ	465
亐	ㄩ	465
云	ㄩㄣ	2141
互	ㄏㄨ	2008
亓	ㄑㄧ	719
五	ㄨ	13802
井	ㄐㄧㄥ	2864
亖	ㄙ	479
亗	ㄙㄨㄟ	412
亘	ㄍㄣ	150
亘	ㄍㄥ	150
亘	ㄏㄨㄢ	150
亘	ㄒㄩㄢ	150
亙	ㄍㄣ	639
亙	ㄍㄥ	639
些	ㄒㄧㄝ	22871
亜	ㄧㄚ	597
亝	ㄑㄧ	268
亝	ㄓㄞ	268
亞	ㄧㄚ	5009
亟	ㄐㄧ	321
亟	ㄑㄧ	321
亠	ㄊㄡ	493
亡	ㄨㄤ	1500
亢	ㄎㄤ	806
亣	ㄊㄚ	469
交	ㄐㄧㄠ	15564
亥	ㄏㄞ	825
亦	ㄧ	6363
亨	ㄏㄥ	1175
亪	ㄧㄝ	320
享	ㄒㄧㄤ	1385
京	ㄐㄧㄥ	3214
亭	ㄊㄧㄥ	2147
亮	ㄌㄧㄤ	5238
亯	ㄒㄧㄤ	322
亰	ㄐㄧㄥ	454
亱	ㄧㄝ	518
亲	ㄒㄧㄣ	7
亲	ㄓㄣ	63
亳	ㄅㄛ	599
亴	ㄧㄡ	382
亶	ㄉㄢ	504
亷	ㄌㄧㄢ	318
亹	ㄇㄣ	221
亹	ㄨㄟ	221
人	ㄖㄣ	250956
亻	ㄖㄣ	656
亼	ㄐㄧ	758
亽	ㄐㄧ	654
亾	ㄨㄤ	641
什	ㄕ	1829
什	ㄕㄣ	18
仁	ㄖㄣ	3200
仂	ㄌㄜ	725
仃	ㄉㄧㄥ	531
仄	ㄗㄜ	844
仅	ㄈㄨ	10
仅	ㄋㄨ	10
仆	ㄆㄨ	677
仇	ㄑㄧㄡ	151
仇	ㄔㄡ	1355
仈	ㄅㄚ	477
仉	ㄓㄤ	479
今	ㄐㄧㄣ	4961
介	ㄐㄧㄝ	1885
仌	ㄅㄧㄥ	537
仍	ㄖㄥ	9624
仏	ㄈㄛ	448
仐	ㄙㄢ	409
仒	ㄅㄧㄥ	491
仔	ㄗ	339
仔	ㄗㄞ	3054
仕	ㄕ	1521
他	ㄊㄚ	344401
仗	ㄓㄤ	1273
付	ㄈㄨ	6901
仙	ㄒㄧㄢ	3611
仚	ㄒㄧㄢ	369
仛	ㄉㄨㄛ	416
仛	ㄊㄨㄛ	416
仛	ㄓㄜ	416
仛	ㄔㄚ	416
仜	ㄏㄨㄥ	252
仝	ㄊㄨㄥ	668
仞	ㄖㄣ	642
仟	ㄑㄧㄢ	820
仠	ㄍㄢ	402
仠	ㄏㄢ	402
仡	ㄍㄜ	263
仡	ㄧ	263
仢	ㄅㄛ	261
代	ㄉㄞ	6407
令	ㄌㄧㄥ	8637
以	ㄧ	101238
仦	ㄔㄠ	515
仧	ㄔㄤ	470
仨	ㄙㄚ	979
仩	ㄕㄤ	631
仫	ㄇㄨ	501
仭	ㄖㄣ	394
仮	ㄐㄧㄚ	528
仯	ㄇㄧㄠ	508
仯	ㄔㄠ	508
仰	ㄧㄤ	1160
仱	ㄐㄧㄥ	390
仱	ㄑㄧㄢ	390
仲	ㄓㄨㄥ	4114
仳	ㄆㄧ	496
仴	ㄨㄛ	545
仵	ㄨ	554
件	ㄐㄧㄢ	8211
价	ㄐㄧㄝ	794
仸	ㄈㄛ	406
仸	ㄧㄠ	406
仹	ㄈㄥ	330
仺	ㄘㄤ	453
任	ㄖㄣ	8722
仼	ㄨㄤ	472
份	ㄈㄣ	7307
仾	ㄉㄧ	295
仿	ㄈㄤ	1664
伀	ㄓㄨㄥ	421
企	ㄑㄧ	2009
伂	ㄆㄟ	246
伃	ㄒㄩ	386
伃	ㄩ	386
伄	ㄉㄧㄠ	344
伅	ㄉㄨㄣ	475
伆	ㄨ	403
伇	ㄧ	252
伈	ㄒㄧㄣ	634
伉	ㄎㄤ	481
伊	ㄧ	4667
伋	ㄐㄧ	452
伌	ㄞ	280
伍	ㄨ	1830
伎	ㄐㄧ	709
伏	ㄈㄨ	1600
伐	ㄈㄚ	11441
休	ㄒㄧㄡ	2916
伒	ㄐㄧㄣ	384
伒	ㄧㄣ	384
伓	ㄆㄧ	387
伔	ㄉㄢ	345
伕	ㄈㄨ	50
伖	ㄊㄤ	512
众	ㄓㄨㄥ	100
众	ㄧㄣ	100
优	ㄧㄡ	90
伙	ㄏㄨㄛ	843
伜	ㄘㄨㄟ	283
伝	ㄔㄨㄢ	297
伝	ㄩㄣ	297
伢	ㄧㄚ	725
伨	ㄒㄩㄣ	324
伬	ㄔ	354
伭	ㄒㄧㄢ	326
伮	ㄋㄨ	396
伯	ㄅㄛ	2435
估	ㄍㄨ	1122
伱	ㄋㄧ	807
伲	ㄋㄧ	283
伳	ㄒㄧㄝ	350
伴	ㄅㄢ	2455
伵	ㄒㄩ	231
伶	ㄌㄧㄥ	833
伷	ㄓㄡ	370
伸	ㄕㄣ	1756
伹	ㄑㄩ	337
伹	ㄗㄨ	337
伺	ㄘ	341
伺	ㄙ	341
伻	ㄅㄥ	269
似	ㄙ	4743
伽	ㄐㄧㄚ	1056
伾	ㄆㄧ	457
伿	ㄧ	442
佀	ㄙ	421
佁	ㄔ	348
佁	ㄙ	348
佁	ㄞ	348
佁	ㄧ	348
佂	ㄓㄥ	371
佃	ㄉㄧㄢ	608
佄	ㄍㄢ	513
佄	ㄏㄢ	513
佅	ㄇㄞ	255
但	ㄉㄢ	116404
佇	ㄓㄨ	623
佈	ㄅㄨ	1323
佉	ㄑㄩ	589
佊	ㄅㄧ	368
佋	ㄓㄠ	305
佋	ㄕㄠ	305
佌	ㄘ	479
位	ㄨㄟ	14967
低	ㄉㄧ	16647
住	ㄓㄨ	22827
佐	ㄗㄨㄛ	2661
佑	ㄧㄡ	1357
佒	ㄧㄤ	277
体	ㄅㄣ	90
佔	ㄓㄢ	10810
何	ㄏㄜ	7552
佖	ㄅㄧ	368
佗	ㄊㄨㄛ	620
佘	ㄕㄜ	930
余	ㄩ	2184
佚	ㄧ	677
佛	ㄈㄛ	4974
作	ㄗㄨㄛ	20186
佝	ㄍㄡ	250
佝	ㄎㄡ	250
佞	ㄋㄧㄥ	577
佟	ㄊㄨㄥ	1110
你	ㄋㄧ	972978
佡	ㄒㄧㄢ	466
佢	ㄑㄩ	3707
佣	ㄩㄥ	641
佤	ㄨㄚ	597
佧	ㄎㄚ	525
佩	ㄆㄟ	1665
佪	ㄏㄨㄞ	7
佫	ㄏㄜ	400
佬	ㄌㄠ	1424
佭	ㄒㄧㄤ	280
佮	ㄍㄜ	389
佮	ㄜ	389
佯	ㄧㄤ	660
佰	ㄅㄞ	973
佱	ㄈㄚ	352
佲	ㄇㄧㄥ	487
佳	ㄐㄧㄚ	3831
佴	ㄦ	479
併	ㄅㄧㄥ	17967
佶	ㄐㄧ	595
佷	ㄏㄣ	701
佸	ㄏㄨㄛ	580
佹	ㄍㄨㄟ	538
佺	ㄑㄩㄢ	577
佻	ㄊㄧㄠ	496
佼	ㄐㄧㄠ	598
佽	ㄘ	603
佾	ㄧ	518
使	ㄕ	35310
侀	ㄒㄧㄥ	488
侁	ㄕㄣ	386
侂	ㄊㄨㄛ	386
侃	ㄎㄢ	1234
侄	ㄓ	749
侅	ㄍㄞ	392
來	ㄌㄞ	235090
侇	ㄧ	300
侈	ㄔ	563
侉	ㄎㄨㄚ	459
侊	ㄍㄨㄤ	435
例	ㄌㄧ	3512
侌	ㄧㄣ	341
侍	ㄕ	1085
侎	ㄇㄧ	456
侏	ㄓㄨ	511
侐	ㄒㄩ	328
侑	ㄧㄡ	758
侒	ㄢ	486
侓	ㄌㄨ	437
侔	ㄇㄡ	546
侕	ㄦ	525
侖	ㄌㄨㄣ	829
侗	ㄉㄨㄥ	353
侗	ㄊㄨㄥ	353
侘	ㄔㄚ	469
侙	ㄔ	230
侚	ㄒㄩㄣ	5
供	ㄍㄨㄥ	2836
侜	ㄓㄡ	311
依	ㄧ	4223
侞	ㄖㄨ	555
侟	ㄐㄧㄢ	400
侟	ㄘㄨㄣ	400
価	ㄐㄧㄚ	546
侢	ㄗㄞ	563
侫	ㄋㄧㄥ	345
侭	ㄐㄧㄣ	381
侮	ㄨ	599
侯	ㄏㄡ	3601
侰	ㄐㄩㄥ	224
侱	ㄊㄧㄥ	265
侱	ㄔㄥ	265
侲	ㄓㄣ	328
侲	ㄔㄣ	328
侳	ㄗㄨㄛ	453
侴	ㄔㄡ	355
侵	ㄑㄧㄣ	1082
侶	ㄌㄩ	888
侷	ㄐㄩ	598
侸	ㄉㄡ	412
侸	ㄕㄨ	412
侹	ㄊㄧㄥ	385
侺	ㄕㄣ	270
侻	ㄊㄨㄛ	314
侻	ㄊㄨㄟ	314
侼	ㄅㄛ	278
侽	ㄋㄢ	601
侾	ㄒㄧㄠ	294
便	ㄅㄧㄢ	16624
便	ㄆㄧㄢ	875
俀	ㄊㄨㄟ	293
俁	ㄩ	586
係	ㄒㄧ	10357
促	ㄘㄨ	2193
俄	ㄜ	12323
俅	ㄑㄧㄡ	611
俆	ㄒㄩ	418
俆	ㄕㄨ	418
俇	ㄍㄨㄤ	320
俈	ㄎㄨ	313
俉	ㄨ	463
俊	ㄐㄩㄣ	3225
俋	ㄧ	319
俌	ㄈㄨ	306
俍	ㄌㄤ	416
俍	ㄌㄧㄤ	416
俎	ㄗㄨ	579
俏	ㄑㄧㄠ	1102
俐	ㄌㄧ	888
俑	ㄩㄥ	686
俒	ㄏㄨㄣ	252
俓	ㄐㄧㄥ	516
俔	ㄒㄧㄢ	316
俕	ㄙㄢ	237
俖	ㄆㄟ	400
俗	ㄙㄨ	2141
俘	ㄈㄨ	664
俙	ㄒㄧ	456
俚	ㄌㄧ	633
俛	ㄇㄧㄢ	397
俜	ㄆㄧㄥ	525
保	ㄅㄠ	5381
俞	ㄩ	1790
俟	ㄙ	654
俠	ㄒㄧㄚ	1662
信	ㄒㄧㄣ	12195
俢	ㄒㄧㄡ	434
俤	ㄉㄧ	382
俥	ㄐㄩ	425
俥	ㄔㄜ	425
俬	ㄙ	413
修	ㄒㄧㄡ	7497
俯	ㄈㄨ	871
俰	ㄏㄨㄛ	317
俱	ㄐㄩ	1806
俲	ㄒㄧㄠ	220
俳	ㄆㄞ	561
俴	ㄐㄧㄢ	361
俵	ㄅㄧㄠ	33
俶	ㄔㄨ	566
俷	ㄈㄟ	552
俸	ㄈㄥ	650
俹	ㄧㄚ	417
俺	ㄢ	17692
俻	ㄅㄟ	402
俼	ㄩ	234
俽	ㄒㄧㄣ	504
俾	ㄅㄧ	2386
俿	ㄏㄨ	360
俿	ㄔ	360
倀	ㄔㄤ	548
倁	ㄓ	616
倂	ㄅㄧㄥ	423
倃	ㄐㄧㄡ	291
倄	ㄧㄠ	286
倅	ㄘㄨㄟ	374
倆	ㄌㄧㄚ	6640
倇	ㄨㄢ	217
倈	ㄌㄞ	423
倈	ㄌㄧㄝ	423
倉	ㄘㄤ	2921
倊	ㄗㄨㄥ	256
個	ㄍㄜ	246257
倌	ㄍㄨㄢ	632
倍	ㄅㄟ	4220
倎	ㄊㄧㄢ	305
倏	ㄕㄨ	627
倐	ㄕㄨ	352
們	ㄇㄣ	66889
倒	ㄉㄠ	5791
倒	ㄉㄠ	8687
倓	ㄉㄢ	459
倓	ㄊㄢ	459
倔	ㄐㄩㄝ	773
倕	ㄓㄨㄟ	366
倕	ㄔㄨㄟ	366
倖	ㄒㄧㄥ	650
倗	ㄆㄥ	531
倗	ㄆㄧㄥ	531
倘	ㄊㄤ	828
候	ㄏㄡ	1669
倚	ㄧ	1346
倛	ㄑㄧ	370
倜	ㄊㄧ	548
倝	ㄍㄢ	359
倞	ㄌㄧㄤ	440
倞	ㄐㄧㄥ	440
借	ㄐㄧㄝ	6998
倠	ㄙㄨㄟ	317
倡	ㄔㄤ	788
倢	ㄐㄧㄝ	383
倣	ㄈㄤ	111
値	ㄓ	567
倥	ㄎㄨㄥ	287
倦	ㄐㄩㄢ	993
倧	ㄗㄨㄥ	384
倨	ㄐㄩ	595
倩	ㄑㄧㄢ	1356
倪	ㄋㄧ	1660
倫	ㄌㄨㄣ	2150
倬	ㄓㄨㄛ	565
倭	ㄨㄛ	808
倮	ㄌㄨㄛ	558
倯	ㄙㄨㄥ	369
倰	ㄌㄥ	343
倰	ㄌㄧㄥ	343
倱	ㄏㄨㄣ	306
倲	ㄉㄨㄥ	480
倳	ㄗ	568
倴	ㄅㄣ	404
倵	ㄨ	385
倶	ㄐㄩ	493
倷	ㄋㄞ	429
倸	ㄘㄞ	387
倹	ㄐㄧㄢ	296
倻	ㄧㄝ	449
值	ㄓ	10062
偀	ㄧㄥ	337
偁	ㄔㄥ	434
偂	ㄐㄧㄢ	555
偃	ㄧㄢ	695
偄	ㄖㄨ	399
偄	ㄖㄨㄢ	399
偅	ㄊㄨㄥ	520
偅	ㄓㄨㄥ	520
偅	ㄔㄨㄥ	520
偆	ㄔㄨㄣ	413
假	ㄐㄧㄚ	898
假	ㄐㄧㄚ	8085
偈	ㄐㄧ	362
偈	ㄐㄧㄝ	362
偉	ㄨㄟ	3419
偊	ㄩ	439
偋	ㄅㄧㄥ	247
偌	ㄖㄨㄛ	629
偍	ㄊㄧ	430
偎	ㄨㄟ	722
偏	ㄆㄧㄢ	3967
偐	ㄧㄢ	373
偑	ㄈㄥ	466
偒	ㄉㄤ	342
偒	ㄊㄤ	342
偓	ㄨㄛ	515
偔	ㄜ	347
偕	ㄐㄧㄝ	74
偕	ㄒㄧㄝ	662
偖	ㄔㄜ	340
偗	ㄕㄥ	378
偘	ㄎㄢ	300
偙	ㄉㄧ	466
做	ㄗㄨㄛ	154888
偛	ㄔㄚ	449
停	ㄊㄧㄥ	6820
偝	ㄅㄟ	498
偞	ㄒㄧㄝ	381
偞	ㄓㄚ	381
偞	ㄧㄝ	381
偟	ㄏㄨㄤ	430
偠	ㄧㄠ	630
偡	ㄓㄢ	373
偢	ㄔㄡ	425
偣	ㄧㄢ	469
偤	ㄧㄡ	280
健	ㄐㄧㄢ	2636
偦	ㄒㄩ	348
偧	ㄓㄚ	286
偨	ㄘ	382
偩	ㄈㄨ	381
偪	ㄅㄧ	29
偫	ㄓ	320
偬	ㄗㄨㄥ	100
偬	ㄘㄨㄥ	100
偭	ㄇㄧㄢ	469
偮	ㄐㄧ	329
偯	ㄧ	284
偰	ㄒㄧㄝ	415
偱	ㄒㄩㄣ	420
偲	ㄘㄞ	570
偲	ㄙ	570
偲	ㄙㄞ	570
偳	ㄉㄨㄢ	309
側	ㄓㄞ	30
側	ㄘㄜ	3016
偵	ㄓㄣ	751
偶	ㄡ	25662
偷	ㄊㄡ	4269
偸	ㄊㄡ	572
偹	ㄅㄟ	346
偺	ㄗㄢ	10
偼	ㄐㄧㄝ	365
偽	ㄨㄟ	14
傀	ㄍㄨㄟ	276
傀	ㄎㄨㄟ	276
傁	ㄙㄡ	242
傂	ㄓ	285
傂	ㄙ	285
傃	ㄙㄨ	380
傄	ㄒㄧㄚ	217
傅	ㄈㄨ	1947
傆	ㄩㄢ	489
傇	ㄖㄨㄥ	268
傈	ㄌㄧ	702
傉	ㄋㄨ	395
傊	ㄩㄣ	249
傋	ㄍㄡ	455
傋	ㄐㄧㄤ	455
傌	ㄇㄚ	410
傍	ㄅㄤ	1200
傎	ㄉㄧㄢ	364
傏	ㄊㄤ	295
傐	ㄏㄠ	198
傑	ㄐㄧㄝ	2964
傒	ㄒㄧ	458
傓	ㄕㄢ	290
傔	ㄑㄧㄢ	332
傕	ㄐㄩㄝ	509
傖	ㄘㄤ	498
傗	ㄔㄨ	353
傘	ㄙㄢ	1985
備	ㄅㄟ	2478
傚	ㄒㄧㄠ	233
傛	ㄖㄨㄥ	528
傛	ㄩㄥ	528
傜	ㄧㄠ	480
傝	ㄊㄚ	464
傝	ㄊㄢ	464
傞	ㄙㄨㄛ	437
傟	ㄧㄤ	336
傠	ㄈㄚ	316
傡	ㄅㄧㄥ	209
傢	ㄐㄧㄚ	1397
傣	ㄉㄞ	627
傪	ㄘㄚ	411
傪	ㄘㄢ	411
傪	ㄙㄢ	411
傪	ㄙㄣ	411
傫	ㄌㄟ	482
催	ㄘㄨㄟ	3190
傭	ㄩㄥ	700
傮	ㄗㄠ	238
傯	ㄗㄨㄥ	501
傰	ㄅㄥ	289
傰	ㄆㄥ	289
傱	ㄕㄨㄤ	336
傱	ㄙㄨㄥ	336
傲	ㄠ	1383
傳	ㄓㄨㄢ	1574
傳	ㄔㄨㄢ	14168
傴	ㄩ	435
債	ㄓㄞ	1681
傶	ㄑㄧ	238
傶	ㄗㄨ	238
傷	ㄕㄤ	6467
傸	ㄔㄨㄤ	203
傹	ㄐㄧㄥ	365
傺	ㄔ	475
傻	ㄕㄚ	7993
傼	ㄏㄢ	238
傽	ㄓㄤ	263
傾	ㄑㄧㄥ	2016
傿	ㄧㄢ	154
僀	ㄉㄧ	348
僁	ㄒㄧㄝ	235
僁	ㄙㄨ	235
僂	ㄌㄡ	268
僂	ㄌㄩ	268
僃	ㄅㄟ	304
僄	ㄆㄧㄠ	318
僅	ㄐㄧㄣ	7387
僆	ㄌㄧㄢ	353
僇	ㄌㄨ	398
僈	ㄇㄢ	412
僉	ㄑㄧㄢ	555
僊	ㄒㄧㄢ	3
僋	ㄊㄢ	395
僋	ㄌㄢ	395
僌	ㄧㄥ	310
働	ㄉㄨㄥ	503
僎	ㄓㄨㄢ	321
像	ㄒㄧㄤ	35573
僐	ㄕㄢ	412
僑	ㄑㄧㄠ	1072
僒	ㄐㄩㄥ	296
僓	ㄊㄨㄟ	245
僔	ㄗㄨㄣ	369
僕	ㄆㄨ	821
僖	ㄒㄧ	628
僗	ㄌㄠ	404
僘	ㄔㄤ	278
僙	ㄍㄨㄤ	287
僚	ㄌㄧㄠ	672
僛	ㄑㄧ	416
僜	ㄉㄥ	397
僜	ㄊㄥ	397
僜	ㄔㄥ	397
僝	ㄔㄢ	345
僞	ㄨㄟ	1735
僟	ㄐㄧ	482
僠	ㄅㄛ	290
僡	ㄏㄨㄟ	349
僢	ㄔㄨㄢ	354
僢	ㄔㄨㄣ	354
僣	ㄐㄧㄢ	29
僤	ㄉㄢ	500
僥	ㄐㄧㄠ	651
僦	ㄐㄧㄡ	736
僧	ㄙㄥ	1527
僨	ㄈㄣ	508
僩	ㄒㄧㄢ	385
僪	ㄐㄩ	331
僪	ㄩ	331
僫	ㄜ	407
僬	ㄐㄧㄠ	490
僭	ㄐㄧㄢ	583
僮	ㄊㄨㄥ	310
僮	ㄓㄨㄤ	310
僯	ㄌㄧㄣ	298
僰	ㄅㄛ	526
僱	ㄍㄨ	924
僳	ㄙㄨ	644
僴	ㄒㄧㄢ	336
僵	ㄐㄧㄤ	1022
僶	ㄇㄧㄣ	328
僷	ㄧㄝ	462
僸	ㄐㄧㄣ	445
價	ㄐㄧㄚ	6453
價	ㄐㄧㄝ	65
僺	ㄑㄧㄠ	306
僻	ㄆㄧ	653
僼	ㄈㄥ	291
僽	ㄓㄡ	387
僾	ㄞ	616
僿	ㄙㄞ	362
儀	ㄧ	2718
儁	ㄐㄩㄣ	3
儂	ㄋㄨㄥ	2673
儃	ㄔㄢ	372
億	ㄧ	9467
儅	ㄉㄤ	49
儆	ㄐㄧㄥ	620
儇	ㄒㄩㄢ	472
儈	ㄎㄨㄞ	587
儉	ㄐㄧㄢ	891
儊	ㄔㄨ	385
儋	ㄉㄢ	525
儌	ㄐㄧㄠ	351
儍	ㄕㄚ	631
儎	ㄗㄞ	372
儐	ㄅㄧㄣ	530
儑	ㄢ	330
儒	ㄖㄨ	1567
儓	ㄊㄞ	342
儔	ㄔㄡ	582
儕	ㄔㄞ	538
儖	ㄌㄢ	366
儗	ㄋㄧ	408
儘	ㄐㄧㄣ	986
儙	ㄑㄧㄢ	335
儚	ㄇㄥ	499
儛	ㄨ	540
儜	ㄋㄧㄥ	379
儝	ㄑㄩㄥ	191
儞	ㄋㄧ	443
償	ㄔㄤ	961
儠	ㄌㄚ	345
儠	ㄌㄧㄝ	345
儡	ㄌㄟ	469
儢	ㄌㄩ	269
儣	ㄎㄨㄤ	344
儤	ㄅㄠ	348
儥	ㄉㄧ	243
儥	ㄉㄨ	243
儥	ㄩ	243
儦	ㄅㄧㄠ	351
儧	ㄗㄢ	233
儨	ㄓ	344
儩	ㄙ	282
優	ㄧㄡ	2823
儫	ㄏㄠ	335
儬	ㄔㄣ	414
儭	ㄔㄣ	539
儮	ㄌㄧ	300
儯	ㄊㄥ	270
儰	ㄨㄟ	471
儱	ㄌㄨㄥ	442
儲	ㄔㄨ	1463
儳	ㄔㄢ	332
儴	ㄒㄧㄤ	453
儴	ㄖㄤ	453
儵	ㄕㄨ	435
儶	ㄏㄨㄟ	309
儶	ㄒㄧㄝ	309
儷	ㄌㄧ	735
儸	ㄌㄨㄛ	6
儹	ㄗㄢ	382
儺	ㄋㄨㄛ	642
儻	ㄊㄤ	534
儼	ㄧㄢ	632
儽	ㄌㄟ	394
儾	ㄋㄤ	224
儿	ㄖㄣ	495
儿	ㄦ	5
兀	ㄨ	814
允	ㄩㄣ	1195
兂	ㄗㄢ	550
元	ㄩㄢ	31862
兄	ㄒㄩㄥ	3493
充	ㄔㄨㄥ	3678
兆	ㄓㄠ	2294
兇	ㄒㄩㄥ	1917
先	ㄒㄧㄢ	85126
光	ㄍㄨㄤ	13217
兊	ㄉㄨㄟ	368
克	ㄎㄜ	7972
兌	ㄉㄨㄟ	1227
免	ㄇㄧㄢ	3671
兎	ㄊㄨ	568
兏	ㄔㄤ	284
児	ㄦ	633
兒	ㄦ	818
兒	ㄦ	15548
兓	ㄐㄧㄣ	285
兓	ㄗㄢ	285
兔	ㄊㄨ	2208
兕	ㄙ	536
兗	ㄧㄢ	573
兘	ㄕ	479
兙	ㄕ	288
党	ㄉㄤ	1047
兛	ㄑㄧㄢ	227
兜	ㄉㄡ	1492
兝	ㄈㄣ	277
兞	ㄇㄠ	238
兟	ㄕㄣ	390
兠	ㄉㄡ	511
兡	ㄅㄞ	313
兢	ㄐㄧㄥ	720
兣	ㄌㄧ	247
兤	ㄏㄨㄤ	252
入	ㄖㄨ	11468
兦	ㄨㄤ	405
內	ㄋㄟ	41913
全	ㄑㄩㄢ	26794
兩	ㄌㄧㄤ	17606
兪	ㄩ	350
八	ㄅㄚ	7591
公	ㄍㄨㄥ	5893
六	ㄌㄧㄡ	9029
兮	ㄒㄧ	1794
共	ㄍㄨㄥ	10856
兲	ㄊㄧㄢ	709
关	ㄒㄧㄠ	2
兵	ㄅㄧㄥ	5454
其	ㄑㄧ	59071
具	ㄐㄩ	3189
典	ㄉㄧㄢ	1569
兼	ㄐㄧㄢ	3852
兾	ㄐㄧ	220
冀	ㄐㄧ	1169
冂	ㄐㄩㄥ	648
冃	ㄇㄠ	409
冄	ㄖㄢ	563
円	ㄩㄢ	689
冇	ㄇㄠ	4150
冈	ㄨㄤ	100
冉	ㄖㄢ	1166
冊	ㄘㄜ	1963
冋	ㄐㄩㄥ	528
册	ㄓㄚ	310
册	ㄘㄜ	310
再	ㄗㄞ	121531
冎	ㄍㄨㄚ	401
冏	ㄐㄩㄥ	566
冐	ㄇㄠ	392
冑	ㄓㄡ	630
冒	ㄇㄠ	4098
冓	ㄍㄡ	338
冔	ㄒㄩ	272
冕	ㄇㄧㄢ	731
冖	ㄇㄧ	410
冗	ㄖㄨㄥ	600
冘	ㄧㄣ	417
冚	ㄎㄢ	121
冝	ㄧ	294
冞	ㄇㄧ	418
冟	ㄕ	300
冠	ㄍㄨㄢ	1119
冡	ㄇㄥ	314
冢	ㄓㄨㄥ	545
冣	ㄐㄩ	386
冤	ㄩㄢ	1174
冥	ㄇㄧㄥ	1193
冦	ㄎㄡ	395
冧	ㄌㄧㄣ	172
冨	ㄈㄨ	607
冩	ㄒㄧㄝ	584
冪	ㄇㄧ	724
冫	ㄅㄧㄥ	476
冬	ㄉㄨㄥ	2791
冭	ㄊㄞ	623
冰	ㄅㄧㄥ	5684
冱	ㄏㄨ	412
冲	ㄔㄨㄥ	510
决	ㄐㄩㄝ	100
冴	ㄏㄨ	465
况	ㄎㄨㄤ	600
冶	ㄧㄝ	1040
冷	ㄌㄥ	7003
冸	ㄆㄢ	274
冹	ㄈㄨ	322
冺	ㄇㄧㄣ	298
冼	ㄒㄧㄢ	810
冽	ㄌㄧㄝ	642
冾	ㄑㄧㄚ	376
冿	ㄐㄧㄢ	395
凁	ㄕㄨ	187
凂	ㄇㄟ	334
凃	ㄊㄨ	470
凄	ㄑㄧ	200
凅	ㄍㄨ	2
准	ㄓㄨㄣ	1723
凇	ㄙㄨㄥ	610
凈	ㄐㄧㄥ	660
凈	ㄔㄥ	660
凉	ㄌㄧㄤ	100
凊	ㄐㄧㄥ	596
凋	ㄉㄧㄠ	859
凌	ㄌㄧㄥ	2165
凍	ㄉㄨㄥ	1740
凎	ㄍㄢ	273
减	ㄐㄧㄢ	80
凐	ㄧㄣ	303
凑	ㄘㄡ	90
凒	ㄧ	240
凓	ㄌㄧ	272
凔	ㄘㄤ	325
凕	ㄇㄧㄥ	315
凖	ㄓㄨㄣ	470
凗	ㄘㄨㄟ	317
凘	ㄙ	415
凚	ㄐㄧㄣ	319
凛	ㄌㄧㄣ	80
凜	ㄌㄧㄣ	785
凝	ㄋㄧㄥ	1800
凞	ㄒㄧ	361
凟	ㄉㄨ	260
几	ㄐㄧ	1377
凡	ㄈㄢ	5346
凢	ㄈㄢ	457
凣	ㄈㄢ	476
凥	ㄐㄩ	267
処	ㄔㄨ	612
凧	ㄓㄥ	401
凨	ㄈㄥ	445
凩	ㄇㄨ	283
凪	ㄓ	517
凬	ㄈㄥ	352
凭	ㄆㄧㄥ	500
凮	ㄈㄥ	422
凰	ㄏㄨㄤ	786
凱	ㄎㄞ	2785
凲	ㄍㄢ	269
凳	ㄉㄥ	837
凴	ㄆㄧㄥ	479
凵	ㄑㄩ	534
凶	ㄒㄩㄥ	1064
凷	ㄎㄨㄞ	323
凸	ㄊㄨ	1284
凹	ㄠ	1237
出	ㄔㄨ	55335
凼	ㄉㄤ	632
函	ㄏㄢ	1699
凾	ㄏㄢ	313
刀	ㄉㄠ	6269
刁	ㄉㄧㄠ	1050
刂	ㄉㄠ	724
刃	ㄖㄣ	1304
刄	ㄖㄣ	441
刅	ㄔㄨㄤ	417
分	ㄈㄣ	2974
分	ㄈㄣ	26764
切	ㄑㄧㄝ	3156
切	ㄑㄧㄝ	7364
刈	ㄧ	657
刉	ㄐㄧ	218
刊	ㄎㄢ	1264
刋	ㄑㄧㄢ	379
刌	ㄘㄨㄣ	268
刎	ㄨㄣ	528
刏	ㄐㄧ	228
刐	ㄉㄢ	270
刑	ㄒㄧㄥ	1561
划	ㄏㄨㄚ	457
刓	ㄨㄢ	345
刔	ㄐㄩㄝ	284
刕	ㄌㄧ	343
刖	ㄩㄝ	563
列	ㄌㄧㄝ	7106
刜	ㄈㄨ	253
初	ㄔㄨ	5642
刞	ㄑㄩ	229
刟	ㄐㄩ	188
删	ㄕㄢ	100
刡	ㄇㄧㄣ	236
刢	ㄌㄧㄥ	267
刣	ㄓㄨㄥ	263
判	ㄆㄢ	1948
別	ㄅㄧㄝ	48768
刦	ㄐㄧㄝ	266
刧	ㄐㄧㄝ	342
刨	ㄅㄠ	501
刨	ㄆㄠ	501
利	ㄌㄧ	5815
刪	ㄕㄢ	5161
刮	ㄍㄨㄚ	1975
刯	ㄍㄥ	220
到	ㄉㄠ	297457
刱	ㄔㄨㄤ	242
刲	ㄎㄨㄟ	348
刳	ㄎㄨ	478
刴	ㄉㄨㄛ	295
刵	ㄦ	294
制	ㄓ	2420
刷	ㄕㄨㄚ	1512
刷	ㄕㄨㄚ	13608
券	ㄑㄩㄢ	1818
刺	ㄘ	112
刺	ㄘ	2126
刻	ㄎㄜ	3229
刼	ㄐㄧㄝ	334
剁	ㄉㄨㄛ	920
剃	ㄊㄧ	938
剄	ㄐㄧㄥ	459
剅	ㄉㄡ	389
剅	ㄌㄡ	389
剆	ㄌㄨㄛ	225
則	ㄗㄜ	29355
剈	ㄩㄢ	192
剉	ㄘㄨㄛ	6
削	ㄒㄧㄠ	619
削	ㄒㄩㄝ	619
剋	ㄎㄜ	649
剋	ㄎㄟ	649
剌	ㄌㄚ	394
前	ㄑㄧㄢ	47701
剎	ㄔㄚ	489
剎	ㄕㄚ	489
剏	ㄔㄨㄤ	253
剒	ㄘㄨㄛ	287
剓	ㄌㄧ	304
剔	ㄊㄧ	753
剕	ㄈㄟ	317
剖	ㄆㄡ	938
剗	ㄔㄢ	395
剘	ㄑㄧ	505
剙	ㄔㄨㄤ	254
剚	ㄗ	298
剛	ㄍㄤ	34235
剜	ㄨㄢ	643
剝	ㄅㄛ	1179
剝	ㄅㄠ	62
剞	ㄐㄧ	482
剟	ㄉㄨㄛ	408
剠	ㄌㄩㄝ	266
剠	ㄑㄧㄥ	266
剡	ㄕㄢ	283
剡	ㄧㄢ	283
剢	ㄉㄨ	256
剢	ㄓㄨㄛ	256
剣	ㄐㄧㄢ	537
剤	ㄐㄧ	486
剨	ㄏㄨㄛ	315
剩	ㄕㄥ	2427
剪	ㄐㄧㄢ	2503
剫	ㄉㄨ	358
剫	ㄉㄨㄛ	358
剬	ㄉㄨㄢ	268
剬	ㄊㄨㄢ	268
剬	ㄓ	268
剭	ㄨ	295
剮	ㄍㄨㄚ	687
副	ㄈㄨ	17939
剰	ㄕㄥ	479
剱	ㄐㄧㄢ	296
割	ㄍㄜ	2297
剳	ㄉㄚ	370
剳	ㄓㄚ	370
剴	ㄎㄞ	503
創	ㄔㄨㄤ	358
創	ㄔㄨㄤ	3218
剶	ㄔㄨㄢ	231
剷	ㄔㄢ	875
剸	ㄊㄨㄢ	304
剹	ㄌㄨ	253
剹	ㄐㄧㄡ	253
剺	ㄌㄧ	279
剻	ㄆㄥ	269
剼	ㄕㄢ	350
剽	ㄆㄧㄠ	525
剾	ㄎㄡ	235
剿	ㄐㄧㄠ	344
剿	ㄔㄠ	344
劀	ㄍㄨㄚ	319
劁	ㄑㄧㄠ	393
劂	ㄐㄩㄝ	436
劃	ㄏㄨㄚ	47
劃	ㄏㄨㄚ	897
劄	ㄓㄚ	4
劅	ㄓㄨㄛ	418
劆	ㄌㄧㄢ	248
劇	ㄐㄩ	3185
劈	ㄆㄧ	120
劈	ㄆㄧ	1083
劉	ㄌㄧㄡ	12412
劊	ㄍㄨㄟ	445
劋	ㄐㄧㄠ	296
劋	ㄔㄠ	296
劌	ㄍㄨㄟ	526
劍	ㄐㄧㄢ	6433
劎	ㄐㄧㄢ	270
劐	ㄏㄨㄚ	378
劐	ㄏㄨㄛ	378
劑	ㄐㄧ	2593
劒	ㄐㄧㄢ	436
劓	ㄧ	442
劔	ㄐㄧㄢ	331
劕	ㄓ	249
劖	ㄔㄢ	255
劗	ㄐㄧㄢ	266
劗	ㄗㄨㄢ	266
劘	ㄇㄛ	306
劙	ㄌㄧ	341
力	ㄌㄧ	9926
劜	ㄧㄚ	345
功	ㄍㄨㄥ	2912
加	ㄐㄧㄚ	44999
劣	ㄌㄧㄝ	965
劤	ㄐㄧㄣ	265
劥	ㄎㄥ	366
劦	ㄒㄧㄝ	502
劧	ㄓ	386
助	ㄓㄨ	2407
努	ㄋㄨ	1067
劫	ㄐㄧㄝ	1521
劬	ㄑㄩ	565
劭	ㄕㄠ	614
劮	ㄧ	355
劯	ㄓㄨ	286
劰	ㄇㄛ	229
労	ㄌㄠ	477
劵	ㄑㄩㄢ	636
劶	ㄎㄡ	196
劷	ㄧㄤ	227
劸	ㄨㄚ	262
効	ㄒㄧㄠ	511
劺	ㄇㄡ	202
劻	ㄎㄨㄤ	438
劼	ㄐㄧㄝ	546
劽	ㄌㄧㄝ	267
劾	ㄏㄜ	590
勀	ㄎㄜ	324
勁	ㄐㄧㄣ	1795
勁	ㄐㄧㄥ	1795
勂	ㄍㄠ	283
勃	ㄅㄛ	1005
勄	ㄇㄧㄣ	414
勅	ㄔ	433
勆	ㄌㄤ	226
勇	ㄩㄥ	2750
勈	ㄩㄥ	224
勉	ㄇㄧㄢ	806
勊	ㄎㄜ	309
勌	ㄐㄩㄢ	270
勍	ㄑㄧㄥ	469
勎	ㄌㄨ	192
勏	ㄅㄨ	282
勐	ㄇㄥ	681
勑	ㄌㄞ	326
勑	ㄔ	326
勒	ㄌㄜ	3534
勒	ㄌㄟ	393
勓	ㄎㄞ	231
勔	ㄇㄧㄢ	387
動	ㄉㄨㄥ	10386
勖	ㄒㄩ	594
勗	ㄒㄩ	369
勘	ㄎㄢ	789
務	ㄨ	1659
勛	ㄒㄩㄣ	716
勜	ㄧㄤ	202
勜	ㄨㄥ	202
勝	ㄕㄥ	4521
勞	ㄌㄠ	1896
募	ㄇㄨ	995
勠	ㄌㄨ	274
勡	ㄆㄧㄠ	201
勢	ㄕ	1921
勣	ㄐㄧ	16
勤	ㄑㄧㄣ	2176
勥	ㄐㄧㄤ	438
勥	ㄑㄧㄤ	438
勦	ㄐㄧㄠ	1
勦	ㄔㄠ	1
勧	ㄑㄩㄢ	377
勨	ㄒㄧㄤ	359
勩	ㄧ	292
勪	ㄐㄩㄝ	459
勫	ㄈㄢ	574
勬	ㄐㄩㄢ	495
勭	ㄉㄨㄥ	479
勭	ㄊㄨㄥ	479
勮	ㄐㄩ	484
勯	ㄉㄢ	465
勰	ㄒㄧㄝ	587
勱	ㄇㄞ	617
勲	ㄒㄩㄣ	435
勳	ㄒㄩㄣ	1120
勴	ㄌㄩ	339
勵	ㄌㄧ	911
勶	ㄔㄜ	358
勷	ㄖㄤ	330
勸	ㄑㄩㄢ	2932
勹	ㄅㄠ	492
勺	ㄕㄠ	1162
勻	ㄩㄣ	1053
勼	ㄐㄧㄡ	536
勽	ㄅㄠ	267
勾	ㄍㄡ	205
勾	ㄍㄡ	1841
勿	ㄨ	1974
匁	ㄨㄣ	304
匂	ㄒㄩㄥ	420
匃	ㄍㄞ	247
匄	ㄍㄞ	390
包	ㄅㄠ	16275
匆	ㄘㄨㄥ	671
匇	ㄘㄨㄥ	218
匈	ㄒㄩㄥ	626
匉	ㄆㄥ	229
匊	ㄐㄩ	353
匋	ㄊㄠ	4
匌	ㄍㄜ	281
匍	ㄆㄨ	480
匎	ㄜ	214
匏	ㄆㄠ	558
匐	ㄈㄨ	499
匑	ㄍㄨㄥ	238
匒	ㄉㄚ	265
匓	ㄐㄧㄡ	253
匔	ㄑㄩㄥ	192
匕	ㄅㄧ	667
化	ㄏㄨㄚ	128
化	ㄏㄨㄚ	12697
北	ㄅㄟ	7350
匘	ㄋㄠ	254
匙	ㄔ	860
匚	ㄈㄤ	566
匛	ㄐㄧㄡ	451
匜	ㄧ	457
匝	ㄗㄚ	758
匞	ㄐㄧㄤ	234
匟	ㄎㄤ	253
匠	ㄐㄧㄤ	957
匡	ㄎㄨㄤ	994
匢	ㄏㄨ	352
匣	ㄒㄧㄚ	837
匤	ㄑㄩ	265
匥	ㄅㄧㄢ	205
匧	ㄑㄧㄝ	230
匨	ㄗㄤ	344
匨	ㄘㄤ	344
匩	ㄎㄨㄤ	202
匪	ㄈㄟ	1115
匫	ㄏㄨ	276
匬	ㄩ	335
匭	ㄍㄨㄟ	616
匯	ㄏㄨㄟ	2447
匰	ㄉㄢ	422
匱	ㄍㄨㄟ	301
匱	ㄎㄨㄟ	301
匲	ㄌㄧㄢ	238
匳	ㄌㄧㄢ	296
匴	ㄙㄨㄢ	539
匵	ㄉㄨ	246
匶	ㄐㄧㄡ	338
匷	ㄐㄩㄝ	229
匸	ㄒㄧ	438
匹	ㄆㄧ	579
医	ㄧ	100
匼	ㄎㄜ	436
匼	ㄜ	436
匼	ㄢ	436
匽	ㄧㄢ	352
匾	ㄅㄧㄢ	763
匿	ㄋㄧ	753
區	ㄑㄩ	26394
十	ㄕ	6899
卂	ㄒㄩㄣ	351
千	ㄑㄧㄢ	6088
卄	ㄋㄧㄢ	72
卅	ㄙㄚ	723
卆	ㄗㄨ	457
升	ㄕㄥ	2921
午	ㄨ	1555
卉	ㄏㄨㄟ	850
半	ㄅㄢ	14082
卋	ㄕ	559
卌	ㄒㄧ	516
卍	ㄨㄢ	644
卐	ㄨㄢ	630
卑	ㄅㄟ	1164
卒	ㄗㄨ	1078
卓	ㄓㄨㄛ	2133
協	ㄒㄧㄝ	1682
南	ㄋㄢ	8232
単	ㄉㄢ	565
卙	ㄐㄧ	381
卙	ㄔ	381
博	ㄅㄛ	5881
卛	ㄌㄩ	168
卛	ㄕㄨㄞ	168
卜	ㄅㄛ	59
卜	ㄅㄨ	1127
卝	ㄍㄨㄢ	141
卝	ㄍㄨㄥ	141
卝	ㄎㄨㄤ	141
卞	ㄅㄧㄢ	932
卟	ㄅㄨ	857
占	ㄓㄢ	674
卡	ㄎㄚ	28558
卡	ㄑㄧㄚ	3173
卣	ㄧㄡ	573
卦	ㄍㄨㄚ	1355
卨	ㄒㄧㄝ	350
卩	ㄐㄧㄝ	597
卪	ㄐㄧㄝ	374
卬	ㄤ	31
卭	ㄑㄩㄥ	250
卮	ㄓ	616
卯	ㄇㄠ	859
印	ㄧㄣ	3957
危	ㄨㄟ	1226
卲	ㄕㄠ	514
即	ㄐㄧ	18246
却	ㄑㄩㄝ	100
卵	ㄌㄨㄢ	1544
卶	ㄔ	297
卷	ㄐㄩㄢ	1437
卸	ㄒㄧㄝ	1233
卹	ㄒㄩ	729
卺	ㄐㄧㄣ	100
卻	ㄑㄩㄝ	44530
卼	ㄨ	292
卽	ㄐㄧ	4
卾	ㄜ	264
卿	ㄑㄧㄥ	1701
厀	ㄒㄧ	248
厂	ㄏㄢ	728
厃	ㄧㄢ	365
厃	ㄨㄟ	365
厄	ㄜ	2966
厇	ㄓㄜ	253
厇	ㄓㄞ	253
厈	ㄏㄢ	286
厈	ㄢ	286
厊	ㄧㄚ	454
厎	ㄓ	496
厏	ㄓㄚ	251
厏	ㄓㄞ	251
厒	ㄏㄜ	250
厓	ㄧㄚ	469
厓	ㄧㄞ	469
厔	ㄓ	429
厖	ㄆㄤ	436
厗	ㄊㄧ	387
厘	ㄌㄧ	822
厙	ㄕㄜ	653
厚	ㄏㄡ	3898
厜	ㄗㄨㄟ	435
厝	ㄘㄨㄛ	715
厞	ㄈㄟ	360
原	ㄩㄢ	12104
厠	ㄘㄜ	50
厡	ㄩㄢ	517
厢	ㄒㄧㄤ	50
厤	ㄌㄧ	374
厥	ㄐㄩㄝ	784
厦	ㄕㄚ	70
厧	ㄉㄧㄢ	286
厨	ㄔㄨ	80
厩	ㄐㄧㄡ	90
厪	ㄐㄧㄣ	132
厪	ㄑㄧㄣ	132
厫	ㄠ	298
厬	ㄍㄨㄟ	271
厭	ㄧㄢ	1075
厮	ㄙ	70
厯	ㄌㄧ	274
厰	ㄔㄤ	426
厱	ㄌㄢ	276
厱	ㄑㄧㄢ	276
厲	ㄌㄧ	1269
厳	ㄧㄢ	445
厴	ㄧㄢ	598
厶	ㄇㄡ	652
厶	ㄙ	652
厷	ㄍㄨㄥ	637
厷	ㄏㄨㄥ	637
厸	ㄇㄧㄢ	477
厸	ㄌㄧㄣ	477
厹	ㄑㄧㄡ	211
厹	ㄖㄡ	211
厺	ㄑㄩ	448
去	ㄑㄩ	331354
厼	ㄦ	551
厽	ㄌㄟ	335
厾	ㄉㄨ	563
叀	ㄏㄨㄟ	371
叀	ㄓㄨㄢ	371
參	ㄕㄣ	17
參	ㄘㄢ	1640
參	ㄙㄢ	69
叄	ㄙㄢ	1170
叅	ㄘㄢ	369
又	ㄧㄡ	133689
叉	ㄔㄚ	79
叉	ㄔㄚ	1415
及	ㄐㄧ	78069
友	ㄧㄡ	4917
反	ㄈㄢ	7834
収	ㄕㄡ	647
叏	ㄍㄨㄞ	456
叐	ㄅㄚ	495
叒	ㄖㄨㄛ	540
叓	ㄌㄧ	349
叓	ㄕ	349
叔	ㄕㄨ	1935
叕	ㄌㄧ	491
叕	ㄐㄩㄝ	491
叕	ㄓㄨㄛ	491
叕	ㄧ	491
取	ㄑㄩ	16711
受	ㄕㄡ	16288
叙	ㄒㄩ	130
叚	ㄐㄧㄚ	526
叛	ㄆㄢ	792
叜	ㄙㄡ	263
叝	ㄍㄠ	224
叞	ㄨㄟ	344
叟	ㄙㄡ	738
叠	ㄉㄧㄝ	40
叡	ㄖㄨㄟ	77
叢	ㄘㄨㄥ	1297
口	ㄎㄡ	9737
古	ㄍㄨ	5275
句	ㄐㄩ	4902
另	ㄌㄧㄥ	11734
叧	ㄍㄨㄚ	463
叨	ㄉㄠ	695
叩	ㄎㄡ	871
只	ㄓ	33
只	ㄓ	33360
叫	ㄐㄧㄠ	56532
召	ㄓㄠ	1381
叭	ㄅㄚ	771
叮	ㄉㄧㄥ	988
可	ㄎㄜ	69815
台	ㄊㄞ	1121
台	ㄙ	37
台	ㄧ	1457
叱	ㄔ	697
史	ㄕ	4520
右	ㄧㄡ	4465
叴	ㄑㄧㄡ	346
叵	ㄆㄛ	625
叶	ㄒㄧㄝ	493
号	ㄏㄠ	252
号	ㄒㄧㄠ	252
司	ㄙ	3811
叹	ㄧ	100
叹	ㄧㄡ	100
叺	ㄔ	557
叻	ㄌㄜ	1562
叼	ㄉㄧㄠ	2570
叽	ㄐㄧ	1
叽	ㄐㄧㄠ	1
叾	ㄌㄧㄠ	31
叿	ㄏㄨㄥ	433
吀	ㄇㄧㄝ	370
吁	ㄒㄩ	430
吁	ㄚ	24
吁	ㄩ	5
吁	ㄩ	19
吂	ㄇㄤ	471
吃	ㄐㄧ	805
吃	ㄔ	805
各	ㄍㄜ	29921
吅	ㄒㄩㄢ	222
吅	ㄙㄨㄥ	222
吆	ㄧㄠ	687
吇	ㄐㄧ	581
吇	ㄗ	581
合	ㄏㄜ	6813
吉	ㄐㄧ	3356
吊	ㄉㄧㄠ	2445
吋	ㄘㄨㄣ	777
同	ㄊㄨㄥ	24908
名	ㄇㄧㄥ	22727
后	ㄏㄡ	3746
吏	ㄌㄧ	940
吐	ㄊㄨ	723
吐	ㄊㄨ	2891
向	ㄒㄧㄤ	52646
吒	ㄓㄚ	287
吓	ㄏㄚ	30
吓	ㄒㄧㄚ	30
吔	ㄧㄝ	645
吕	ㄌㄩ	100
吖	ㄚ	4107
吘	ㄡ	387
吙	ㄏㄨㄛ	508
吚	ㄒㄧ	462
吚	ㄧ	462
君	ㄐㄩㄣ	5859
吜	ㄔㄡ	429
吝	ㄌㄧㄣ	685
吞	ㄊㄨㄣ	1503
吟	ㄧㄣ	1460
吠	ㄈㄟ	726
吡	ㄅㄧ	732
吢	ㄑㄧㄣ	641
吤	ㄍㄜ	392
吤	ㄐㄧㄝ	392
吤	ㄒㄧㄝ	392
吥	ㄅㄨ	865
吥	ㄆㄡ	865
否	ㄆㄧ	235
否	ㄈㄡ	4472
吧	ㄅㄚ	192777
吨	ㄉㄨㄣ	100
吨	ㄊㄨㄣ	100
吩	ㄈㄣ	576
吪	ㄜ	408
含	ㄏㄢ	6090
听	ㄊㄧㄥ	2
听	ㄧ	2
听	ㄧㄣ	196
吭	ㄎㄥ	392
吭	ㄏㄤ	392
吮	ㄕㄨㄣ	729
启	ㄑㄧ	800
吰	ㄏㄨㄥ	369
吱	ㄓ	390
吱	ㄗ	390
吲	ㄧㄣ	528
吳	ㄨ	8187
吵	ㄔㄠ	3348
吶	ㄋㄚ	1409
吷	ㄐㄩㄝ	424
吷	ㄒㄩㄝ	424
吷	ㄔㄨㄛ	424
吸	ㄒㄧ	2899
吹	ㄔㄨㄟ	5974
吺	ㄉㄡ	390
吺	ㄖㄨ	390
吻	ㄨㄣ	2640
吼	ㄏㄡ	2142
吽	ㄏㄡ	285
吽	ㄏㄨㄥ	285
吾	ㄨ	5767
吿	ㄍㄠ	491
呀	ㄧㄚ	79996
呁	ㄐㄩㄣ	292
呂	ㄌㄩ	3043
呃	ㄜ	7963
呄	ㄍㄜ	316
呅	ㄇㄟ	453
呅	ㄨㄣ	453
呆	ㄉㄞ	4557
呇	ㄑㄧ	307
呈	ㄔㄥ	4380
呉	ㄨ	544
告	ㄍㄠ	3325
呋	ㄈㄨ	610
呌	ㄐㄧㄠ	339
呍	ㄏㄨㄥ	373
呎	ㄔ	601
呏	ㄕㄥ	339
呑	ㄊㄨㄣ	459
呒	ㄈㄨ	1
呔	ㄊㄞ	612
呚	ㄑㄧ	274
呝	ㄜ	238
呞	ㄕ	353
呟	ㄐㄩㄢ	313
呠	ㄆㄣ	310
呡	ㄨㄣ	402
呢	ㄋㄜ	80978
呢	ㄋㄧ	80978
呣	ㄇㄨ	234
呤	ㄌㄧㄥ	718
呥	ㄖㄢ	322
呦	ㄧㄡ	1080
呧	ㄉㄧ	358
周	ㄓㄡ	10785
呩	ㄕ	431
呪	ㄓㄡ	485
呫	ㄊㄧㄝ	206
呫	ㄓㄢ	206
呬	ㄒㄧ	484
呭	ㄧ	486
呮	ㄑㄧ	609
呮	ㄓ	609
呯	ㄆㄧㄥ	554
呰	ㄗ	497
呱	ㄍㄨ	841
呲	ㄗ	677
味	ㄨㄟ	3956
呴	ㄒㄩ	507
呵	ㄏㄜ	4285
呵	ㄚ	226
呶	ㄋㄠ	596
呷	ㄒㄧㄚ	707
呸	ㄆㄟ	1033
呹	ㄔ	317
呹	ㄧ	317
呺	ㄒㄧㄠ	502
呻	ㄕㄣ	555
呼	ㄏㄨ	2706
命	ㄇㄧㄥ	5746
呾	ㄉㄚ	392
呾	ㄉㄢ	392
呾	ㄊㄚ	392
呾	ㄧㄚ	392
呿	ㄑㄩ	633
咀	ㄐㄩ	794
咁	ㄍㄢ	5982
咂	ㄗㄚ	731
咃	ㄊㄨㄛ	547
咄	ㄉㄨㄛ	556
咅	ㄆㄡ	282
咆	ㄆㄠ	545
咇	ㄅㄧ	375
咈	ㄈㄨ	340
咉	ㄧㄤ	286
咊	ㄏㄜ	442
咋	ㄓㄚ	524
咋	ㄗㄚ	12435
咋	ㄗㄜ	131
和	ㄏㄜ	19951
和	ㄏㄜ	598528
和	ㄏㄢ	465522
和	ㄏㄨ	6650
和	ㄏㄨㄛ	19951
咍	ㄏㄞ	366
咎	ㄐㄧㄡ	739
咏	ㄩㄥ	100
咐	ㄈㄨ	543
咑	ㄉㄚ	572
咒	ㄓㄡ	1374
咓	ㄨㄚ	386
咔	ㄎㄚ	856
咕	ㄍㄨ	729
咖	ㄍㄚ	795
咖	ㄎㄚ	237
咖	ㄐㄧㄚ	558
咗	ㄗㄨㄛ	1530
咘	ㄅㄨ	513
咚	ㄉㄨㄥ	805
咜	ㄊㄨㄛ	570
咞	ㄒㄧㄢ	239
咟	ㄏㄨㄛ	403
咠	ㄑㄧ	264
咡	ㄦ	425
咢	ㄜ	345
咣	ㄍㄨㄤ	659
咤	ㄓㄚ	100
咥	ㄉㄧㄝ	216
咥	ㄒㄧ	216
咦	ㄧ	1237
咧	ㄌㄧㄝ	2115
咨	ㄗ	577
咩	ㄇㄧㄝ	8995
咪	ㄇㄧ	2141
咫	ㄓ	620
咬	ㄧㄠ	4350
咭	ㄐㄧ	592
咭	ㄑㄧㄚ	592
咭	ㄒㄧ	592
咮	ㄓㄡ	395
咯	ㄌㄛ	26744
咯	ㄌㄨㄛ	1486
咯	ㄍㄜ	1486
咰	ㄒㄩㄣ	302
咰	ㄕㄨ	302
咱	ㄗㄚ	316
咱	ㄗㄢ	6005
咲	ㄒㄧㄠ	630
咳	ㄎㄜ	2085
咳	ㄏㄞ	110
咴	ㄏㄞ	566
咴	ㄏㄨㄟ	566
咵	ㄎㄨㄚ	423
咶	ㄍㄨㄚ	328
咶	ㄍㄨㄛ	328
咶	ㄏㄨㄚ	328
咶	ㄏㄨㄞ	328
咶	ㄕ	328
咷	ㄊㄠ	1
咸	ㄒㄧㄢ	1033
咹	ㄜ	503
咹	ㄢ	503
咺	ㄒㄩㄢ	336
咻	ㄒㄧㄡ	622
咼	ㄍㄨㄛ	564
咽	ㄧㄝ	452
咽	ㄧㄢ	452
咾	ㄌㄠ	568
咿	ㄧ	693
哀	ㄞ	1290
品	ㄆㄧㄣ	5638
哂	ㄕㄣ	641
哃	ㄊㄨㄥ	570
哄	ㄏㄨㄥ	1036
哅	ㄏㄨㄥ	265
哅	ㄒㄩㄥ	265
哆	ㄉㄨㄛ	900
哇	ㄨㄚ	16583
哈	ㄏㄚ	2177
哈	ㄏㄚ	52240
哉	ㄗㄞ	1435
哊	ㄧㄡ	601
哋	ㄉㄧ	780
哌	ㄆㄞ	759
哎	ㄞ	18219
哏	ㄍㄣ	327
哏	ㄏㄣ	327
哐	ㄎㄨㄤ	629
哖	ㄋㄧㄢ	625
哘	ㄒㄧㄥ	482
哚	ㄉㄨㄛ	556
哞	ㄇㄡ	577
哠	ㄏㄠ	472
員	ㄩㄢ	4988
哢	ㄌㄨㄥ	446
哣	ㄆㄡ	354
哤	ㄇㄤ	275
哥	ㄍㄜ	10243
哦	ㄛ	7263
哦	ㄜ	7263
哧	ㄔ	628
哨	ㄕㄠ	930
哩	ㄌㄧ	125
哩	ㄌㄧ	2250
哪	ㄋㄚ	2979
哪	ㄋㄚ	29793
哪	ㄋㄟ	331
哫	ㄗㄨ	486
哬	ㄏㄜ	542
哭	ㄎㄨ	9948
哮	ㄒㄧㄠ	638
哯	ㄒㄧㄢ	537
哰	ㄌㄠ	350
哱	ㄅㄛ	322
哲	ㄓㄜ	1961
哳	ㄓㄚ	325
哴	ㄌㄤ	417
哴	ㄌㄧㄤ	417
哵	ㄅㄚ	313
哶	ㄇㄧㄝ	490
哷	ㄌㄧㄝ	305
哷	ㄌㄩ	305
哸	ㄙㄨㄟ	222
哹	ㄈㄨ	253
哺	ㄅㄨ	697
哻	ㄏㄢ	281
哼	ㄏㄥ	4893
哽	ㄍㄥ	649
哾	ㄕㄨㄛ	441
哾	ㄩㄝ	441
哿	ㄍㄜ	524
唀	ㄧㄡ	275
唁	ㄧㄢ	554
唂	ㄍㄨ	360
唃	ㄍㄨ	350
唄	ㄅㄞ	2039
唄	ㄅㄟ	2039
唅	ㄏㄢ	379
唆	ㄙㄨㄛ	946
唇	ㄓㄣ	240
唇	ㄓㄣ	300
唇	ㄔㄨㄣ	60
唈	ㄧ	248
唉	ㄞ	14069
唊	ㄐㄧㄚ	348
唊	ㄑㄧㄢ	348
唋	ㄊㄨ	238
唌	ㄉㄢ	305
唌	ㄒㄧㄢ	305
唌	ㄧㄢ	305
唍	ㄨㄢ	526
唎	ㄌㄧ	277
唏	ㄒㄧ	624
唐	ㄊㄤ	5379
唑	ㄗㄨㄛ	877
唒	ㄑㄧㄡ	269
唓	ㄔㄜ	471
唔	ㄨ	13475
唕	ㄗㄠ	370
唖	ㄧㄚ	480
唗	ㄉㄡ	324
唘	ㄑㄧ	224
唙	ㄉㄧ	273
唚	ㄑㄧㄣ	592
唞	ㄉㄡ	405
唣	ㄗㄠ	323
唥	ㄌㄥ	38
唦	ㄕㄚ	513
唧	ㄐㄧ	708
唩	ㄨㄛ	408
唩	ㄨㄟ	408
唪	ㄈㄥ	406
唫	ㄐㄧㄣ	487
唫	ㄧㄣ	487
唬	ㄏㄨ	774
唭	ㄑㄧ	462
售	ㄕㄡ	2228
唯	ㄨㄟ	2608
唰	ㄕㄨㄚ	677
唱	ㄔㄤ	8606
唲	ㄦ	571
唳	ㄌㄧ	609
唴	ㄑㄧㄤ	451
唵	ㄢ	576
唶	ㄐㄧㄝ	392
唷	ㄧㄛ	880
唸	ㄉㄧㄢ	30
唸	ㄋㄧㄢ	2995
唹	ㄩ	371
唺	ㄊㄧㄢ	267
唻	ㄌㄞ	625
唼	ㄕㄚ	414
唽	ㄒㄧ	383
唾	ㄊㄨㄛ	625
唿	ㄏㄨ	509
啀	ㄞ	399
啀	ㄧㄞ	399
啁	ㄓㄡ	464
啂	ㄋㄡ	302
啃	ㄎㄣ	1833
啄	ㄓㄨㄛ	790
啅	ㄓㄠ	330
商	ㄕㄤ	6594
啇	ㄉㄧ	465
啇	ㄓㄞ	465
啇	ㄕ	465
啈	ㄏㄥ	518
啈	ㄗㄚ	518
啈	ㄜ	518
啉	ㄌㄧㄣ	687
啊	ㄚ	8466
啊	ㄚ	50797
啋	ㄒㄧㄠ	441
啋	ㄘㄞ	441
啌	ㄑㄧㄤ	411
啌	ㄒㄧㄤ	411
啍	ㄊㄨㄣ	420
啎	ㄨ	416
問	ㄨㄣ	50737
啐	ㄘㄨㄟ	641
啑	ㄉㄧㄝ	319
啑	ㄊㄧ	319
啑	ㄐㄧㄝ	319
啑	ㄕㄚ	319
啑	ㄗㄚ	319
啒	ㄍㄨ	281
啓	ㄑㄧ	2141
啔	ㄑㄧ	308
啕	ㄊㄠ	422
啖	ㄉㄢ	734
啗	ㄉㄢ	5
啘	ㄧㄝ	382
啘	ㄨㄚ	382
啘	ㄩㄝ	382
啙	ㄗ	398
啙	ㄘ	398
啚	ㄅㄧ	318
啚	ㄊㄨ	318
啛	ㄘㄨㄟ	327
啜	ㄔㄨㄛ	719
啝	ㄏㄜ	596
啞	ㄧㄚ	542
啟	ㄑㄧ	800
啠	ㄓㄜ	320
啡	ㄈㄟ	702
啢	ㄌㄧㄤ	402
啣	ㄒㄧㄢ	2
啤	ㄆㄧ	791
啥	ㄕㄚ	41314
啦	ㄌㄚ	30991
啦	ㄌㄚ	72314
啨	ㄑㄧㄥ	455
啨	ㄧㄥ	455
啩	ㄍㄨㄚ	64
啪	ㄆㄚ	903
啪	ㄆㄧㄚ	903
啫	ㄓㄜ	613
啱	ㄧㄢ	654
啲	ㄉㄧ	773
啵	ㄅㄛ	743
啶	ㄉㄧㄥ	663
啷	ㄌㄤ	636
啹	ㄐㄩ	60
啺	ㄊㄤ	325
啻	ㄔ	614
啼	ㄊㄧ	907
啽	ㄢ	259
啾	ㄐㄧㄡ	612
啿	ㄉㄢ	342
喀	ㄎㄚ	936
喁	ㄩㄥ	477
喂	ㄨㄟ	3674
喃	ㄋㄢ	2122
善	ㄕㄢ	3484
喅	ㄩ	390
喆	ㄓㄜ	773
喇	ㄌㄚ	1454
喈	ㄐㄧㄝ	667
喉	ㄏㄡ	1225
喊	ㄏㄢ	7960
喋	ㄉㄧㄝ	584
喌	ㄓㄡ	439
喍	ㄔㄞ	387
喎	ㄨㄞ	58
喏	ㄖㄜ	812
喐	ㄩ	473
喑	ㄧㄣ	591
喒	ㄗㄢ	396
喓	ㄧㄠ	644
喔	ㄛ	3126
喔	ㄨㄛ	3126
喕	ㄇㄧㄢ	471
喖	ㄏㄨ	348
喗	ㄩㄣ	278
喘	ㄔㄨㄢ	1249
喙	ㄏㄨㄟ	695
喚	ㄏㄨㄢ	1266
喛	ㄏㄜ	335
喛	ㄏㄨㄢ	335
喛	ㄒㄩㄢ	335
喛	ㄩㄢ	335
喜	ㄒㄧ	4400
喝	ㄏㄜ	808
喝	ㄏㄜ	15348
喞	ㄐㄧ	522
喟	ㄎㄨㄟ	543
喠	ㄓㄨㄥ	471
喠	ㄔㄨㄥ	471
喡	ㄨㄟ	354
喢	ㄔㄜ	247
喢	ㄕㄚ	247
喣	ㄒㄩ	295
喤	ㄏㄨㄤ	424
喥	ㄉㄨ	526
喦	ㄋㄧㄝ	403
喧	ㄒㄩㄢ	857
喨	ㄌㄧㄤ	470
喩	ㄩ	343
喪	ㄙㄤ	569
喫	ㄔ	65597
喬	ㄑㄧㄠ	2729
喭	ㄧㄢ	293
單	ㄉㄢ	13228
單	ㄕㄢ	134
喯	ㄅㄣ	376
喯	ㄆㄣ	376
喰	ㄑㄧ	493
喰	ㄘㄢ	493
喰	ㄙㄨㄣ	493
喱	ㄌㄧ	652
喲	ㄧㄛ	8481
喳	ㄔㄚ	641
喴	ㄨㄟ	334
喵	ㄇㄧㄠ	1377
営	ㄧㄥ	497
喹	ㄎㄨㄟ	630
喺	ㄒㄧ	801
喻	ㄩ	1512
喼	ㄐㄧㄝ	399
喿	ㄙㄠ	331
嗀	ㄏㄨㄛ	273
嗁	ㄊㄧ	245
嗂	ㄧㄠ	251
嗃	ㄏㄜ	306
嗄	ㄕㄚ	387
嗄	ㄚ	387
嗅	ㄒㄧㄡ	974
嗆	ㄑㄧㄤ	513
嗇	ㄙㄜ	588
嗈	ㄩㄥ	335
嗉	ㄙㄨ	553
嗊	ㄏㄨㄥ	340
嗋	ㄒㄧㄝ	237
嗌	ㄞ	645
嗌	ㄧ	645
嗌	ㄨㄛ	645
嗍	ㄕㄨㄛ	584
嗍	ㄙㄨㄛ	584
嗎	ㄇㄚ	2211
嗎	ㄇㄚ	218870
嗏	ㄔㄚ	504
嗐	ㄏㄞ	550
嗑	ㄎㄜ	725
嗒	ㄉㄚ	911
嗒	ㄊㄚ	9
嗓	ㄙㄤ	690
嗔	ㄔㄣ	856
嗕	ㄖㄨ	447
嗖	ㄙㄡ	700
嗗	ㄍㄨ	541
嗗	ㄨㄚ	541
嗘	ㄐㄧ	465
嗙	ㄆㄤ	480
嗚	ㄨ	1018
嗛	ㄑㄧㄢ	460
嗜	ㄕ	1014
嗝	ㄍㄜ	679
嗞	ㄗ	497
嗟	ㄐㄧㄝ	447
嗟	ㄐㄩㄝ	447
嗠	ㄌㄨㄛ	332
嗡	ㄨㄥ	728
嗢	ㄨㄚ	391
嗣	ㄙ	886
嗤	ㄔ	700
嗥	ㄏㄠ	588
嗦	ㄙㄨㄛ	1069
嗨	ㄏㄞ	2130
嗩	ㄙㄨㄛ	419
嗪	ㄑㄧㄣ	717
嗬	ㄏㄜ	610
嗯	ㄣ	965
嗯	ㄣ	91709
嗯	ㄥ	2896
嗰	ㄍㄚ	4
嗰	ㄍㄜ	354
嗱	ㄋㄚ	25
嗲	ㄉㄧㄚ	2018
嗵	ㄊㄨㄥ	587
嗶	ㄅㄧ	625
嗷	ㄠ	820
嗸	ㄠ	247
嗹	ㄌㄧㄢ	1
嗺	ㄗㄨㄟ	278
嗺	ㄙㄨㄟ	278
嗻	ㄓㄜ	495
嗻	ㄓㄨ	495
嗼	ㄇㄛ	485
嗽	ㄙㄡ	683
嗾	ㄙㄡ	489
嗿	ㄊㄢ	440
嘀	ㄉㄧ	867
嘁	ㄑㄧ	598
嘂	ㄐㄧㄠ	490
嘃	ㄔㄨㄥ	199
嘄	ㄉㄠ	308
嘄	ㄐㄧㄠ	308
嘅	ㄎㄞ	836
嘆	ㄊㄢ	1395
嘇	ㄕㄢ	340
嘇	ㄕㄣ	340
嘇	ㄘㄢ	340
嘈	ㄘㄠ	739
嘉	ㄐㄧㄚ	2924
嘊	ㄞ	297
嘊	ㄧㄞ	297
嘋	ㄒㄧㄠ	386
嘌	ㄆㄧㄠ	342
嘍	ㄌㄡ	1798
嘎	ㄍㄚ	4357
嘏	ㄍㄨ	267
嘏	ㄐㄧㄚ	267
嘐	ㄒㄧㄠ	308
嘑	ㄏㄨ	344
嘒	ㄏㄨㄟ	365
嘓	ㄍㄨㄛ	435
嘔	ㄡ	1041
嘕	ㄒㄧㄢ	231
嘖	ㄗㄜ	718
嘗	ㄔㄤ	586
嘙	ㄆㄛ	567
嘛	ㄇㄚ	71478
嘜	ㄇㄚ	693
嘝	ㄏㄨ	224
嘞	ㄌㄟ	1462
嘟	ㄉㄨ	948
嘢	ㄧㄝ	749
嘣	ㄅㄥ	663
嘥	ㄙㄞ	451
嘦	ㄐㄧㄠ	403
嘧	ㄇㄧ	581
嘨	ㄒㄧㄠ	336
嘩	ㄏㄨㄚ	337
嘪	ㄇㄞ	425
嘫	ㄖㄢ	600
嘬	ㄔㄨㄞ	318
嘬	ㄗㄨㄛ	318
嘭	ㄆㄥ	597
嘮	ㄌㄠ	395
嘯	ㄒㄧㄠ	1345
嘰	ㄐㄧ	992
嘲	ㄔㄠ	753
嘳	ㄎㄨㄟ	223
嘴	ㄗㄨㄟ	5410
嘵	ㄒㄧㄠ	593
嘶	ㄙ	730
嘷	ㄏㄠ	284
嘸	ㄈㄨ	708
嘹	ㄌㄧㄠ	595
嘺	ㄑㄧㄠ	252
嘻	ㄒㄧ	813
嘼	ㄒㄩ	348
嘼	ㄔㄨ	348
嘼	ㄕㄡ	348
嘽	ㄉㄢ	494
嘽	ㄊㄢ	494
嘽	ㄊㄨㄛ	494
嘽	ㄔㄢ	494
嘾	ㄉㄢ	240
嘾	ㄊㄢ	240
嘿	ㄏㄟ	3151
噀	ㄒㄩㄣ	356
噁	ㄜ	841
噁	ㄨ	841
噁	ㄨㄛ	841
噂	ㄗㄨㄣ	397
噃	ㄅㄛ	493
噃	ㄈㄢ	493
噄	ㄔ	259
噅	ㄏㄨㄟ	304
噆	ㄗㄢ	264
噆	ㄘㄢ	264
噇	ㄔㄨㄤ	305
噈	ㄏㄜ	567
噈	ㄗㄚ	567
噈	ㄘㄨ	567
噉	ㄉㄢ	514
噊	ㄩ	227
噋	ㄊㄨㄣ	255
噋	ㄎㄨㄛ	255
噌	ㄔㄥ	344
噌	ㄘㄥ	344
噍	ㄐㄧㄠ	419
噎	ㄧㄝ	787
噏	ㄒㄧ	462
噐	ㄑㄧ	465
噑	ㄏㄠ	362
噒	ㄌㄧㄢ	371
噓	ㄒㄩ	1117
噔	ㄉㄥ	626
噕	ㄏㄨㄟ	296
噖	ㄧㄣ	380
噗	ㄆㄨ	859
噘	ㄐㄩㄝ	612
噙	ㄑㄧㄣ	659
噚	ㄒㄩㄣ	2
噛	ㄋㄧㄝ	371
噝	ㄙ	607
噞	ㄧㄢ	252
噟	ㄧㄥ	358
噠	ㄉㄚ	2277
噡	ㄉㄢ	244
噡	ㄓㄢ	244
噢	ㄛ	8020
噣	ㄉㄨ	346
噣	ㄓㄡ	346
噣	ㄓㄨ	346
噣	ㄓㄨㄛ	346
噤	ㄐㄧㄣ	752
噥	ㄋㄨㄥ	588
噦	ㄏㄨㄟ	530
噦	ㄩㄝ	530
噧	ㄒㄧㄝ	323
器	ㄑㄧ	7575
噩	ㄜ	750
噪	ㄗㄠ	744
噫	ㄧ	619
噬	ㄕ	840
噭	ㄐㄧㄠ	414
噮	ㄩㄢ	279
噯	ㄞ	422
噰	ㄩㄥ	397
噱	ㄐㄩㄝ	510
噲	ㄎㄨㄞ	601
噳	ㄩ	304
噴	ㄆㄣ	142
噴	ㄆㄣ	2702
噵	ㄉㄠ	567
噶	ㄍㄚ	7132
噷	ㄏㄣ	437
噸	ㄉㄨㄣ	2959
噹	ㄉㄤ	802
噺	ㄒㄧㄣ	563
噻	ㄙㄞ	1665
噼	ㄆㄧ	666
噽	ㄆㄧ	309
噾	ㄧㄣ	442
噿	ㄗㄨㄟ	259
嚀	ㄋㄧㄥ	595
嚁	ㄉㄧ	239
嚂	ㄌㄢ	338
嚂	ㄏㄢ	338
嚃	ㄊㄚ	266
嚄	ㄏㄨㄛ	321
嚄	ㄛ	321
嚅	ㄖㄨ	501
嚆	ㄏㄠ	390
嚇	ㄒㄧㄚ	4030
嚈	ㄧㄝ	363
嚉	ㄉㄨㄛ	346
嚊	ㄆㄧ	244
嚊	ㄒㄧ	244
嚊	ㄒㄧㄡ	244
嚋	ㄓㄡ	205
嚋	ㄔㄡ	205
嚌	ㄐㄧ	447
嚍	ㄐㄧㄣ	257
嚎	ㄏㄠ	860
嚏	ㄊㄧ	496
嚐	ㄔㄤ	1795
嚒	ㄇㄜ	31
嚓	ㄔㄚ	290
嚓	ㄘㄚ	290
嚔	ㄊㄧ	259
嚔	ㄓ	259
嚕	ㄌㄨ	854
嚖	ㄏㄨㄟ	372
嚗	ㄅㄛ	433
嚗	ㄅㄠ	433
嚗	ㄆㄠ	433
嚘	ㄧㄡ	316
嚙	ㄋㄧㄝ	592
嚚	ㄧㄣ	351
嚛	ㄏㄨ	425
嚛	ㄧㄛ	425
嚜	ㄇㄜ	486
嚝	ㄏㄨㄥ	207
嚞	ㄓㄜ	361
嚟	ㄌㄧ	714
嚠	ㄌㄧㄡ	376
嚡	ㄏㄞ	92
嚡	ㄒㄧㄝ	92
嚢	ㄋㄤ	387
嚥	ㄧㄢ	381
嚦	ㄌㄧ	603
嚧	ㄌㄨ	511
嚨	ㄌㄨㄥ	569
嚩	ㄇㄛ	515
嚪	ㄉㄢ	280
嚫	ㄔㄣ	381
嚬	ㄆㄧㄣ	364
嚭	ㄆㄧ	503
嚮	ㄒㄧㄤ	5
嚯	ㄏㄨㄛ	606
嚯	ㄒㄩㄝ	606
嚱	ㄒㄧ	429
嚲	ㄉㄨㄛ	391
嚳	ㄎㄨ	541
嚴	ㄧㄢ	3212
嚵	ㄔㄢ	255
嚶	ㄧㄥ	572
嚷	ㄖㄤ	875
嚻	ㄒㄧㄠ	363
嚼	ㄐㄧㄠ	1187
嚼	ㄐㄩㄝ	132
嚽	ㄔㄨㄛ	204
嚾	ㄏㄨㄢ	265
嚿	ㄏㄨㄛ	395
囀	ㄓㄨㄢ	585
囁	ㄋㄧㄝ	609
囂	ㄒㄧㄠ	719
囃	ㄓㄚ	426
囃	ㄗㄚ	426
囃	ㄘㄚ	426
囅	ㄔㄢ	379
囆	ㄔㄞ	238
囇	ㄌㄧ	380
囈	ㄧ	602
囉	ㄌㄨㄛ	438
囊	ㄋㄤ	1552
囋	ㄗㄚ	329
囋	ㄗㄢ	329
囋	ㄘㄢ	329
囌	ㄙㄨ	1
囍	ㄒㄧ	640
囎	ㄗㄥ	327
囏	ㄐㄧㄢ	304
囐	ㄋㄧㄝ	305
囐	ㄗㄚ	305
囐	ㄜ	305
囐	ㄧㄢ	305
囑	ㄓㄨ	725
囒	ㄌㄢ	345
囓	ㄋㄧㄝ	2
囔	ㄋㄤ	514
囖	ㄌㄨㄛ	343
囗	ㄨㄟ	706
囘	ㄏㄨㄟ	666
囙	ㄧㄣ	531
囚	ㄑㄧㄡ	838
四	ㄙ	15966
囜	ㄋㄧㄣ	377
囝	ㄐㄧㄢ	666
回	ㄏㄨㄟ	32389
囟	ㄒㄧㄣ	583
因	ㄧㄣ	20789
囡	ㄋㄢ	832
团	ㄊㄨㄢ	1
团	ㄑㄧㄡ	1
団	ㄊㄨㄢ	583
囤	ㄉㄨㄣ	392
囤	ㄊㄨㄣ	392
囥	ㄎㄤ	442
囦	ㄩㄢ	468
囧	ㄐㄩㄥ	3690
囨	ㄆㄧㄢ	533
囩	ㄩㄣ	489
囪	ㄘㄨㄥ	586
囫	ㄏㄨ	445
囬	ㄏㄨㄟ	681
园	ㄨㄢ	30
园	ㄩㄢ	30
囮	ㄜ	482
囯	ㄍㄨㄛ	509
困	ㄎㄨㄣ	4536
囲	ㄨㄟ	499
図	ㄊㄨ	552
囶	ㄍㄨㄛ	407
囷	ㄐㄩㄣ	495
囸	ㄖ	492
囹	ㄌㄧㄥ	525
固	ㄍㄨ	1761
囻	ㄍㄨㄛ	436
囼	ㄊㄞ	428
国	ㄍㄨㄛ	100
囿	ㄧㄡ	814
圀	ㄍㄨㄛ	407
圁	ㄧㄣ	388
圂	ㄏㄨㄣ	368
圃	ㄆㄨ	780
圄	ㄩ	508
圅	ㄏㄢ	345
圇	ㄌㄨㄣ	532
圈	ㄐㄩㄢ	136
圈	ㄐㄩㄢ	317
圈	ㄑㄩㄢ	4079
圉	ㄩ	580
圊	ㄑㄧㄥ	531
國	ㄍㄨㄛ	11114
圌	ㄔㄨㄟ	382
圍	ㄨㄟ	2395
圎	ㄩㄢ	422
圏	ㄑㄩㄢ	534
圐	ㄎㄨ	403
圑	ㄈㄨ	350
園	ㄩㄢ	4862
圓	ㄩㄢ	3694
圔	ㄧㄚ	314
圖	ㄊㄨ	21562
圗	ㄊㄨ	363
團	ㄊㄨㄢ	7903
圚	ㄏㄨㄟ	372
圛	ㄧ	314
圜	ㄏㄨㄢ	291
圜	ㄩㄢ	291
圝	ㄌㄨㄢ	525
圞	ㄌㄨㄢ	1
土	ㄊㄨ	5940
圠	ㄧㄚ	301
圡	ㄊㄨ	409
圢	ㄊㄧㄥ	269
圣	ㄎㄨ	400
圤	ㄆㄨ	344
圥	ㄌㄨ	357
圦	ㄎㄨㄞ	319
圧	ㄧㄚ	620
在	ㄗㄞ	974219
圩	ㄒㄩ	801
圩	ㄨㄟ	801
圩	ㄩ	801
圪	ㄍㄜ	589
圫	ㄓㄨㄣ	238
圫	ㄩ	238
圬	ㄨ	467
圭	ㄍㄨㄟ	912
圮	ㄆㄧ	565
圯	ㄧ	551
地	ㄉㄜ	13763
地	ㄉㄧ	123863
圱	ㄑㄧㄢ	352
圱	ㄙㄨ	352
圲	ㄑㄧㄢ	252
圳	ㄓㄣ	675
圴	ㄓㄨㄛ	398
圵	ㄉㄤ	412
圶	ㄑㄧㄚ	239
圷	ㄒㄧㄚ	456
圸	ㄕㄢ	304
圻	ㄑㄧ	642
圼	ㄋㄧㄝ	270
圽	ㄇㄛ	226
圾	ㄐㄧ	549
圾	ㄙㄜ	549
圿	ㄐㄧㄚ	322
址	ㄓ	1034
坁	ㄓ	258
坂	ㄅㄢ	909
坃	ㄒㄩㄣ	269
坄	ㄧ	202
坅	ㄑㄧㄣ	245
坆	ㄇㄟ	194
坆	ㄈㄣ	194
均	ㄐㄩㄣ	10706
坈	ㄎㄥ	324
坈	ㄖㄨㄥ	324
坉	ㄉㄨㄣ	330
坉	ㄊㄨㄣ	330
坊	ㄈㄤ	2307
坋	ㄈㄣ	325
坌	ㄅㄣ	505
坍	ㄊㄢ	562
坎	ㄎㄢ	1370
坏	ㄆㄟ	400
坏	ㄆㄧ	20
坐	ㄗㄨㄛ	12425
坑	ㄎㄥ	2479
坒	ㄅㄧ	313
坓	ㄐㄧㄥ	235
坔	ㄉㄧ	301
坔	ㄌㄢ	301
坕	ㄐㄧㄥ	204
坖	ㄐㄧ	231
块	ㄎㄨㄞ	5
块	ㄩㄝ	5
坘	ㄉㄧ	245
坙	ㄐㄧㄥ	403
坡	ㄆㄛ	1917
坢	ㄅㄢ	317
坢	ㄆㄢ	317
坣	ㄊㄤ	435
坤	ㄎㄨㄣ	1972
坥	ㄐㄩ	277
坥	ㄑㄩ	277
坦	ㄊㄢ	1451
坧	ㄓ	385
坨	ㄊㄨㄛ	948
坩	ㄍㄢ	508
坪	ㄆㄧㄥ	1507
坫	ㄉㄧㄢ	416
坬	ㄍㄨㄚ	362
坭	ㄋㄧ	611
坮	ㄊㄞ	278
坯	ㄆㄧ	844
坰	ㄐㄩㄥ	365
坱	ㄧㄤ	275
坲	ㄈㄛ	369
坳	ㄠ	730
坴	ㄌㄧㄡ	327
坵	ㄑㄧㄡ	1
坶	ㄇㄟ	401
坶	ㄇㄨ	401
坷	ㄎㄜ	676
坸	ㄍㄡ	207
坹	ㄒㄩㄝ	217
坺	ㄅㄚ	281
坻	ㄉㄧ	249
坻	ㄔ	249
坼	ㄔㄜ	519
坽	ㄌㄧㄥ	298
坾	ㄓㄨ	221
坿	ㄈㄨ	299
垀	ㄏㄨ	397
垁	ㄓ	286
垂	ㄔㄨㄟ	1537
垃	ㄌㄚ	304
垃	ㄌㄜ	304
垇	ㄠ	332
垈	ㄉㄞ	336
垉	ㄆㄠ	416
型	ㄒㄧㄥ	15224
垌	ㄉㄨㄥ	575
垌	ㄊㄨㄥ	575
垍	ㄐㄧ	438
垎	ㄏㄜ	463
垏	ㄌㄩ	336
垐	ㄘ	340
垑	ㄔ	218
垒	ㄌㄟ	270
垓	ㄍㄞ	523
垔	ㄧㄣ	334
垕	ㄏㄡ	465
垖	ㄉㄨㄟ	236
垗	ㄓㄠ	437
垘	ㄈㄨ	232
垙	ㄍㄨㄤ	411
垚	ㄧㄠ	608
垛	ㄉㄨㄛ	365
垜	ㄉㄨㄛ	478
垝	ㄍㄨㄟ	418
垞	ㄔㄚ	412
垟	ㄧㄤ	638
垠	ㄧㄣ	699
垡	ㄈㄚ	559
垢	ㄍㄡ	898
垣	ㄩㄢ	840
垤	ㄉㄧㄝ	446
垥	ㄒㄧㄝ	215
垦	ㄧㄣ	90
垧	ㄕㄤ	462
垨	ㄕㄡ	522
垪	ㄅㄧㄥ	397
垬	ㄏㄨㄥ	419
垮	ㄎㄨㄚ	1187
垯	ㄉㄚ	10
垰	ㄎㄚ	442
垳	ㄏㄤ	467
垵	ㄢ	418
垶	ㄒㄧㄥ	344
垷	ㄒㄧㄢ	332
垸	ㄏㄨㄢ	563
垸	ㄩㄢ	563
垹	ㄅㄤ	345
垺	ㄆㄟ	358
垺	ㄆㄡ	358
垺	ㄈㄡ	358
垺	ㄈㄨ	358
垻	ㄅㄚ	386
垼	ㄧ	268
垽	ㄧㄣ	333
垾	ㄏㄢ	379
垾	ㄢ	379
垿	ㄒㄩ	348
埀	ㄔㄨㄟ	357
埁	ㄑㄧㄣ	324
埂	ㄍㄥ	654
埃	ㄞ	1508
埄	ㄅㄥ	203
埄	ㄈㄥ	203
埅	ㄈㄤ	405
埅	ㄉㄧ	405
埆	ㄑㄩㄝ	436
埇	ㄩㄥ	380
埈	ㄐㄩㄣ	257
埉	ㄐㄧㄚ	256
埉	ㄒㄧㄚ	256
埊	ㄉㄧ	273
埋	ㄇㄞ	2679
埋	ㄇㄢ	141
埌	ㄌㄤ	501
埍	ㄐㄩㄢ	416
城	ㄔㄥ	8735
埏	ㄕㄢ	220
埏	ㄧㄢ	220
埐	ㄐㄧㄣ	292
埐	ㄑㄧㄣ	292
埑	ㄓㄜ	293
埒	ㄌㄟ	650
埓	ㄌㄧㄝ	268
埔	ㄅㄨ	391
埔	ㄆㄨ	391
埕	ㄔㄥ	576
埖	ㄏㄨㄚ	554
埗	ㄅㄨ	570
埛	ㄐㄩㄥ	442
埜	ㄧㄝ	45
埝	ㄉㄧㄢ	551
埝	ㄋㄧㄝ	551
埝	ㄋㄧㄢ	551
埞	ㄉㄧ	332
域	ㄩ	2425
埠	ㄅㄨ	977
埡	ㄧㄚ	646
埢	ㄐㄩㄢ	325
埢	ㄑㄩㄢ	325
埣	ㄙㄨ	321
埣	ㄙㄨㄟ	321
埤	ㄆㄧ	469
埥	ㄑㄧㄥ	473
埥	ㄓㄥ	473
埦	ㄨㄢ	237
埧	ㄐㄩ	472
埨	ㄌㄨㄣ	282
埩	ㄓㄥ	277
埩	ㄔㄥ	277
埪	ㄎㄨㄥ	334
埫	ㄔㄨㄥ	426
埫	ㄕㄤ	426
埬	ㄉㄨㄥ	312
埭	ㄉㄞ	635
埮	ㄊㄢ	352
埰	ㄘㄞ	577
埱	ㄊㄡ	330
埱	ㄔㄨ	330
埲	ㄅㄥ	382
埳	ㄎㄢ	320
埴	ㄓ	471
埵	ㄉㄨㄛ	543
埶	ㄧ	382
執	ㄓ	1609
埸	ㄧ	559
培	ㄆㄟ	1869
基	ㄐㄧ	4536
埻	ㄉㄨㄟ	333
埻	ㄍㄨㄛ	333
埻	ㄓㄨㄣ	333
埼	ㄑㄧ	63
埽	ㄙㄠ	550
埾	ㄐㄩ	253
埿	ㄅㄢ	294
埿	ㄋㄧ	294
堀	ㄎㄨ	640
堁	ㄎㄜ	286
堂	ㄊㄤ	4216
堃	ㄎㄨㄣ	563
堄	ㄋㄧ	325
堅	ㄐㄧㄢ	1669
堆	ㄉㄨㄟ	2999
堇	ㄐㄧㄣ	670
堈	ㄍㄤ	314
堉	ㄩ	347
堊	ㄜ	549
堋	ㄆㄥ	555
堌	ㄍㄨ	396
堍	ㄊㄨ	500
堎	ㄌㄧㄥ	433
堐	ㄧㄚ	327
堔	ㄔㄣ	507
堔	ㄕㄣ	507
堖	ㄋㄠ	507
堗	ㄊㄨ	358
堘	ㄔㄥ	275
堙	ㄧㄣ	483
堚	ㄏㄨㄣ	321
堛	ㄅㄧ	398
堜	ㄌㄧㄢ	468
堝	ㄍㄨㄛ	533
堞	ㄉㄧㄝ	490
堟	ㄓㄨㄢ	475
堠	ㄏㄡ	523
堡	ㄅㄠ	1626
堡	ㄆㄨ	86
堢	ㄅㄠ	432
堣	ㄩ	445
堤	ㄉㄧ	1201
堥	ㄇㄠ	452
堥	ㄇㄡ	452
堥	ㄨ	452
堦	ㄐㄧㄝ	411
堧	ㄖㄨㄢ	432
堨	ㄜ	442
堩	ㄍㄥ	290
堪	ㄎㄢ	1276
堫	ㄗㄨㄥ	240
堬	ㄩ	371
堭	ㄏㄨㄤ	317
堮	ㄜ	321
堯	ㄧㄠ	1455
堰	ㄧㄢ	941
報	ㄅㄠ	12275
堲	ㄐㄧ	267
堳	ㄇㄟ	253
場	ㄔㄤ	660
場	ㄔㄤ	5941
堵	ㄉㄨ	2036
堶	ㄊㄨㄛ	260
堷	ㄆㄡ	436
堷	ㄧㄣ	436
堸	ㄈㄥ	337
堹	ㄓㄨㄥ	251
堺	ㄐㄧㄝ	596
堻	ㄐㄧㄣ	267
堼	ㄏㄥ	297
堽	ㄍㄤ	422
堾	ㄔㄨㄣ	287
堿	ㄐㄧㄢ	3
塀	ㄆㄧㄥ	320
塁	ㄌㄟ	382
塃	ㄏㄨㄤ	346
塄	ㄌㄥ	479
塅	ㄉㄨㄢ	382
塈	ㄐㄧ	398
塉	ㄐㄧ	274
塊	ㄎㄨㄞ	17450
塋	ㄧㄥ	533
塌	ㄊㄚ	1257
塍	ㄔㄥ	611
塎	ㄩㄥ	230
塏	ㄎㄞ	438
塐	ㄙㄨ	209
塑	ㄙㄨ	1187
塒	ㄕ	630
塓	ㄇㄧ	233
塔	ㄊㄚ	4458
塕	ㄨㄥ	273
塖	ㄔㄥ	312
塗	ㄊㄨ	2259
塘	ㄊㄤ	1828
塙	ㄑㄩㄝ	366
塚	ㄓㄨㄥ	912
塛	ㄌㄧ	224
塜	ㄆㄥ	284
塜	ㄓㄨㄥ	284
塝	ㄅㄤ	447
塞	ㄙㄜ	360
塞	ㄙㄞ	1080
塞	ㄙㄞ	2161
塟	ㄗㄤ	431
塠	ㄉㄨㄟ	254
塡	ㄊㄧㄢ	378
塢	ㄨ	844
塣	ㄓㄥ	269
塤	ㄒㄩㄣ	334
塥	ㄍㄜ	354
塦	ㄓㄣ	280
塧	ㄞ	215
塨	ㄍㄨㄥ	393
塩	ㄧㄢ	467
塪	ㄎㄢ	194
填	ㄊㄧㄢ	5388
塬	ㄩㄢ	649
塭	ㄨㄣ	381
塯	ㄌㄧㄡ	276
塰	ㄏㄞ	478
塱	ㄌㄤ	489
塲	ㄔㄤ	232
塳	ㄆㄥ	221
塴	ㄅㄥ	297
塵	ㄔㄣ	2302
塶	ㄌㄨ	218
塷	ㄌㄨ	204
塸	ㄡ	264
塹	ㄑㄧㄢ	701
塺	ㄇㄟ	232
塻	ㄇㄛ	258
塼	ㄓㄨㄢ	316
塽	ㄕㄨㄤ	336
塾	ㄕㄨ	619
塿	ㄌㄡ	352
墀	ㄔ	533
墁	ㄇㄢ	473
墂	ㄅㄧㄠ	206
境	ㄐㄧㄥ	1549
墄	ㄘㄜ	245
墅	ㄕㄨ	835
墆	ㄉㄧ	253
墆	ㄓ	253
墇	ㄓㄤ	262
墈	ㄎㄢ	396
墉	ㄩㄥ	710
墊	ㄉㄧㄢ	1852
墋	ㄔㄣ	251
墌	ㄓ	285
墌	ㄓㄨㄛ	285
墍	ㄒㄧ	415
墎	ㄍㄨㄛ	327
墏	ㄑㄧㄤ	260
墐	ㄐㄧㄣ	298
墑	ㄉㄧ	1
墒	ㄕㄤ	728
墓	ㄇㄨ	1711
墔	ㄘㄨㄟ	237
墕	ㄧㄢ	343
墖	ㄊㄚ	436
増	ㄗㄥ	584
墘	ㄑㄧㄢ	424
墚	ㄌㄧㄤ	399
墜	ㄓㄨㄟ	1305
墝	ㄑㄧㄠ	385
增	ㄗㄥ	3479
墟	ㄒㄩ	745
墠	ㄕㄢ	463
墡	ㄕㄢ	335
墢	ㄅㄚ	266
墢	ㄈㄟ	266
墣	ㄆㄨ	367
墤	ㄊㄨㄟ	332
墤	ㄎㄨㄞ	332
墥	ㄉㄨㄥ	251
墥	ㄊㄨㄢ	251
墦	ㄈㄢ	410
墧	ㄑㄧㄠ	255
墧	ㄑㄩㄝ	255
墨	ㄇㄛ	2378
墩	ㄉㄨㄣ	1118
墪	ㄉㄨㄣ	266
墫	ㄗㄨㄣ	3
墬	ㄉㄧ	418
墭	ㄕㄥ	376
墮	ㄉㄨㄛ	951
墯	ㄉㄨㄛ	344
墰	ㄊㄢ	30
墱	ㄉㄥ	265
墲	ㄇㄨ	500
墲	ㄨ	500
墳	ㄈㄣ	1244
墴	ㄏㄨㄤ	218
墵	ㄊㄢ	371
墶	ㄉㄚ	427
墷	ㄧㄝ	278
墸	ㄓㄨ	332
墹	ㄐㄧㄢ	379
墺	ㄠ	389
墻	ㄑㄧㄤ	538
墼	ㄐㄧ	489
墽	ㄑㄧㄠ	379
墽	ㄠ	379
墾	ㄎㄣ	737
墿	ㄊㄨ	450
墿	ㄧ	450
壀	ㄆㄧ	262
壁	ㄅㄧ	1825
壂	ㄉㄧㄢ	327
壃	ㄐㄧㄤ	309
壄	ㄧㄝ	346
壅	ㄩㄥ	620
壆	ㄅㄛ	461
壇	ㄊㄢ	1597
壈	ㄌㄢ	4
壉	ㄐㄩ	245
壊	ㄏㄨㄞ	587
壋	ㄉㄤ	477
壌	ㄖㄤ	349
壍	ㄑㄧㄢ	306
壎	ㄒㄩㄣ	596
壏	ㄌㄢ	295
壏	ㄒㄧㄢ	295
壐	ㄒㄧ	269
壑	ㄏㄜ	717
壒	ㄞ	434
壓	ㄧㄚ	50
壓	ㄧㄚ	4963
壔	ㄉㄠ	277
壕	ㄏㄠ	671
壖	ㄖㄨㄢ	331
壗	ㄐㄧㄣ	304
壘	ㄌㄟ	1028
壙	ㄎㄨㄤ	842
壚	ㄌㄨ	491
壛	ㄧㄢ	267
壜	ㄊㄢ	100
壝	ㄨㄟ	349
壞	ㄏㄨㄞ	11002
壟	ㄌㄨㄥ	747
壠	ㄌㄨㄥ	658
壡	ㄖㄨㄟ	298
壢	ㄌㄧ	492
壣	ㄌㄧㄣ	206
壤	ㄖㄤ	710
壥	ㄔㄢ	251
壦	ㄒㄩㄣ	198
壧	ㄧㄢ	259
壨	ㄌㄟ	264
壩	ㄅㄚ	1476
士	ㄕ	3139
壬	ㄖㄣ	792
壭	ㄙㄢ	316
壯	ㄓㄨㄤ	1854
壱	ㄧ	433
売	ㄇㄞ	636
壴	ㄓㄨ	288
壵	ㄓㄨㄤ	402
壷	ㄏㄨ	303
壹	ㄧ	1572
壺	ㄏㄨ	1499
壻	ㄒㄩ	314
壼	ㄎㄨㄣ	148
壽	ㄕㄡ	1827
壾	ㄇㄤ	166
壿	ㄗㄨㄣ	317
夁	ㄧ	252
夂	ㄓ	608
夃	ㄍㄨ	451
夃	ㄧㄥ	451
处	ㄔㄨ	1
夅	ㄐㄧㄤ	330
夆	ㄈㄥ	360
备	ㄩㄢ	2
夈	ㄓㄞ	385
変	ㄅㄧㄢ	643
夊	ㄙㄨㄟ	606
夋	ㄑㄩㄣ	511
夌	ㄌㄧㄥ	483
复	ㄈㄨ	100
夎	ㄘㄨㄛ	448
夏	ㄒㄧㄚ	5360
夐	ㄒㄩㄢ	495
夐	ㄒㄩㄥ	495
夒	ㄋㄠ	327
夓	ㄒㄧㄚ	334
夔	ㄎㄨㄟ	656
夕	ㄒㄧ	1408
外	ㄨㄞ	21373
夗	ㄩㄢ	308
夘	ㄇㄠ	356
夙	ㄙㄨ	659
多	ㄉㄨㄛ	154899
夛	ㄉㄨㄛ	466
夜	ㄧㄝ	6027
夝	ㄑㄧㄥ	341
够	ㄍㄡ	400
夠	ㄍㄡ	15640
夡	ㄑㄧ	269
夢	ㄇㄥ	10282
夣	ㄇㄥ	468
夤	ㄧㄣ	546
夥	ㄏㄨㄛ	776
夦	ㄔㄣ	420
大	ㄉㄚ	106023
大	ㄉㄞ	1071
夨	ㄗㄜ	608
天	ㄊㄧㄢ	44972
太	ㄊㄞ	72029
夫	ㄈㄨ	36
夫	ㄈㄨ	3517
夬	ㄍㄨㄞ	542
夭	ㄧㄠ	775
央	ㄧㄤ	1174
夯	ㄅㄣ	38
夯	ㄏㄤ	718
夰	ㄍㄠ	327
失	ㄕ	2632
夲	ㄅㄣ	703
夲	ㄊㄠ	703
夳	ㄊㄞ	363
夵	ㄊㄠ	403
夵	ㄧㄢ	403
夶	ㄅㄧ	568
夷	ㄧ	1154
夸	ㄎㄨㄚ	1201
夼	ㄎㄨㄤ	530
夽	ㄩㄣ	272
夾	ㄐㄧㄚ	3219
夿	ㄅㄚ	468
奀	ㄣ	491
奃	ㄉㄧ	294
奃	ㄊㄧ	294
奄	ㄧㄢ	295
奅	ㄆㄠ	306
奆	ㄐㄩㄢ	204
奇	ㄐㄧ	189
奇	ㄑㄧ	3600
奈	ㄋㄞ	1691
奉	ㄈㄥ	1563
奊	ㄆㄧ	294
奊	ㄌㄧㄝ	294
奊	ㄒㄧ	294
奊	ㄒㄧㄝ	294
奋	ㄅㄣ	2
奋	ㄍㄤ	87
奋	ㄎㄤ	87
奌	ㄉㄧㄢ	547
奎	ㄎㄨㄟ	1388
奏	ㄗㄡ	1373
奐	ㄏㄨㄢ	678
契	ㄑㄧ	1003
奒	ㄎㄞ	254
奓	ㄓㄚ	243
奓	ㄕㄜ	243
奔	ㄅㄣ	450
奔	ㄅㄣ	1802
奕	ㄧ	1165
套	ㄊㄠ	8861
奘	ㄓㄨㄤ	283
奘	ㄗㄤ	283
奙	ㄅㄣ	190
奚	ㄒㄧ	897
奛	ㄏㄨㄤ	218
奜	ㄈㄟ	418
奝	ㄉㄧㄠ	274
奞	ㄒㄩㄣ	250
奟	ㄅㄥ	245
奟	ㄎㄥ	245
奠	ㄉㄧㄢ	651
奡	ㄠ	402
奢	ㄕㄜ	818
奣	ㄨㄥ	287
奤	ㄆㄛ	344
奤	ㄊㄞ	344
奤	ㄏㄚ	344
奦	ㄨ	203
奧	ㄠ	6680
奨	ㄐㄧㄤ	435
奩	ㄌㄧㄢ	548
奪	ㄉㄨㄛ	1883
奫	ㄩㄣ	299
奬	ㄐㄧㄤ	80
奭	ㄕ	489
奮	ㄈㄣ	978
奯	ㄏㄨㄛ	261
奰	ㄅㄧ	255
奱	ㄌㄨㄢ	360
奲	ㄉㄨㄛ	295
奲	ㄔㄜ	295
女	ㄋㄩ	23389
女	ㄖㄨ	236
奴	ㄋㄨ	1803
奵	ㄉㄧㄥ	356
奵	ㄊㄧㄢ	356
奶	ㄋㄞ	3760
奷	ㄑㄧㄢ	407
奸	ㄐㄧㄢ	910
她	ㄊㄚ	204714
奺	ㄐㄧㄡ	354
奻	ㄋㄨㄢ	451
奼	ㄔㄚ	658
好	ㄏㄠ	18948
好	ㄏㄠ	360003
奾	ㄒㄧㄢ	308
奿	ㄈㄢ	308
妀	ㄐㄧ	440
妁	ㄕㄨㄛ	489
如	ㄖㄨ	38846
妃	ㄈㄟ	1572
妄	ㄨㄤ	936
妅	ㄏㄨㄥ	242
妉	ㄉㄢ	282
妊	ㄖㄣ	623
妋	ㄈㄨ	352
妋	ㄧㄡ	352
妌	ㄐㄧㄥ	281
妍	ㄧㄢ	1846
妎	ㄏㄞ	374
妎	ㄐㄧㄝ	374
妏	ㄨㄣ	456
妐	ㄓㄨㄥ	276
妑	ㄆㄚ	536
妒	ㄉㄨ	804
妓	ㄐㄧ	891
妔	ㄎㄥ	277
妔	ㄏㄤ	277
妕	ㄓㄨㄥ	445
妖	ㄧㄠ	2468
妗	ㄐㄧㄣ	614
妘	ㄩㄣ	413
妙	ㄇㄧㄠ	2162
妚	ㄆㄟ	441
妚	ㄆㄧ	441
妚	ㄈㄡ	441
妛	ㄔ	298
妜	ㄐㄩㄝ	316
妜	ㄩㄝ	316
妝	ㄓㄨㄤ	1668
妞	ㄋㄧㄡ	2212
妟	ㄧㄢ	367
妠	ㄋㄚ	386
妠	ㄋㄢ	386
妡	ㄒㄧㄣ	418
妢	ㄈㄣ	462
妣	ㄅㄧ	550
妤	ㄩ	728
妥	ㄊㄨㄛ	1081
妦	ㄈㄥ	325
妧	ㄨㄢ	451
妧	ㄩㄢ	451
妨	ㄈㄤ	855
妬	ㄉㄨ	387
妭	ㄅㄚ	386
妭	ㄅㄛ	386
妮	ㄋㄧ	1922
妯	ㄓㄡ	443
妰	ㄓㄨㄛ	201
妱	ㄓㄠ	379
妲	ㄉㄚ	617
妳	ㄋㄧ	2085
妴	ㄩㄢ	341
妵	ㄊㄡ	265
妶	ㄒㄧㄢ	384
妶	ㄒㄩ	384
妶	ㄒㄩㄢ	384
妷	ㄓ	497
妷	ㄧ	497
妸	ㄜ	568
妹	ㄇㄟ	3306
妺	ㄇㄛ	502
妻	ㄑㄧ	2256
妼	ㄅㄧ	335
妽	ㄕㄣ	335
妾	ㄑㄧㄝ	1159
妿	ㄜ	278
姀	ㄏㄜ	371
姁	ㄒㄩ	425
姂	ㄈㄚ	250
姃	ㄓㄥ	415
姄	ㄇㄧㄣ	377
姅	ㄅㄢ	462
姆	ㄇㄨ	1475
姇	ㄈㄨ	371
姈	ㄌㄧㄥ	364
姉	ㄐㄧㄝ	487
姊	ㄗ	717
始	ㄕ	2158
姌	ㄖㄢ	411
姍	ㄕㄢ	774
姎	ㄧㄤ	354
姏	ㄇㄢ	448
姐	ㄐㄧㄝ	5911
姑	ㄍㄨ	1305
姒	ㄙ	630
姓	ㄒㄧㄥ	4364
委	ㄨㄟ	2665
姕	ㄗ	324
姕	ㄘ	324
姖	ㄐㄩ	563
姗	ㄕㄢ	100
姘	ㄆㄧㄣ	614
姙	ㄖㄣ	486
姚	ㄧㄠ	2919
姛	ㄉㄨㄥ	365
姜	ㄐㄧㄤ	2024
姝	ㄕㄨ	844
姞	ㄐㄧ	465
姟	ㄍㄞ	521
姠	ㄒㄧㄤ	521
姡	ㄏㄨㄚ	377
姡	ㄏㄨㄛ	377
姢	ㄐㄩㄢ	405
姣	ㄐㄧㄠ	748
姤	ㄍㄡ	483
姥	ㄇㄨ	68
姥	ㄌㄠ	611
姦	ㄐㄧㄢ	974
姧	ㄐㄧㄢ	362
姨	ㄧ	1342
姩	ㄋㄧㄢ	587
姪	ㄓ	150
姫	ㄓㄣ	566
姬	ㄐㄧ	1838
姭	ㄒㄧㄢ	283
姮	ㄏㄥ	480
姯	ㄍㄨㄤ	331
姰	ㄐㄩㄣ	303
姰	ㄒㄧㄣ	303
姰	ㄒㄩㄢ	303
姰	ㄒㄩㄣ	303
姱	ㄎㄨㄚ	385
姲	ㄧㄢ	334
姳	ㄇㄧㄥ	473
姴	ㄌㄧㄝ	298
姵	ㄆㄟ	445
姶	ㄜ	338
姶	ㄧㄚ	338
姷	ㄧㄡ	480
姸	ㄧㄢ	425
姺	ㄒㄧㄢ	441
姻	ㄧㄣ	661
姼	ㄊㄧ	309
姼	ㄐㄧ	309
姼	ㄕ	309
姽	ㄍㄨㄟ	437
姾	ㄑㄩㄢ	292
姿	ㄗ	1374
娀	ㄙㄨㄥ	380
威	ㄨㄟ	3184
娂	ㄏㄨㄥ	268
娃	ㄨㄚ	2622
娉	ㄆㄧㄥ	640
娊	ㄉㄢ	303
娊	ㄒㄧㄢ	303
娋	ㄕㄠ	265
娌	ㄌㄧ	569
娍	ㄔㄥ	427
娍	ㄕㄥ	427
娎	ㄒㄧㄝ	238
娏	ㄇㄤ	285
娐	ㄈㄨ	237
娑	ㄙㄨㄛ	689
娒	ㄇㄟ	340
娒	ㄇㄨ	340
娒	ㄨ	340
娓	ㄨㄟ	615
娔	ㄎㄜ	310
娕	ㄌㄞ	419
娕	ㄔㄨㄛ	419
娕	ㄘㄨ	419
娖	ㄔㄨㄛ	419
娖	ㄘㄨ	419
娗	ㄊㄧㄢ	320
娗	ㄊㄧㄥ	320
娘	ㄋㄧㄤ	3845
娙	ㄒㄧㄥ	291
娚	ㄋㄢ	566
娛	ㄩ	1117
娜	ㄋㄚ	2707
娜	ㄋㄨㄛ	84
娝	ㄅㄧ	414
娝	ㄆㄡ	414
娞	ㄋㄟ	254
娞	ㄙㄨㄟ	254
娟	ㄐㄩㄢ	1743
娠	ㄕㄣ	453
娡	ㄓ	389
娢	ㄏㄢ	293
娣	ㄉㄧ	837
娤	ㄓㄨㄤ	502
娥	ㄜ	1216
娦	ㄆㄧㄣ	303
娧	ㄊㄨㄟ	245
娨	ㄒㄧㄢ	235
娩	ㄇㄧㄢ	238
娩	ㄨㄢ	238
娪	ㄨ	465
娪	ㄩ	465
娫	ㄧㄢ	355
娬	ㄨ	363
娭	ㄞ	442
娮	ㄧㄢ	397
娯	ㄩ	436
娰	ㄙ	353
娳	ㄌㄧ	279
娵	ㄐㄩ	345
娶	ㄑㄩ	2368
娷	ㄓㄨㄟ	401
娷	ㄕㄨㄟ	401
娸	ㄑㄧ	484
娹	ㄒㄧㄢ	322
娺	ㄓㄨㄛ	236
娻	ㄉㄨㄥ	331
娼	ㄔㄤ	737
娽	ㄌㄨ	279
娾	ㄜ	303
娾	ㄞ	303
娾	ㄧㄞ	303
娿	ㄜ	544
婀	ㄜ	587
婁	ㄌㄡ	1033
婂	ㄇㄧㄢ	522
婃	ㄘㄨㄥ	511
婄	ㄅㄨ	528
婄	ㄆㄟ	528
婄	ㄆㄡ	528
婅	ㄐㄩ	409
婆	ㄆㄛ	1792
婇	ㄘㄞ	496
婈	ㄌㄧㄥ	371
婉	ㄨㄢ	1256
婊	ㄅㄧㄠ	627
婋	ㄒㄧㄠ	272
婌	ㄕㄨ	367
婍	ㄑㄧ	360
婎	ㄏㄨㄟ	243
婏	ㄈㄢ	362
婏	ㄈㄨ	362
婐	ㄨㄛ	330
婑	ㄋㄟ	371
婑	ㄖㄨㄟ	371
婑	ㄨㄛ	371
婒	ㄊㄢ	281
婓	ㄈㄟ	426
婔	ㄈㄟ	391
婕	ㄐㄧㄝ	1154
婖	ㄊㄧㄢ	389
婗	ㄋㄧ	459
婘	ㄐㄩㄢ	282
婘	ㄑㄩㄢ	282
婙	ㄐㄧㄥ	334
婚	ㄏㄨㄣ	2226
婛	ㄐㄧㄥ	358
婜	ㄐㄧㄣ	379
婜	ㄑㄧㄢ	379
婝	ㄉㄧㄢ	226
婞	ㄒㄧㄥ	544
婟	ㄏㄨ	236
婠	ㄍㄨㄢ	470
婠	ㄨㄢ	470
婡	ㄌㄞ	408
婢	ㄅㄧ	698
婣	ㄧㄣ	282
婤	ㄓㄡ	314
婥	ㄔㄨㄛ	421
婦	ㄈㄨ	1397
婧	ㄐㄧㄥ	972
婨	ㄌㄨㄣ	292
婩	ㄋㄩㄝ	328
婩	ㄢ	328
婪	ㄌㄢ	565
婬	ㄧㄣ	3
婭	ㄧㄚ	1228
婮	ㄐㄩ	300
婯	ㄌㄧ	453
婰	ㄉㄧㄢ	352
婱	ㄒㄧㄢ	251
婷	ㄊㄧㄥ	1720
婸	ㄉㄤ	403
婸	ㄧㄤ	403
婹	ㄧㄠ	591
婺	ㄨ	619
婻	ㄋㄢ	412
婼	ㄔㄨㄛ	529
婽	ㄐㄧㄚ	332
婾	ㄊㄡ	324
婿	ㄒㄩ	698
媀	ㄩ	322
媁	ㄨㄟ	294
媂	ㄉㄧ	347
媂	ㄊㄧ	347
媃	ㄖㄡ	384
媄	ㄇㄟ	567
媅	ㄉㄢ	306
媆	ㄋㄣ	256
媆	ㄋㄨㄣ	256
媆	ㄖㄨㄢ	256
媇	ㄑㄧㄣ	422
媈	ㄏㄨㄟ	375
媉	ㄨㄛ	388
媊	ㄑㄧㄢ	427
媋	ㄔㄨㄣ	303
媌	ㄇㄧㄠ	360
媍	ㄈㄨ	302
媎	ㄐㄧㄝ	243
媏	ㄉㄨㄢ	272
媐	ㄒㄧ	276
媐	ㄧ	276
媑	ㄓㄨㄥ	305
媒	ㄇㄟ	1194
媓	ㄏㄨㄤ	361
媔	ㄇㄧㄢ	503
媕	ㄢ	295
媖	ㄧㄥ	359
媗	ㄒㄩㄢ	432
媘	ㄐㄧㄝ	240
媙	ㄨㄟ	355
媚	ㄇㄟ	1460
媛	ㄩㄢ	612
媜	ㄓㄥ	444
媝	ㄑㄧㄡ	255
媞	ㄊㄧ	684
媟	ㄒㄧㄝ	345
媠	ㄉㄨㄛ	300
媠	ㄊㄨㄛ	300
媠	ㄋㄨㄛ	300
媡	ㄌㄧㄢ	251
媢	ㄇㄠ	325
媣	ㄖㄢ	388
媤	ㄙ	396
媥	ㄆㄧㄢ	383
媦	ㄨㄟ	402
媧	ㄨㄚ	605
媨	ㄐㄧㄡ	258
媩	ㄏㄨ	327
媫	ㄐㄧㄝ	376
媬	ㄅㄠ	354
媮	ㄊㄡ	85
媯	ㄍㄨㄟ	582
媰	ㄔㄨ	247
媰	ㄗㄡ	247
媱	ㄧㄠ	374
媲	ㄆㄧ	553
媳	ㄒㄧ	656
媴	ㄩㄢ	364
媵	ㄧㄥ	468
媶	ㄖㄨㄥ	246
媷	ㄖㄨ	317
媸	ㄔ	605
媹	ㄌㄧㄡ	380
媺	ㄇㄟ	451
媻	ㄆㄢ	278
媼	ㄠ	601
媽	ㄇㄚ	10749
媾	ㄍㄡ	543
媿	ㄎㄨㄟ	10
嫀	ㄑㄧㄣ	474
嫀	ㄕㄣ	474
嫁	ㄐㄧㄚ	2696
嫂	ㄙㄠ	1160
嫃	ㄓㄣ	563
嫄	ㄩㄢ	473
嫅	ㄐㄧㄝ	331
嫅	ㄙㄨㄛ	331
嫆	ㄖㄨㄥ	474
嫇	ㄇㄥ	352
嫇	ㄇㄧㄥ	352
嫈	ㄧㄥ	343
嫉	ㄐㄧ	702
嫊	ㄙㄨ	381
嫋	ㄋㄧㄠ	425
嫌	ㄒㄧㄢ	2515
嫍	ㄊㄠ	334
嫎	ㄅㄤ	372
嫎	ㄆㄤ	372
嫏	ㄌㄤ	410
嫐	ㄋㄠ	464
嫕	ㄧ	340
嫖	ㄆㄧㄠ	970
嫗	ㄩ	519
嫘	ㄌㄟ	550
嫙	ㄒㄩㄢ	485
嫚	ㄇㄢ	569
嫛	ㄧ	320
嫜	ㄓㄤ	449
嫝	ㄎㄤ	386
嫞	ㄩㄥ	247
嫟	ㄋㄧ	384
嫠	ㄌㄧ	589
嫡	ㄉㄧ	700
嫢	ㄍㄨㄟ	332
嫢	ㄗㄨㄟ	332
嫣	ㄧㄢ	998
嫤	ㄐㄧㄣ	343
嫥	ㄊㄨㄢ	275
嫥	ㄓㄨㄢ	275
嫦	ㄔㄤ	622
嫧	ㄗㄜ	370
嫧	ㄘㄜ	370
嫨	ㄋㄢ	404
嫨	ㄏㄢ	404
嫩	ㄋㄣ	3402
嫪	ㄌㄠ	405
嫫	ㄇㄛ	549
嫬	ㄓㄜ	306
嫭	ㄏㄨ	357
嫮	ㄏㄨ	327
嫯	ㄠ	262
嫰	ㄋㄣ	454
嫲	ㄇㄚ	573
嫳	ㄆㄧㄝ	391
嫴	ㄍㄨ	326
嫵	ㄨ	602
嫶	ㄐㄧㄠ	323
嫶	ㄑㄧㄠ	323
嫷	ㄊㄨㄛ	263
嫸	ㄓㄢ	234
嫹	ㄇㄠ	227
嫺	ㄒㄧㄢ	983
嫻	ㄒㄧㄢ	391
嫼	ㄇㄛ	508
嫽	ㄌㄧㄠ	393
嫾	ㄌㄧㄢ	296
嫿	ㄏㄨㄚ	504
嬀	ㄍㄨㄟ	41
嬁	ㄉㄥ	344
嬂	ㄓ	243
嬃	ㄒㄩ	377
嬄	ㄧ	383
嬅	ㄏㄨㄚ	689
嬆	ㄒㄧ	198
嬇	ㄎㄨㄟ	241
嬈	ㄖㄠ	642
嬉	ㄒㄧ	741
嬊	ㄧㄢ	302
嬋	ㄔㄢ	793
嬌	ㄐㄧㄠ	1707
嬍	ㄇㄟ	285
嬎	ㄈㄢ	250
嬎	ㄈㄨ	250
嬏	ㄈㄢ	252
嬐	ㄐㄧㄣ	261
嬐	ㄒㄧㄢ	261
嬐	ㄧㄢ	261
嬑	ㄧ	500
嬒	ㄏㄨㄟ	432
嬓	ㄐㄧㄠ	234
嬔	ㄈㄨ	220
嬕	ㄕ	322
嬖	ㄅㄧ	574
嬗	ㄕㄢ	555
嬘	ㄙㄨㄟ	253
嬙	ㄑㄧㄤ	566
嬚	ㄌㄧㄢ	240
嬛	ㄏㄨㄢ	285
嬛	ㄒㄩㄢ	285
嬜	ㄒㄧㄣ	363
嬞	ㄉㄨㄥ	463
嬟	ㄧ	334
嬠	ㄘㄢ	261
嬡	ㄞ	691
嬢	ㄋㄧㄤ	485
嬣	ㄋㄧㄥ	341
嬤	ㄇㄚ	609
嬥	ㄉㄧㄠ	266
嬥	ㄊㄧㄠ	266
嬦	ㄔㄡ	218
嬧	ㄐㄧㄣ	336
嬨	ㄘ	415
嬩	ㄩ	446
嬪	ㄆㄧㄣ	761
嬫	ㄖㄨㄥ	493
嬬	ㄒㄩ	501
嬭	ㄋㄞ	103
嬮	ㄧㄢ	440
嬯	ㄊㄞ	245
嬰	ㄧㄥ	1055
嬱	ㄘㄢ	314
嬲	ㄋㄧㄠ	959
嬳	ㄩㄝ	256
嬴	ㄧㄥ	722
嬵	ㄇㄧㄢ	356
嬶	ㄅㄧ	423
嬸	ㄕㄣ	845
嬹	ㄒㄧㄥ	314
嬺	ㄋㄧ	277
嬻	ㄉㄨ	279
嬼	ㄌㄧㄡ	310
嬽	ㄩㄢ	267
嬾	ㄌㄢ	423
嬿	ㄧㄢ	547
孀	ㄕㄨㄤ	575
孁	ㄌㄧㄥ	379
孂	ㄐㄧㄠ	215
孃	ㄋㄧㄤ	576
孄	ㄌㄢ	285
孅	ㄒㄧㄢ	409
孆	ㄧㄥ	315
孇	ㄕㄨㄤ	366
孈	ㄏㄨㄟ	190
孈	ㄒㄧㄝ	190
孉	ㄏㄨㄢ	343
孉	ㄑㄩㄢ	343
孊	ㄇㄧ	311
孋	ㄌㄧ	462
孌	ㄌㄨㄢ	514
孍	ㄧㄢ	286
孎	ㄓㄨ	367
孎	ㄔㄨㄛ	367
孎	ㄕㄨ	367
孏	ㄌㄢ	325
子	ㄗ	620
子	ㄗ	20060
孑	ㄐㄧㄝ	729
孒	ㄐㄩㄝ	712
孓	ㄐㄩㄝ	815
孔	ㄎㄨㄥ	3913
孕	ㄩㄣ	1393
孖	ㄗ	644
字	ㄗ	17656
存	ㄘㄨㄣ	5798
孚	ㄈㄨ	840
孛	ㄅㄟ	635
孜	ㄗ	771
孝	ㄒㄧㄠ	1905
孟	ㄇㄥ	2990
孠	ㄙ	251
孡	ㄊㄞ	331
孢	ㄅㄠ	691
季	ㄐㄧ	3162
孤	ㄍㄨ	1856
孥	ㄋㄨ	471
孨	ㄋㄧ	394
孨	ㄓㄨㄢ	394
孩	ㄏㄞ	1592
孫	ㄙㄨㄣ	6395
孬	ㄋㄠ	731
孬	ㄏㄨㄞ	38
孭	ㄇㄧㄝ	399
孮	ㄘㄨㄥ	318
孯	ㄑㄧㄢ	247
孰	ㄕㄨ	1145
孱	ㄔㄢ	256
孱	ㄘㄢ	256
孲	ㄧㄚ	384
孳	ㄗ	445
孴	ㄋㄧ	289
孴	ㄧ	289
孵	ㄈㄨ	673
孶	ㄗ	302
孷	ㄌㄧ	210
學	ㄒㄩㄝ	29808
孹	ㄅㄛ	270
孺	ㄖㄨ	631
孻	ㄌㄞ	329
孼	ㄋㄧㄝ	330
孽	ㄋㄧㄝ	863
孾	ㄧㄥ	250
孿	ㄌㄨㄢ	591
宀	ㄇㄧㄢ	643
宁	ㄓㄨ	700
宂	ㄖㄨㄥ	246
它	ㄊㄚ	59779
宄	ㄍㄨㄟ	558
宅	ㄓㄞ	1870
宆	ㄑㄩㄥ	320
宇	ㄩ	3335
守	ㄕㄡ	4104
安	ㄢ	12474
宊	ㄊㄨ	190
宊	ㄐㄧㄚ	190
宋	ㄙㄨㄥ	4945
完	ㄨㄢ	24942
宍	ㄖㄡ	423
宎	ㄧㄠ	268
宏	ㄏㄨㄥ	3513
宐	ㄧ	371
宒	ㄓㄨㄣ	339
宓	ㄇㄧ	708
宔	ㄓㄨ	534
宕	ㄉㄤ	665
宖	ㄏㄨㄥ	305
宗	ㄗㄨㄥ	3423
官	ㄍㄨㄢ	5284
宙	ㄓㄡ	755
定	ㄉㄧㄥ	15769
宛	ㄨㄢ	970
宜	ㄧ	3291
実	ㄕ	621
客	ㄎㄜ	4920
宣	ㄒㄩㄢ	1845
室	ㄕ	6421
宥	ㄧㄡ	715
宦	ㄏㄨㄢ	767
宧	ㄧ	325
宨	ㄊㄧㄠ	343
宫	ㄍㄨㄥ	100
宬	ㄔㄥ	527
宭	ㄑㄩㄣ	328
宮	ㄍㄨㄥ	3607
宯	ㄒㄧㄠ	258
宰	ㄗㄞ	1554
宱	ㄓㄚ	228
宲	ㄅㄠ	280
宲	ㄕ	280
害	ㄏㄞ	3678
宴	ㄧㄢ	1277
宵	ㄒㄧㄠ	877
家	ㄐㄧㄚ	52560
宷	ㄕㄣ	262
宸	ㄔㄣ	852
容	ㄖㄨㄥ	3111
宺	ㄏㄨㄤ	233
宻	ㄇㄧ	372
宼	ㄎㄡ	349
宿	ㄒㄧㄡ	77
宿	ㄙㄨ	1377
寀	ㄘㄞ	572
寁	ㄗㄢ	284
寂	ㄐㄧ	1019
寃	ㄩㄢ	388
寄	ㄐㄧ	5277
寅	ㄧㄣ	973
密	ㄇㄧ	3139
寇	ㄎㄡ	1112
寈	ㄑㄧㄥ	338
寉	ㄑㄩㄝ	252
寊	ㄓㄣ	386
寋	ㄐㄧㄢ	229
富	ㄈㄨ	4370
寍	ㄋㄧㄥ	320
寎	ㄅㄧㄥ	472
寏	ㄏㄨㄢ	259
寐	ㄇㄟ	768
寑	ㄑㄧㄣ	415
寒	ㄏㄢ	5349
寓	ㄩ	939
寔	ㄕ	612
寕	ㄋㄧㄥ	418
寖	ㄐㄧㄣ	391
寗	ㄋㄧㄥ	299
寘	ㄓ	466
寙	ㄩ	270
寚	ㄅㄠ	377
寛	ㄎㄨㄢ	515
寜	ㄋㄧㄥ	428
寞	ㄇㄛ	673
察	ㄔㄚ	1222
寠	ㄐㄩ	274
寡	ㄍㄨㄚ	985
寢	ㄑㄧㄣ	1073
寣	ㄏㄨ	416
寤	ㄨ	639
寥	ㄌㄧㄠ	622
實	ㄕ	3966
寧	ㄋㄧㄥ	867
寧	ㄋㄧㄥ	3467
寨	ㄓㄞ	1493
審	ㄕㄣ	1756
寪	ㄨㄟ	357
寫	ㄒㄧㄝ	41835
寬	ㄎㄨㄢ	4024
寭	ㄏㄨㄟ	244
寮	ㄌㄧㄠ	793
寯	ㄐㄩㄣ	350
寰	ㄏㄨㄢ	787
寱	ㄧ	319
寲	ㄧ	463
寳	ㄅㄠ	671
寴	ㄑㄧㄣ	351
寵	ㄔㄨㄥ	1948
寶	ㄅㄠ	6505
寷	ㄈㄥ	304
寸	ㄘㄨㄣ	3910
寺	ㄙ	2853
寻	ㄒㄩㄣ	30
寽	ㄌㄩ	347
寽	ㄌㄩㄝ	347
対	ㄉㄨㄟ	657
尀	ㄆㄛ	218
封	ㄈㄥ	7046
専	ㄓㄨㄢ	534
尃	ㄈㄨ	349
射	ㄕㄜ	3102
尅	ㄎㄜ	964
將	ㄐㄧㄤ	12042
將	ㄐㄧㄤ	108383
專	ㄓㄨㄢ	3509
尉	ㄨㄟ	826
尊	ㄗㄨㄣ	2451
尋	ㄒㄩㄣ	3160
尌	ㄕㄨ	297
對	ㄉㄨㄟ	280800
導	ㄉㄠ	2847
小	ㄒㄧㄠ	92897
尐	ㄐㄧ	823
尐	ㄐㄧㄝ	823
少	ㄕㄠ	3202
少	ㄕㄠ	28814
尒	ㄦ	680
尓	ㄦ	831
尕	ㄍㄚ	725
尖	ㄐㄧㄢ	1843
尗	ㄕㄨ	432
尙	ㄕㄤ	509
尚	ㄕㄤ	4754
尛	ㄇㄚ	699
尛	ㄇㄛ	699
尛	ㄇㄜ	699
尜	ㄍㄚ	597
尞	ㄌㄧㄠ	360
尟	ㄒㄧㄢ	310
尠	ㄒㄧㄢ	334
尢	ㄨㄤ	615
尣	ㄨㄤ	364
尤	ㄧㄡ	2100
尥	ㄌㄧㄠ	509
尨	ㄆㄤ	234
尨	ㄇㄤ	234
尩	ㄨㄤ	381
尪	ㄨㄤ	460
尫	ㄨㄤ	376
尬	ㄍㄚ	818
尭	ㄧㄠ	354
尯	ㄎㄨㄟ	441
尰	ㄓㄨㄥ	426
就	ㄐㄧㄡ	558574
尳	ㄍㄨ	280
尵	ㄊㄨㄟ	266
尵	ㄓㄨㄞ	266
尶	ㄍㄢ	272
尷	ㄍㄢ	559
尸	ㄕ	846
尹	ㄧㄣ	2245
尺	ㄔ	1526
尺	ㄔㄜ	15
尻	ㄎㄠ	729
尼	ㄋㄧ	3288
尾	ㄧ	25
尾	ㄨㄟ	2519
尿	ㄋㄧㄠ	2459
尿	ㄙㄨㄟ	129
局	ㄐㄩ	8022
屁	ㄆㄧ	3556
屄	ㄅㄧ	825
居	ㄐㄩ	3774
屆	ㄐㄧㄝ	3251
屇	ㄊㄧㄢ	356
屈	ㄑㄩ	1744
屉	ㄊㄧ	110
届	ㄐㄧㄝ	70
屋	ㄨ	3264
屌	ㄉㄧㄠ	1152
屍	ㄕ	1345
屎	ㄕ	1902
屏	ㄅㄧㄥ	141
屏	ㄆㄧㄥ	2688
屐	ㄐㄧ	560
屑	ㄒㄧㄝ	1027
屒	ㄓㄣ	217
屓	ㄒㄧㄝ	380
屔	ㄋㄧ	234
展	ㄓㄢ	4229
屖	ㄒㄧ	218
屘	ㄇㄢ	313
屙	ㄜ	651
屚	ㄌㄡ	318
屛	ㄆㄧㄥ	411
屜	ㄊㄧ	630
屝	ㄈㄟ	4
屟	ㄊㄧ	287
屟	ㄒㄧㄝ	287
屠	ㄊㄨ	1140
屢	ㄌㄩ	1296
屣	ㄒㄧ	455
層	ㄘㄥ	7387
履	ㄌㄩ	971
屧	ㄒㄧㄝ	345
屨	ㄐㄩ	470
屩	ㄐㄩㄝ	1
屪	ㄌㄧㄠ	245
屫	ㄐㄩㄝ	182
屬	ㄕㄨ	5227
屭	ㄒㄧ	305
屮	ㄔㄜ	512
屯	ㄊㄨㄣ	1449
屰	ㄆㄛ	378
屰	ㄋㄧ	378
屰	ㄐㄧ	378
山	ㄕㄢ	11877
屳	ㄒㄧㄢ	277
屴	ㄌㄧ	409
屵	ㄜ	322
屵	ㄧㄢ	322
屶	ㄏㄨㄟ	497
屸	ㄌㄨㄥ	330
屸	ㄏㄨㄥ	330
屹	ㄧ	758
屺	ㄑㄧ	474
屻	ㄖㄣ	381
屼	ㄨ	521
屽	ㄏㄢ	530
屽	ㄢ	530
屾	ㄕㄣ	578
岀	ㄔㄨ	571
岃	ㄖㄣ	207
岄	ㄩㄝ	483
岅	ㄅㄢ	300
岆	ㄧㄠ	456
岇	ㄤ	378
岈	ㄒㄧㄚ	540
岈	ㄧㄚ	540
岉	ㄨ	300
岊	ㄐㄧㄝ	383
岋	ㄐㄧ	373
岋	ㄜ	373
岌	ㄐㄧ	504
岍	ㄑㄧㄢ	393
岎	ㄈㄣ	247
岎	ㄔㄚ	247
岏	ㄨㄢ	277
岐	ㄑㄧ	869
岑	ㄘㄣ	1041
岒	ㄑㄧㄢ	314
岓	ㄑㄧ	230
岔	ㄔㄚ	800
岕	ㄐㄧㄝ	418
岜	ㄅㄚ	595
岝	ㄗㄨㄛ	321
岞	ㄗㄨㄛ	389
岟	ㄧㄤ	208
岠	ㄐㄩ	463
岡	ㄍㄤ	1094
岢	ㄎㄜ	663
岣	ㄍㄡ	588
岤	ㄒㄩㄝ	231
岥	ㄆㄛ	408
岦	ㄌㄧ	311
岧	ㄊㄧㄠ	350
岨	ㄑㄩ	332
岩	ㄧㄢ	2536
岪	ㄈㄨ	294
岫	ㄒㄧㄡ	685
岬	ㄐㄧㄚ	635
岭	ㄌㄧㄥ	1
岭	ㄌㄧㄥ	99
岮	ㄊㄨㄛ	222
岯	ㄆㄧ	225
岰	ㄠ	246
岱	ㄉㄞ	863
岲	ㄎㄨㄤ	319
岳	ㄩㄝ	1900
岴	ㄑㄩ	261
岵	ㄏㄨ	540
岶	ㄆㄛ	263
岷	ㄇㄧㄣ	664
岸	ㄢ	1801
岹	ㄊㄧㄠ	260
岺	ㄌㄧㄥ	406
岻	ㄔ	317
岼	ㄆㄧㄥ	451
峀	ㄒㄧㄡ	265
峁	ㄇㄠ	648
峅	ㄅㄧㄢ	216
峆	ㄏㄜ	285
峇	ㄅㄚ	252
峇	ㄎㄜ	252
峈	ㄌㄨㄛ	357
峉	ㄜ	234
峊	ㄈㄨ	296
峊	ㄋㄧㄝ	296
峋	ㄒㄩㄣ	542
峌	ㄉㄧㄝ	253
峍	ㄌㄨ	216
峎	ㄣ	389
峏	ㄦ	331
峐	ㄍㄞ	231
峑	ㄑㄩㄢ	350
峒	ㄉㄨㄥ	309
峒	ㄊㄨㄥ	309
峓	ㄧ	286
峔	ㄇㄨ	256
峖	ㄢ	223
峗	ㄨㄟ	273
峘	ㄏㄨㄢ	347
峙	ㄓ	705
峚	ㄇㄧ	274
峛	ㄌㄧ	370
峜	ㄐㄧ	403
峝	ㄊㄨㄥ	398
峞	ㄨㄟ	280
峟	ㄧㄡ	559
峠	ㄑㄧㄚ	414
峢	ㄌㄧ	347
峨	ㄜ	718
峩	ㄜ	802
峪	ㄩ	939
峫	ㄒㄧㄝ	392
峫	ㄧㄝ	392
峬	ㄅㄨ	267
峭	ㄑㄧㄠ	675
峮	ㄑㄩㄣ	310
峯	ㄈㄥ	4372
峰	ㄈㄥ	557
峱	ㄋㄠ	268
峲	ㄌㄧ	347
峳	ㄧㄡ	284
峴	ㄒㄧㄢ	589
峵	ㄏㄨㄥ	246
島	ㄉㄠ	3926
峷	ㄕㄣ	223
峸	ㄔㄥ	437
峹	ㄊㄨ	207
峺	ㄍㄥ	278
峻	ㄐㄩㄣ	1002
峼	ㄏㄠ	238
峽	ㄒㄧㄚ	1074
峾	ㄧㄣ	209
峿	ㄨ	332
崀	ㄌㄤ	351
崁	ㄎㄢ	446
崆	ㄎㄨㄥ	602
崇	ㄔㄨㄥ	1398
崈	ㄔㄨㄥ	367
崉	ㄊㄚ	254
崊	ㄌㄧㄣ	322
崋	ㄏㄨㄚ	462
崌	ㄐㄩ	363
崍	ㄌㄞ	572
崎	ㄑㄧ	960
崏	ㄇㄧㄣ	335
崐	ㄎㄨㄣ	505
崑	ㄎㄨㄣ	953
崒	ㄗㄨ	186
崒	ㄘㄨㄟ	186
崓	ㄍㄨ	233
崔	ㄘㄨㄟ	2646
崕	ㄧㄚ	467
崕	ㄧㄞ	467
崖	ㄧㄚ	1255
崖	ㄧㄞ	1255
崗	ㄍㄤ	2101
崘	ㄌㄨㄣ	412
崙	ㄌㄨㄣ	611
崚	ㄌㄥ	553
崛	ㄐㄩㄝ	630
崜	ㄉㄨㄛ	275
崝	ㄓㄥ	351
崞	ㄍㄨㄛ	555
崟	ㄧㄣ	460
崠	ㄉㄨㄥ	4
崡	ㄏㄢ	445
崢	ㄓㄥ	795
崣	ㄨㄟ	305
崤	ㄧㄠ	531
崥	ㄅㄧ	401
崥	ㄆㄧ	401
崦	ㄧㄢ	505
崧	ㄙㄨㄥ	612
崨	ㄐㄧㄝ	246
崩	ㄅㄥ	1271
崪	ㄗㄨ	285
崫	ㄎㄨ	235
崫	ㄐㄩㄝ	235
崬	ㄉㄨㄥ	535
崮	ㄍㄨ	626
崯	ㄧㄣ	317
崰	ㄗ	296
崱	ㄗㄜ	407
崲	ㄏㄨㄤ	356
崳	ㄩ	93
崴	ㄨㄞ	753
崴	ㄨㄟ	753
崵	ㄉㄤ	278
崵	ㄧㄤ	278
崶	ㄈㄥ	435
崷	ㄑㄧㄡ	287
崸	ㄧㄤ	247
崹	ㄊㄧ	311
崺	ㄧ	253
崻	ㄓ	229
崼	ㄉㄧㄝ	429
崼	ㄕ	429
崽	ㄗㄞ	963
崾	ㄧㄠ	640
崿	ㄜ	345
嵀	ㄓㄨ	341
嵁	ㄎㄢ	407
嵁	ㄓㄢ	407
嵂	ㄌㄩ	491
嵃	ㄧㄢ	357
嵄	ㄇㄟ	359
嵅	ㄏㄢ	283
嵆	ㄐㄧ	340
嵇	ㄐㄧ	652
嵈	ㄏㄨㄢ	291
嵉	ㄊㄧㄥ	294
嵊	ㄕㄥ	600
嵋	ㄇㄟ	597
嵌	ㄑㄧㄢ	1024
嵍	ㄇㄠ	228
嵍	ㄨ	228
嵎	ㄩ	422
嵏	ㄗㄨㄥ	254
嵐	ㄌㄢ	1411
嵑	ㄎㄜ	230
嵑	ㄐㄧㄝ	230
嵒	ㄧㄢ	43
嵓	ㄧㄢ	302
嵔	ㄨㄟ	385
嵕	ㄗㄨㄥ	350
嵖	ㄔㄚ	488
嵗	ㄙㄨㄟ	100
嵙	ㄎㄜ	315
嵛	ㄩ	586
嵜	ㄑㄧ	342
嵞	ㄊㄨ	332
嵟	ㄉㄨㄟ	278
嵠	ㄒㄧ	251
嵡	ㄨㄥ	271
嵢	ㄘㄤ	271
嵣	ㄉㄤ	243
嵣	ㄊㄤ	243
嵤	ㄖㄨㄥ	301
嵤	ㄧㄥ	301
嵥	ㄐㄧㄝ	323
嵦	ㄎㄞ	235
嵦	ㄞ	235
嵧	ㄌㄧㄡ	236
嵨	ㄨ	343
嵩	ㄙㄨㄥ	886
嵪	ㄎㄠ	221
嵪	ㄑㄧㄠ	221
嵫	ㄗ	493
嵬	ㄨㄟ	581
嵭	ㄅㄥ	230
嵮	ㄉㄧㄢ	218
嵯	ㄘㄨㄛ	550
嵰	ㄑㄧㄢ	221
嵱	ㄩㄥ	241
嵲	ㄋㄧㄝ	286
嵳	ㄘㄨㄛ	258
嵴	ㄐㄧ	586
嵶	ㄖㄨㄛ	284
嵷	ㄙㄨㄥ	233
嵸	ㄗㄨㄥ	274
嵹	ㄐㄧㄤ	297
嵺	ㄌㄧㄠ	289
嵺	ㄐㄧㄠ	289
嵻	ㄎㄤ	239
嵼	ㄔㄢ	340
嵽	ㄉㄧ	280
嵽	ㄉㄧㄝ	280
嵾	ㄘㄣ	289
嵿	ㄉㄧㄥ	471
嶀	ㄊㄨ	262
嶁	ㄌㄡ	544
嶂	ㄓㄤ	638
嶃	ㄓㄢ	337
嶄	ㄓㄢ	677
嶅	ㄠ	520
嶆	ㄘㄠ	486
嶇	ㄑㄩ	522
嶈	ㄑㄧㄤ	482
嶉	ㄗㄨㄟ	440
嶉	ㄘㄨㄟ	440
嶊	ㄗㄨㄟ	314
嶋	ㄉㄠ	542
嶌	ㄉㄠ	449
嶍	ㄒㄧ	317
嶏	ㄆㄟ	405
嶏	ㄆㄧ	405
嶐	ㄌㄨㄥ	268
嶑	ㄒㄧㄤ	285
嶒	ㄘㄥ	485
嶓	ㄅㄛ	358
嶔	ㄑㄧㄣ	384
嶕	ㄐㄧㄠ	300
嶖	ㄧㄢ	184
嶗	ㄌㄠ	557
嶘	ㄓㄢ	215
嶙	ㄌㄧㄣ	544
嶚	ㄌㄧㄠ	248
嶛	ㄌㄧㄠ	251
嶜	ㄐㄧㄣ	239
嶜	ㄑㄧㄣ	239
嶝	ㄉㄥ	543
嶞	ㄉㄨㄛ	308
嶟	ㄗㄨㄣ	235
嶠	ㄐㄧㄠ	626
嶡	ㄍㄨㄟ	116
嶡	ㄐㄩㄝ	116
嶢	ㄧㄠ	445
嶣	ㄐㄧㄠ	300
嶤	ㄧㄠ	286
嶦	ㄓㄢ	321
嶦	ㄕㄢ	321
嶧	ㄧ	577
嶨	ㄒㄩㄝ	386
嶩	ㄋㄠ	180
嶪	ㄧㄝ	391
嶫	ㄧㄝ	247
嶬	ㄧ	235
嶭	ㄜ	243
嶮	ㄒㄧㄢ	411
嶯	ㄐㄧ	260
嶰	ㄒㄧㄝ	386
嶱	ㄎㄜ	237
嶲	ㄒㄧ	386
嶳	ㄉㄧ	276
嶴	ㄠ	707
嶵	ㄗㄨㄟ	417
嶷	ㄧ	572
嶸	ㄖㄨㄥ	672
嶹	ㄉㄠ	215
嶺	ㄌㄧㄥ	1986
嶻	ㄗㄚ	271
嶼	ㄩ	866
嶽	ㄩㄝ	813
嶾	ㄧㄣ	265
巀	ㄐㄧㄝ	243
巁	ㄌㄧ	221
巁	ㄌㄧㄝ	221
巂	ㄙㄨㄟ	397
巃	ㄌㄨㄥ	357
巄	ㄌㄨㄥ	254
巆	ㄏㄨㄥ	122
巆	ㄧㄥ	122
巇	ㄒㄧ	364
巈	ㄐㄩ	251
巉	ㄔㄢ	466
巊	ㄧㄥ	292
巋	ㄎㄨㄟ	491
巌	ㄧㄢ	370
巍	ㄨㄟ	889
巎	ㄋㄠ	329
巏	ㄑㄩㄢ	286
巐	ㄔㄠ	244
巑	ㄘㄨㄢ	284
巒	ㄌㄨㄢ	727
巓	ㄉㄧㄢ	376
巔	ㄉㄧㄢ	751
巕	ㄋㄧㄝ	314
巖	ㄧㄢ	984
巗	ㄧㄢ	322
巘	ㄧㄢ	417
巙	ㄋㄠ	293
巙	ㄎㄨㄟ	293
巚	ㄧㄢ	284
巛	ㄔㄨㄢ	552
巛	ㄕㄨㄣ	552
巜	ㄎㄨㄞ	455
巜	ㄏㄨㄢ	455
川	ㄔㄨㄢ	3703
州	ㄓㄡ	4065
巟	ㄏㄨㄤ	414
巠	ㄐㄧㄥ	397
巠	ㄒㄧㄥ	397
巡	ㄒㄩㄣ	1118
巢	ㄔㄠ	1212
巣	ㄔㄠ	474
巤	ㄌㄧㄝ	267
工	ㄍㄨㄥ	6336
左	ㄗㄨㄛ	8604
巧	ㄑㄧㄠ	2802
巨	ㄐㄩ	2722
巩	ㄍㄨㄥ	100
巫	ㄨ	1244
差	ㄔㄚ	8165
差	ㄔㄞ	1814
巰	ㄑㄧㄡ	520
己	ㄐㄧ	2271
已	ㄧ	44260
巳	ㄙ	922
巴	ㄅㄚ	4016
巵	ㄓ	320
巶	ㄓㄠ	344
巷	ㄒㄧㄤ	1629
巸	ㄧ	232
巹	ㄐㄧㄣ	395
巺	ㄒㄩㄣ	417
巻	ㄐㄩㄢ	550
巽	ㄒㄩㄣ	721
巾	ㄐㄧㄣ	988
巿	ㄈㄨ	730
帀	ㄗㄚ	412
币	ㄧㄣ	10
市	ㄕ	19057
布	ㄅㄨ	5026
帄	ㄉㄧㄥ	277
帆	ㄈㄢ	1387
帇	ㄋㄧㄝ	375
帉	ㄈㄣ	379
帊	ㄆㄚ	332
帋	ㄓ	352
希	ㄒㄧ	2552
帍	ㄏㄨ	250
帎	ㄉㄢ	251
帑	ㄊㄤ	487
帒	ㄉㄞ	341
帓	ㄇㄛ	342
帓	ㄨㄚ	342
帔	ㄆㄟ	518
帕	ㄆㄚ	1780
帖	ㄊㄧㄝ	2198
帗	ㄈㄨ	261
帘	ㄌㄧㄢ	800
帙	ㄓ	535
帚	ㄓㄡ	578
帛	ㄅㄛ	742
帝	ㄉㄧ	2524
帞	ㄇㄛ	422
帟	ㄧ	325
帠	ㄧ	301
帡	ㄆㄧㄥ	398
帢	ㄑㄧㄚ	318
帣	ㄐㄩㄢ	254
帤	ㄖㄨ	323
帥	ㄕㄨㄞ	6908
帨	ㄕㄨㄟ	360
帩	ㄑㄧㄠ	307
帪	ㄓㄣ	348
師	ㄕ	5965
帬	ㄑㄩㄣ	249
席	ㄒㄧ	1572
帯	ㄉㄞ	536
帰	ㄍㄨㄟ	541
帲	ㄆㄧㄥ	293
帳	ㄓㄤ	2934
帴	ㄐㄧㄢ	422
帴	ㄙㄢ	422
帵	ㄨㄢ	312
帶	ㄉㄞ	39436
帷	ㄨㄟ	673
常	ㄔㄤ	8505
帹	ㄑㄧㄝ	224
帹	ㄕㄚ	224
帺	ㄐㄧ	366
帺	ㄑㄧ	366
帽	ㄇㄠ	1581
帾	ㄉㄨ	353
帿	ㄏㄡ	371
幀	ㄓㄣ	1588
幀	ㄓㄥ	1588
幁	ㄒㄩ	300
幂	ㄇㄧ	100
幃	ㄨㄟ	601
幄	ㄨㄛ	511
幅	ㄈㄨ	1755
幆	ㄎㄞ	374
幆	ㄧ	374
幇	ㄅㄤ	499
幈	ㄆㄧㄥ	359
幊	ㄍㄨㄥ	299
幋	ㄆㄢ	252
幌	ㄏㄨㄤ	700
幍	ㄊㄠ	296
幎	ㄇㄧ	274
幏	ㄐㄧㄚ	398
幐	ㄊㄥ	307
幑	ㄏㄨㄟ	337
幒	ㄓㄨㄥ	277
幓	ㄑㄧㄠ	403
幓	ㄕㄢ	403
幓	ㄕㄣ	403
幔	ㄇㄢ	692
幕	ㄇㄨ	1443
幖	ㄅㄧㄠ	300
幗	ㄍㄨㄛ	522
幘	ㄗㄜ	473
幙	ㄇㄨ	357
幚	ㄅㄤ	407
幛	ㄓㄤ	503
幜	ㄐㄧㄥ	272
幝	ㄔㄢ	261
幟	ㄓ	690
幠	ㄏㄨ	370
幡	ㄈㄢ	725
幢	ㄓㄨㄤ	1074
幢	ㄔㄨㄤ	269
幣	ㄅㄧ	3290
幤	ㄅㄧ	318
幦	ㄇㄧ	216
幧	ㄑㄧㄠ	276
幨	ㄔㄢ	298
幩	ㄈㄣ	266
幪	ㄇㄥ	439
幫	ㄅㄤ	31037
幬	ㄉㄠ	200
幬	ㄔㄡ	200
幭	ㄇㄧㄝ	234
幮	ㄔㄨ	333
幯	ㄐㄧㄝ	310
幰	ㄒㄧㄢ	375
干	ㄍㄢ	2613
平	ㄆㄧㄥ	8888
年	ㄋㄧㄢ	106172
幵	ㄐㄧㄢ	44
幵	ㄑㄧㄢ	2
并	ㄅㄧㄥ	603
幸	ㄒㄧㄥ	1644
幹	ㄍㄢ	13753
幺	ㄧㄠ	1135
幻	ㄏㄨㄢ	1767
幼	ㄧㄡ	1580
幽	ㄧㄡ	2408
幾	ㄐㄧ	326
幾	ㄐㄧ	2936
广	ㄢ	700
广	ㄧㄢ	700
庀	ㄆㄧ	539
庁	ㄊㄧㄥ	451
庂	ㄗㄜ	1
広	ㄍㄨㄤ	580
庄	ㄆㄥ	98
庄	ㄓㄨㄤ	2
庇	ㄅㄧ	711
庈	ㄑㄧㄣ	345
庉	ㄉㄨㄣ	299
床	ㄔㄨㄤ	710
庋	ㄍㄨㄟ	641
庌	ㄧㄚ	369
庍	ㄅㄞ	236
庍	ㄊㄧㄥ	236
庍	ㄒㄧㄣ	236
庎	ㄐㄧㄝ	239
序	ㄒㄩ	1629
庒	ㄓㄨㄤ	438
底	ㄉㄜ	64
底	ㄉㄧ	6348
庖	ㄆㄠ	656
店	ㄉㄧㄢ	12541
庘	ㄧㄚ	330
庚	ㄍㄥ	1437
庛	ㄘ	366
府	ㄈㄨ	2576
庝	ㄊㄨㄥ	535
庠	ㄒㄧㄤ	594
庡	ㄧ	514
庢	ㄓ	509
庣	ㄊㄧㄠ	461
庤	ㄓ	453
庥	ㄒㄧㄡ	624
度	ㄉㄨ	11771
度	ㄉㄨㄛ	619
座	ㄗㄨㄛ	16908
庨	ㄒㄧㄠ	418
庩	ㄊㄨ	242
庪	ㄍㄨㄟ	269
庫	ㄎㄨ	6582
庬	ㄆㄤ	260
庭	ㄊㄧㄥ	2316
庮	ㄧㄡ	292
庯	ㄅㄨ	364
庰	ㄅㄧㄥ	240
庱	ㄔㄥ	231
庲	ㄌㄞ	308
庳	ㄅㄧ	411
庴	ㄐㄧ	263
庵	ㄢ	630
庶	ㄕㄨ	765
康	ㄎㄤ	4220
庸	ㄩㄥ	981
庹	ㄊㄨㄛ	611
庺	ㄙㄨㄥ	180
庻	ㄕㄨ	227
庽	ㄩ	255
庾	ㄩ	706
庿	ㄇㄧㄠ	283
廀	ㄙㄡ	226
廁	ㄘㄜ	798
廂	ㄒㄧㄤ	1053
廃	ㄈㄟ	443
廄	ㄐㄧㄡ	584
廅	ㄜ	280
廆	ㄏㄨㄟ	466
廇	ㄌㄧㄡ	352
廈	ㄒㄧㄚ	107
廈	ㄕㄚ	959
廉	ㄌㄧㄢ	1255
廊	ㄌㄤ	1030
廋	ㄙㄡ	507
廌	ㄓ	382
廍	ㄆㄡ	304
廎	ㄑㄧㄥ	317
廏	ㄐㄧㄡ	269
廐	ㄐㄧㄡ	310
廑	ㄐㄧㄣ	412
廒	ㄠ	416
廓	ㄎㄨㄛ	737
廔	ㄌㄡ	319
廕	ㄧㄣ	628
廖	ㄌㄧㄠ	2238
廗	ㄉㄞ	354
廘	ㄌㄨ	322
廙	ㄧ	390
廚	ㄔㄨ	1095
廛	ㄔㄢ	539
廜	ㄊㄨ	211
廝	ㄙ	769
廞	ㄒㄧㄣ	367
廟	ㄇㄧㄠ	1861
廠	ㄔㄤ	6880
廡	ㄨ	321
廢	ㄈㄟ	2528
廣	ㄍㄨㄤ	4620
廥	ㄎㄨㄞ	278
廦	ㄅㄧ	285
廧	ㄑㄧㄤ	290
廨	ㄒㄧㄝ	471
廩	ㄌㄧㄣ	535
廫	ㄌㄧㄠ	247
廬	ㄌㄨ	878
廮	ㄧㄥ	296
廯	ㄒㄧㄢ	381
廰	ㄊㄧㄥ	415
廱	ㄩㄥ	1
廲	ㄌㄧ	342
廳	ㄊㄧㄥ	3208
廴	ㄧㄣ	652
廵	ㄒㄩㄣ	297
延	ㄧㄢ	1990
廷	ㄊㄧㄥ	1465
廸	ㄉㄧ	433
廹	ㄆㄛ	346
建	ㄐㄧㄢ	9876
廻	ㄏㄨㄟ	502
廼	ㄋㄞ	354
廽	ㄏㄨㄟ	323
廾	ㄍㄨㄥ	505
廿	ㄋㄧㄢ	964
开	ㄐㄧㄢ	28
开	ㄑㄧㄢ	1
弁	ㄅㄧㄢ	622
异	ㄧ	100
弃	ㄑㄧ	350
弄	ㄋㄨㄥ	23518
弄	ㄌㄨㄥ	2613
弅	ㄈㄣ	335
弆	ㄐㄩ	448
弆	ㄑㄩ	448
弇	ㄧㄢ	467
弈	ㄧ	774
弉	ㄗㄤ	315
弊	ㄅㄧ	1152
弋	ㄧ	821
弌	ㄧ	679
弍	ㄦ	534
弎	ㄙㄢ	517
式	ㄕ	12000
弐	ㄦ	435
弒	ㄕ	753
弓	ㄍㄨㄥ	2187
弔	ㄉㄧㄠ	1100
引	ㄧㄣ	5015
弖	ㄏㄨ	503
弗	ㄈㄨ	1370
弘	ㄏㄨㄥ	1551
弙	ㄨ	255
弚	ㄊㄨㄟ	495
弛	ㄔ	800
弜	ㄐㄧㄤ	391
弝	ㄅㄚ	406
弞	ㄕㄣ	226
弟	ㄉㄧ	1927
弟	ㄊㄧ	19
弡	ㄐㄩㄝ	258
弡	ㄓㄤ	258
弢	ㄊㄠ	558
弣	ㄈㄨ	252
弤	ㄉㄧ	210
弦	ㄒㄧㄢ	1547
弧	ㄏㄨ	937
弨	ㄔㄠ	322
弩	ㄋㄨ	937
弫	ㄓㄣ	254
弬	ㄧ	340
弭	ㄇㄧ	544
弮	ㄐㄩㄢ	157
弮	ㄑㄩㄢ	157
弰	ㄕㄠ	374
弱	ㄖㄨㄛ	4074
弲	ㄒㄩㄢ	212
弲	ㄩㄢ	212
弳	ㄐㄧㄥ	405
弴	ㄉㄧㄠ	229
張	ㄓㄤ	28350
弶	ㄐㄧㄤ	415
強	ㄐㄧㄤ	204
強	ㄑㄧㄤ	1020
強	ㄑㄧㄤ	19177
弸	ㄅㄥ	432
强	ㄐㄧㄤ	1000
强	ㄑㄧㄤ	1000
弻	ㄅㄧ	366
弼	ㄅㄧ	738
弽	ㄕㄜ	351
弾	ㄉㄢ	530
弿	ㄐㄧㄢ	307
彀	ㄍㄡ	566
彁	ㄍㄜ	464
彂	ㄈㄚ	481
彃	ㄅㄧ	313
彄	ㄎㄡ	306
彅	ㄐㄧㄢ	500
彆	ㄅㄧㄝ	917
彇	ㄒㄧㄠ	358
彈	ㄉㄢ	1697
彈	ㄊㄢ	1697
彉	ㄍㄨㄛ	375
彊	ㄐㄧㄤ	2
彊	ㄑㄧㄤ	2
彋	ㄏㄨㄥ	247
彌	ㄇㄧ	1111
彍	ㄍㄨㄛ	349
彎	ㄨㄢ	2029
彏	ㄐㄩㄝ	229
彐	ㄐㄧ	552
彑	ㄐㄧ	466
彔	ㄌㄨ	30
录	ㄌㄨ	30
彖	ㄊㄨㄢ	486
彗	ㄏㄨㄟ	579
彘	ㄓ	551
彙	ㄏㄨㄟ	1037
彚	ㄏㄨㄟ	316
彛	ㄧ	397
彜	ㄧ	358
彝	ㄧ	770
彠	ㄏㄨㄛ	415
彡	ㄒㄧㄢ	656
彡	ㄕㄢ	656
形	ㄒㄧㄥ	3724
彣	ㄨㄣ	386
彤	ㄊㄨㄥ	1166
彥	ㄧㄢ	1720
彧	ㄩ	663
彩	ㄘㄞ	2975
彪	ㄅㄧㄠ	1526
彫	ㄉㄧㄠ	571
彬	ㄅㄧㄣ	1703
彭	ㄆㄥ	3030
彮	ㄩㄥ	370
彯	ㄆㄧㄠ	413
彯	ㄇㄧㄠ	413
彰	ㄓㄤ	906
影	ㄧㄥ	4071
彲	ㄔ	458
彳	ㄔ	565
彴	ㄓㄨㄛ	418
彵	ㄊㄨㄛ	594
彵	ㄧ	594
彶	ㄐㄧ	427
彷	ㄆㄤ	537
彷	ㄈㄤ	537
彸	ㄓㄨㄥ	321
役	ㄧ	1000
彺	ㄨㄤ	399
彼	ㄅㄧ	1611
彽	ㄔ	458
彾	ㄌㄧㄥ	324
彿	ㄈㄨ	714
往	ㄨㄤ	11268
征	ㄓㄥ	705
徂	ㄘㄨ	528
徃	ㄨㄤ	484
待	ㄉㄞ	777
待	ㄉㄞ	6992
徆	ㄒㄧ	361
徇	ㄒㄩㄣ	558
很	ㄏㄣ	160978
徉	ㄧㄤ	514
徊	ㄏㄨㄞ	683
律	ㄌㄩ	1510
後	ㄏㄡ	135175
徍	ㄨㄚ	383
徍	ㄨㄤ	383
徎	ㄓㄥ	327
徎	ㄔㄥ	327
徏	ㄓ	300
徐	ㄒㄩ	6073
徑	ㄐㄧㄥ	1345
徒	ㄊㄨ	1380
従	ㄘㄨㄥ	509
徖	ㄘㄨㄥ	215
得	ㄉㄜ	18046
得	ㄉㄜ	63160
得	ㄉㄟ	9023
徘	ㄆㄞ	571
徙	ㄒㄧ	722
徛	ㄐㄧ	318
徜	ㄔㄤ	481
徝	ㄓ	405
從	ㄘㄨㄥ	128082
徟	ㄓㄡ	223
徠	ㄌㄞ	638
御	ㄩ	1561
徢	ㄒㄧㄝ	219
徣	ㄐㄧㄝ	385
徤	ㄐㄧㄢ	352
徥	ㄊㄧ	500
徥	ㄕ	500
徦	ㄐㄧㄚ	532
徦	ㄒㄧㄚ	532
徧	ㄅㄧㄢ	410
徧	ㄆㄧㄢ	410
徨	ㄏㄨㄤ	572
復	ㄈㄨ	1122
循	ㄒㄩㄣ	1068
徫	ㄨㄟ	356
徬	ㄆㄤ	58
徭	ㄧㄠ	493
微	ㄨㄟ	3832
徯	ㄒㄧ	375
徰	ㄓㄥ	387
徱	ㄆㄧㄠ	207
徲	ㄊㄧ	270
徲	ㄔ	270
徳	ㄉㄜ	661
徴	ㄓㄥ	491
徵	ㄓ	117
徵	ㄓㄥ	2214
徶	ㄅㄧㄝ	277
德	ㄉㄜ	8041
徸	ㄓㄨㄥ	248
徸	ㄔㄨㄥ	248
徹	ㄔㄜ	1065
徻	ㄨㄟ	545
徼	ㄐㄧㄠ	256
徽	ㄏㄨㄟ	1118
徾	ㄇㄟ	259
徿	ㄌㄨㄥ	264
忀	ㄒㄧㄤ	280
忁	ㄅㄠ	308
忂	ㄐㄩ	286
忂	ㄑㄩ	286
心	ㄒㄧㄣ	21110
忄	ㄒㄧㄣ	646
必	ㄅㄧ	4721
忇	ㄌㄜ	409
忈	ㄖㄣ	487
忉	ㄉㄠ	513
忊	ㄉㄧㄥ	359
忊	ㄊㄧㄥ	359
忋	ㄍㄞ	376
忌	ㄐㄧ	1609
忍	ㄖㄣ	3462
忎	ㄖㄣ	419
忏	ㄑㄧㄢ	1
忐	ㄊㄢ	435
忑	ㄊㄜ	476
忒	ㄊㄜ	715
忒	ㄊㄟ	715
忓	ㄍㄢ	502
忓	ㄏㄢ	502
忔	ㄑㄧ	513
忔	ㄧ	513
忕	ㄊㄞ	456
忕	ㄕ	456
忖	ㄘㄨㄣ	563
志	ㄓ	3792
忘	ㄨㄤ	5691
忙	ㄇㄤ	30469
忚	ㄌㄧㄝ	485
忚	ㄒㄧ	485
忛	ㄈㄢ	416
応	ㄧㄥ	530
忝	ㄊㄧㄢ	652
忞	ㄇㄧㄣ	138
忞	ㄨㄣ	138
忟	ㄨㄣ	341
忠	ㄓㄨㄥ	2899
忡	ㄔㄨㄥ	485
忢	ㄨ	501
忣	ㄐㄧ	354
忤	ㄨ	570
忥	ㄒㄧ	355
忦	ㄐㄧㄚ	257
忧	ㄧㄡ	50
忨	ㄨㄢ	310
忩	ㄘㄨㄥ	222
忪	ㄓㄨㄥ	453
快	ㄎㄨㄞ	48871
忬	ㄕㄨ	375
忬	ㄩ	375
忭	ㄅㄧㄢ	415
忮	ㄓ	452
忯	ㄑㄧ	302
忯	ㄕ	302
忰	ㄘㄨㄟ	265
忱	ㄔㄣ	656
忲	ㄊㄞ	514
忳	ㄉㄨㄣ	359
忳	ㄊㄨㄣ	359
忳	ㄓㄨㄣ	359
忴	ㄑㄧㄢ	294
忴	ㄑㄧㄣ	294
念	ㄋㄧㄢ	2949
忶	ㄏㄨㄣ	245
忷	ㄒㄩㄥ	1
忸	ㄋㄧㄡ	489
忹	ㄎㄨㄤ	362
忹	ㄨㄤ	362
忺	ㄒㄧㄢ	322
忻	ㄒㄧㄣ	782
忼	ㄎㄤ	336
忼	ㄏㄤ	336
忽	ㄏㄨ	1729
忾	ㄎㄞ	80
忾	ㄑㄧ	80
忿	ㄈㄣ	673
怀	ㄈㄨ	8
怃	ㄨ	1
怇	ㄐㄩ	430
怈	ㄧ	241
怉	ㄅㄠ	308
怊	ㄔㄠ	359
怋	ㄇㄣ	282
怋	ㄇㄧㄣ	282
怌	ㄆㄟ	282
怍	ㄗㄨㄛ	466
怎	ㄗㄜ	2714
怎	ㄗㄣ	2714
怏	ㄧㄤ	449
怐	ㄎㄡ	368
怐	ㄐㄩ	368
怑	ㄅㄢ	428
怒	ㄋㄨ	3415
怓	ㄋㄠ	431
怓	ㄋㄧㄡ	431
怔	ㄓㄥ	433
怕	ㄆㄚ	23660
怖	ㄅㄨ	700
怗	ㄊㄧㄝ	333
怘	ㄍㄨ	329
怘	ㄏㄨ	329
怙	ㄏㄨ	548
怚	ㄐㄩ	269
怛	ㄉㄚ	611
怜	ㄌㄧㄢ	90
怜	ㄌㄧㄥ	90
思	ㄙ	5265
怞	ㄓㄡ	413
怟	ㄉㄧ	261
怠	ㄉㄞ	723
怡	ㄧ	1926
怢	ㄉㄧㄝ	283
怢	ㄊㄨ	283
怢	ㄊㄨㄟ	283
怣	ㄧㄡ	358
怤	ㄈㄨ	436
急	ㄐㄧ	8827
怦	ㄆㄥ	485
性	ㄒㄧㄥ	25403
怨	ㄩㄢ	1742
怩	ㄋㄧ	464
怪	ㄍㄨㄞ	14584
怫	ㄈㄟ	230
怫	ㄈㄨ	230
怬	ㄒㄧ	224
怭	ㄅㄧ	416
怮	ㄧㄠ	373
怮	ㄧㄡ	373
怯	ㄑㄧㄝ	828
怰	ㄒㄩㄢ	269
怱	ㄘㄨㄥ	428
怲	ㄅㄧㄥ	245
怳	ㄏㄨㄤ	395
怴	ㄒㄩ	279
怴	ㄒㄩㄝ	279
怵	ㄔㄨ	652
怶	ㄅㄧ	438
怶	ㄆㄧ	438
怷	ㄕㄨ	304
怸	ㄒㄧ	200
怹	ㄊㄢ	549
怺	ㄩㄥ	556
怽	ㄇㄛ	249
怽	ㄇㄧ	249
恀	ㄕ	334
恁	ㄋㄣ	433
恁	ㄖㄣ	433
恂	ㄒㄩㄣ	542
恃	ㄕ	762
恄	ㄒㄧ	263
恅	ㄌㄠ	408
恆	ㄏㄥ	2416
恇	ㄎㄨㄤ	323
恈	ㄇㄡ	218
恉	ㄓ	410
恊	ㄒㄧㄝ	324
恌	ㄊㄧㄠ	275
恍	ㄏㄨㄤ	777
恎	ㄉㄧㄝ	255
恏	ㄏㄠ	760
恐	ㄎㄨㄥ	1740
恑	ㄍㄨㄟ	246
恑	ㄨㄟ	246
恒	ㄏㄥ	100
恓	ㄒㄧ	400
恔	ㄒㄧㄠ	297
恕	ㄕㄨ	907
恖	ㄙ	367
恖	ㄙㄞ	367
恗	ㄎㄨㄚ	208
恗	ㄏㄨ	208
恘	ㄑㄧㄡ	270
恙	ㄧㄤ	722
恚	ㄏㄨㄟ	615
恛	ㄏㄨㄟ	505
恜	ㄔ	226
恝	ㄐㄧㄚ	406
恞	ㄧ	238
恟	ㄒㄩㄥ	1
恠	ㄍㄨㄞ	603
恡	ㄌㄧㄣ	279
恢	ㄏㄨㄟ	770
恣	ㄗ	633
恤	ㄒㄩ	1014
恥	ㄔ	1160
恦	ㄕㄤ	241
恧	ㄋㄩ	432
恨	ㄏㄣ	4946
恩	ㄣ	162561
恪	ㄎㄜ	803
恫	ㄉㄨㄥ	567
恬	ㄊㄧㄢ	846
恭	ㄍㄨㄥ	1152
恮	ㄑㄩㄢ	298
恮	ㄓㄨㄢ	298
息	ㄒㄧ	1832
恰	ㄑㄧㄚ	1489
恱	ㄩㄝ	302
恲	ㄆㄥ	265
恴	ㄉㄜ	609
恵	ㄏㄨㄟ	601
恷	ㄑㄧㄡ	267
恾	ㄇㄤ	349
恿	ㄩㄥ	564
悀	ㄩㄥ	327
悁	ㄐㄩㄢ	164
悂	ㄅㄧ	264
悂	ㄆㄧ	264
悃	ㄎㄨㄣ	481
悄	ㄑㄧㄠ	823
悅	ㄩㄝ	1781
悆	ㄩ	440
悇	ㄊㄨ	412
悇	ㄩ	412
悈	ㄎㄜ	414
悈	ㄐㄧㄝ	414
悉	ㄒㄧ	1042
悊	ㄓㄜ	496
悋	ㄌㄧㄣ	308
悌	ㄊㄧ	549
悍	ㄏㄢ	794
悎	ㄏㄠ	446
悎	ㄐㄧㄠ	446
悏	ㄑㄧㄝ	303
悐	ㄊㄧ	270
悑	ㄅㄨ	234
悒	ㄧ	477
悓	ㄑㄧㄢ	408
悔	ㄏㄨㄟ	1133
悕	ㄒㄧ	515
悖	ㄅㄟ	682
悗	ㄇㄢ	458
悗	ㄇㄣ	458
悘	ㄧ	373
悙	ㄏㄥ	349
悚	ㄙㄨㄥ	584
悛	ㄑㄩㄢ	467
悜	ㄔㄥ	386
悝	ㄌㄧ	244
悝	ㄎㄨㄟ	244
悞	ㄨ	315
悟	ㄨ	1589
悠	ㄧㄡ	1238
悡	ㄌㄧ	399
悢	ㄌㄤ	479
悢	ㄌㄧㄤ	479
患	ㄏㄨㄢ	2545
悤	ㄘㄨㄥ	288
悥	ㄧ	364
悧	ㄌㄧ	415
您	ㄋㄧㄣ	45322
悩	ㄋㄠ	515
悪	ㄜ	557
悰	ㄘㄨㄥ	418
悱	ㄈㄟ	511
悲	ㄅㄟ	1753
悳	ㄉㄜ	704
悴	ㄘㄨㄟ	599
悵	ㄔㄤ	643
悶	ㄇㄣ	1917
悷	ㄊㄢ	288
悷	ㄙㄢ	288
悸	ㄐㄧ	633
悹	ㄍㄨㄢ	328
悺	ㄍㄨㄢ	314
悻	ㄒㄧㄥ	551
悼	ㄉㄠ	818
悽	ㄑㄧ	584
悾	ㄎㄨㄥ	488
悿	ㄊㄧㄢ	282
惀	ㄌㄨㄣ	438
惁	ㄒㄧ	324
惂	ㄎㄢ	348
惃	ㄍㄨㄣ	322
惄	ㄋㄧ	343
情	ㄑㄧㄥ	7288
惆	ㄔㄡ	562
惇	ㄉㄨㄣ	534
惈	ㄍㄨㄛ	451
惉	ㄓㄢ	378
惊	ㄌㄧㄤ	90
惋	ㄨㄢ	537
惌	ㄩㄢ	362
惍	ㄐㄧㄣ	364
惎	ㄐㄧ	359
惏	ㄌㄧㄣ	377
惐	ㄒㄩ	240
惐	ㄩ	240
惑	ㄏㄨㄛ	1118
惒	ㄏㄜ	409
惓	ㄑㄩㄢ	419
惔	ㄧㄢ	506
惕	ㄊㄧ	593
惖	ㄊㄧ	270
惗	ㄋㄧㄝ	513
惘	ㄨㄤ	593
惙	ㄔㄨㄛ	366
惚	ㄏㄨ	626
惛	ㄏㄨㄣ	428
惜	ㄒㄧ	1536
惝	ㄊㄤ	211
惝	ㄔㄤ	211
惞	ㄒㄧㄣ	428
惟	ㄨㄟ	1444
惠	ㄏㄨㄟ	2582
惡	ㄜ	382
惡	ㄜ	5345
惡	ㄨ	76
惡	ㄨ	1909
惢	ㄖㄨㄟ	631
惢	ㄙㄨㄛ	631
惣	ㄗㄨㄥ	438
惤	ㄐㄧㄢ	350
惥	ㄩㄥ	268
惦	ㄉㄧㄢ	592
惪	ㄉㄜ	596
惰	ㄉㄨㄛ	628
惱	ㄋㄠ	990
惲	ㄩㄣ	608
想	ㄒㄧㄤ	142577
惴	ㄓㄨㄟ	555
惵	ㄉㄧㄝ	370
惵	ㄊㄧㄝ	370
惶	ㄏㄨㄤ	712
惷	ㄔㄨㄣ	167
惸	ㄑㄩㄥ	299
惹	ㄖㄜ	2933
惺	ㄒㄧㄥ	674
惻	ㄘㄜ	604
惼	ㄅㄧㄢ	256
惽	ㄇㄧㄣ	258
惽	ㄏㄨㄣ	258
惾	ㄗㄨㄥ	228
惿	ㄊㄧ	470
惿	ㄕ	470
愀	ㄑㄧㄠ	639
愁	ㄔㄡ	2772
愂	ㄅㄟ	238
愃	ㄒㄩㄢ	279
愄	ㄨㄟ	320
愅	ㄍㄜ	278
愆	ㄑㄧㄢ	524
愇	ㄨㄟ	295
愈	ㄩ	2115
愉	ㄩ	717
愊	ㄅㄧ	335
愋	ㄒㄩㄢ	253
愌	ㄏㄨㄢ	363
愍	ㄇㄧㄣ	573
愎	ㄅㄧ	540
意	ㄧ	4585
愐	ㄇㄧㄢ	371
愑	ㄩㄥ	393
愒	ㄎㄞ	326
愓	ㄉㄤ	341
愔	ㄧㄣ	507
愕	ㄜ	710
愖	ㄉㄢ	305
愖	ㄒㄧㄣ	305
愖	ㄔㄣ	305
愗	ㄇㄠ	285
愘	ㄎㄜ	340
愘	ㄑㄧㄚ	340
愙	ㄎㄜ	468
愚	ㄩ	1206
愛	ㄞ	32742
愜	ㄑㄧㄝ	526
愝	ㄧㄢ	276
愞	ㄋㄨㄛ	275
感	ㄍㄢ	8365
愡	ㄗㄨㄥ	252
愢	ㄙ	377
愢	ㄙㄞ	377
愣	ㄌㄥ	1134
愧	ㄎㄨㄟ	918
愨	ㄑㄩㄝ	490
愩	ㄍㄨㄥ	356
愩	ㄏㄨㄥ	356
愪	ㄩㄣ	447
愫	ㄙㄨ	584
愬	ㄙㄨ	529
愭	ㄑㄧ	443
愮	ㄧㄠ	466
愯	ㄙㄨㄥ	417
愰	ㄏㄨㄤ	463
愱	ㄐㄧ	325
愲	ㄍㄨ	359
愳	ㄐㄩ	363
愴	ㄔㄨㄤ	548
愵	ㄋㄧ	261
愶	ㄒㄧㄝ	365
愷	ㄎㄞ	815
愸	ㄓㄥ	187
愹	ㄩㄥ	228
愺	ㄘㄠ	507
愻	ㄒㄩㄣ	293
愼	ㄕㄣ	331
愽	ㄅㄛ	457
愾	ㄎㄞ	521
愿	ㄩㄢ	897
慀	ㄒㄧ	222
慀	ㄒㄧㄝ	222
慁	ㄏㄨㄣ	402
慂	ㄩㄥ	323
慃	ㄧㄤ	219
慄	ㄌㄧ	516
慅	ㄙㄠ	279
慆	ㄊㄠ	358
慈	ㄘ	1233
慉	ㄒㄩ	309
慊	ㄑㄧㄝ	291
慊	ㄑㄧㄢ	291
態	ㄊㄞ	1640
慌	ㄏㄨㄤ	1617
慍	ㄩㄣ	650
慎	ㄕㄣ	1155
慏	ㄇㄧㄥ	245
慒	ㄘㄠ	343
慒	ㄘㄨㄥ	343
慓	ㄆㄧㄠ	411
慔	ㄇㄨ	251
慕	ㄇㄨ	1479
慖	ㄍㄨㄛ	376
慗	ㄔ	215
慘	ㄘㄢ	4419
慙	ㄘㄢ	301
慚	ㄘㄢ	700
慛	ㄘㄨㄟ	294
慜	ㄇㄧㄣ	467
慝	ㄊㄜ	459
慞	ㄓㄤ	306
慟	ㄊㄨㄥ	595
慠	ㄠ	387
慡	ㄕㄨㄤ	364
慢	ㄇㄢ	15166
慣	ㄍㄨㄢ	1526
慤	ㄑㄩㄝ	1
慥	ㄗㄠ	452
慦	ㄐㄧㄡ	388
慧	ㄏㄨㄟ	2382
慨	ㄎㄞ	707
慩	ㄌㄧㄢ	330
慪	ㄡ	497
慫	ㄙㄨㄥ	756
慬	ㄐㄧㄣ	496
慭	ㄧㄣ	363
慮	ㄌㄩ	989
慯	ㄕㄤ	537
慰	ㄨㄟ	971
慱	ㄊㄨㄢ	317
慲	ㄇㄢ	452
慳	ㄑㄧㄢ	595
慴	ㄓㄜ	345
慵	ㄩㄥ	631
慶	ㄑㄧㄥ	2958
慷	ㄎㄤ	621
慸	ㄉㄧ	224
慸	ㄔ	224
慹	ㄓ	404
慹	ㄓㄜ	404
慺	ㄌㄡ	306
慺	ㄌㄩ	306
慻	ㄐㄩㄢ	307
慼	ㄑㄧ	955
慽	ㄑㄧ	325
慾	ㄩ	1182
慿	ㄆㄧㄥ	329
憀	ㄌㄧㄠ	329
憁	ㄘㄨㄥ	207
憁	ㄙㄨㄥ	207
憂	ㄧㄡ	1713
憃	ㄔㄨㄥ	274
憄	ㄓ	384
憅	ㄊㄨㄥ	472
憆	ㄔㄥ	191
憇	ㄑㄧ	473
憈	ㄑㄩ	264
憉	ㄆㄥ	264
憊	ㄅㄟ	686
憋	ㄅㄧㄝ	1995
憌	ㄑㄩㄥ	203
憍	ㄐㄧㄠ	488
憎	ㄗㄥ	821
憏	ㄔ	207
憐	ㄌㄧㄢ	1218
憑	ㄆㄧㄥ	3768
憒	ㄎㄨㄟ	577
憓	ㄏㄨㄟ	396
憔	ㄑㄧㄠ	566
憕	ㄉㄥ	375
憕	ㄓㄥ	375
憕	ㄔㄥ	375
憖	ㄧㄣ	328
憗	ㄧㄣ	278
憘	ㄒㄧ	357
憙	ㄒㄧ	449
憚	ㄉㄢ	601
憛	ㄊㄢ	257
憜	ㄉㄨㄛ	387
憝	ㄉㄨㄟ	393
憞	ㄉㄨㄟ	314
憞	ㄉㄨㄣ	314
憞	ㄊㄨㄣ	314
憟	ㄙㄨ	360
憠	ㄐㄩㄝ	218
憡	ㄘㄜ	459
憢	ㄐㄧㄠ	290
憢	ㄒㄧㄠ	290
憣	ㄈㄢ	267
憤	ㄈㄣ	913
憥	ㄌㄠ	267
憦	ㄌㄠ	233
憧	ㄔㄨㄥ	591
憨	ㄏㄢ	911
憩	ㄑㄧ	587
憪	ㄒㄧㄢ	324
憫	ㄇㄧㄣ	687
憬	ㄐㄧㄥ	640
憭	ㄌㄧㄠ	335
憮	ㄨ	527
憯	ㄘㄢ	341
憰	ㄐㄩㄝ	257
憱	ㄘㄨ	425
憲	ㄒㄧㄢ	1268
憳	ㄊㄢ	450
憴	ㄕㄥ	233
憵	ㄆㄧ	225
憶	ㄧ	1546
憷	ㄔㄨ	556
憸	ㄒㄧㄢ	331
憹	ㄋㄠ	322
憹	ㄋㄤ	322
憹	ㄋㄨㄥ	322
憺	ㄉㄢ	397
憻	ㄊㄢ	243
憼	ㄐㄧㄥ	257
憽	ㄙㄨㄥ	254
憾	ㄏㄢ	816
憿	ㄐㄧ	341
憿	ㄐㄧㄠ	341
懀	ㄨㄟ	264
懁	ㄏㄨㄢ	322
懁	ㄒㄩㄢ	322
懂	ㄉㄨㄥ	9825
懃	ㄑㄧㄣ	3
懄	ㄑㄧㄣ	318
懅	ㄑㄩ	303
懆	ㄘㄠ	419
懇	ㄎㄣ	716
懈	ㄒㄧㄝ	769
應	ㄧㄥ	10605
懊	ㄠ	604
懋	ㄇㄠ	672
懌	ㄧ	550
懍	ㄌㄧㄣ	592
懎	ㄙㄜ	256
懏	ㄐㄩㄣ	255
懐	ㄏㄨㄞ	498
懕	ㄧㄝ	347
懕	ㄧㄢ	347
懖	ㄎㄨㄛ	212
懗	ㄒㄧㄚ	338
懘	ㄔ	283
懙	ㄩ	342
懚	ㄧㄣ	307
懛	ㄉㄞ	216
懜	ㄇㄥ	403
懝	ㄋㄧ	290
懝	ㄞ	290
懞	ㄇㄥ	483
懟	ㄉㄨㄟ	645
懠	ㄑㄧ	416
懡	ㄇㄛ	386
懢	ㄌㄢ	291
懢	ㄒㄧㄢ	291
懣	ㄇㄣ	485
懤	ㄔㄡ	231
懥	ㄓ	288
懦	ㄋㄨㄛ	619
懧	ㄋㄨㄛ	271
懨	ㄧㄢ	498
懩	ㄧㄤ	311
懪	ㄅㄛ	357
懫	ㄓ	269
懬	ㄎㄨㄤ	211
懭	ㄎㄨㄤ	258
懮	ㄧㄡ	466
懯	ㄈㄨ	251
懰	ㄌㄧㄡ	332
懱	ㄇㄧㄝ	300
懲	ㄔㄥ	757
懳	ㄏㄨㄟ	400
懴	ㄔㄢ	294
懵	ㄇㄥ	834
懶	ㄌㄢ	3877
懷	ㄏㄨㄞ	2788
懸	ㄒㄩㄢ	1594
懹	ㄖㄤ	289
懺	ㄔㄢ	627
懻	ㄐㄧ	270
懼	ㄐㄩ	950
懽	ㄏㄨㄢ	393
懾	ㄕㄜ	654
懿	ㄧ	928
戀	ㄌㄧㄢ	2398
戁	ㄋㄢ	462
戂	ㄇㄛ	207
戂	ㄇㄧ	207
戃	ㄊㄤ	229
戄	ㄐㄩㄝ	211
戅	ㄍㄤ	292
戇	ㄍㄤ	346
戇	ㄓㄨㄤ	346
戈	ㄍㄜ	1658
戉	ㄩㄝ	343
戊	ㄨ	875
戌	ㄒㄩ	746
戍	ㄕㄨ	710
戎	ㄖㄨㄥ	928
成	ㄔㄥ	34039
我	ㄨㄛ	1191911
戒	ㄐㄧㄝ	2045
戓	ㄍㄜ	539
戔	ㄐㄧㄢ	557
戕	ㄑㄧㄤ	510
或	ㄏㄨㄛ	84145
戙	ㄉㄨㄥ	458
戚	ㄑㄧ	828
戛	ㄐㄧㄚ	574
戜	ㄉㄧㄝ	477
戝	ㄗㄟ	571
戞	ㄐㄧㄚ	525
戟	ㄐㄧ	849
戠	ㄕ	576
戡	ㄎㄢ	508
戢	ㄐㄧ	529
戣	ㄎㄨㄟ	481
戤	ㄍㄞ	334
戥	ㄉㄥ	451
戦	ㄓㄢ	646
戧	ㄑㄧㄤ	511
戨	ㄍㄜ	466
戩	ㄐㄧㄢ	634
截	ㄐㄧㄝ	1859
戫	ㄩ	293
戭	ㄧㄢ	450
戮	ㄌㄨ	709
戰	ㄓㄢ	4900
戱	ㄒㄧ	542
戲	ㄒㄧ	5280
戳	ㄔㄨㄛ	1389
戴	ㄉㄞ	5156
戵	ㄑㄩ	199
戶	ㄏㄨ	4336
户	ㄏㄨ	100
戸	ㄏㄨ	579
戹	ㄜ	279
戺	ㄕ	324
戻	ㄌㄧ	499
戼	ㄇㄠ	270
戽	ㄏㄨ	406
戾	ㄌㄧ	642
房	ㄈㄤ	8348
所	ㄙㄨㄛ	44995
扁	ㄅㄧㄢ	2493
扁	ㄆㄧㄢ	25
扂	ㄉㄧㄢ	453
扃	ㄐㄩㄥ	494
扅	ㄧ	313
扆	ㄧ	477
扇	ㄕㄢ	344
扇	ㄕㄢ	1375
扈	ㄏㄨ	699
扉	ㄈㄟ	702
扊	ㄧㄢ	307
手	ㄕㄡ	17113
扌	ㄕㄡ	657
才	ㄘㄞ	69970
扎	ㄓㄚ	177
扎	ㄓㄚ	1592
扏	ㄑㄧㄡ	238
扐	ㄌㄜ	388
扑	ㄆㄛ	3
扑	ㄆㄡ	2
扑	ㄆㄨ	245
扒	ㄅㄚ	1154
扒	ㄆㄚ	288
打	ㄉㄚ	1087
打	ㄉㄚ	107623
扔	ㄖㄥ	3413
払	ㄈㄨ	439
扗	ㄗㄞ	252
托	ㄊㄨㄛ	2806
扙	ㄓㄤ	349
扚	ㄉㄧ	477
扚	ㄉㄧㄠ	477
扚	ㄌㄧ	477
扚	ㄩㄝ	477
扛	ㄍㄤ	15
扛	ㄎㄤ	1518
扜	ㄨ	319
扜	ㄩ	319
扝	ㄎㄨ	249
扝	ㄨ	249
扞	ㄏㄢ	480
扟	ㄕㄣ	227
扠	ㄔㄚ	417
扡	ㄔ	333
扢	ㄍㄨ	173
扢	ㄒㄧ	173
扣	ㄎㄡ	2905
扤	ㄨ	302
扥	ㄉㄣ	433
扦	ㄑㄧㄢ	552
扨	ㄖㄣ	286
扭	ㄋㄧㄡ	799
扮	ㄅㄢ	1519
扯	ㄔㄜ	3035
扰	ㄧㄡ	90
扱	ㄒㄧ	452
扲	ㄑㄧㄢ	344
扲	ㄑㄧㄣ	344
扳	ㄅㄢ	890
扳	ㄆㄢ	47
扴	ㄐㄧㄚ	288
扵	ㄩ	287
扶	ㄈㄨ	1884
扷	ㄠ	258
扸	ㄒㄧ	237
扸	ㄓㄜ	237
批	ㄆㄧ	4336
扺	ㄑㄧ	4
扺	ㄓ	4
扻	ㄗ	276
扼	ㄜ	781
扽	ㄉㄨㄣ	770
找	ㄓㄠ	78886
承	ㄔㄥ	2184
技	ㄐㄧ	1914
抁	ㄧㄢ	218
抂	ㄎㄨㄤ	307
抂	ㄨㄤ	307
抃	ㄅㄧㄢ	409
抄	ㄔㄠ	3219
抅	ㄐㄩ	382
抆	ㄨㄣ	353
抇	ㄏㄨ	350
抈	ㄩㄝ	328
抉	ㄐㄩㄝ	546
把	ㄅㄚ	1662
把	ㄅㄚ	164560
抋	ㄑㄧㄣ	277
抌	ㄓㄣ	315
抍	ㄓㄥ	265
抎	ㄩㄣ	323
抏	ㄨㄢ	250
抐	ㄋㄚ	305
抐	ㄋㄜ	305
抐	ㄋㄧ	305
抐	ㄖㄨㄟ	305
抑	ㄧ	1083
抒	ㄕㄨ	742
抓	ㄓㄨㄚ	8872
抔	ㄆㄡ	507
投	ㄊㄡ	7693
抖	ㄉㄡ	1732
抗	ㄎㄤ	4820
折	ㄓㄜ	46
折	ㄓㄜ	4336
折	ㄕㄜ	231
抙	ㄆㄡ	323
抜	ㄅㄚ	508
抝	ㄠ	426
択	ㄗㄜ	433
抦	ㄅㄧㄥ	432
抧	ㄓ	408
抧	ㄓㄞ	408
抨	ㄆㄥ	482
抩	ㄊㄢ	234
抪	ㄅㄚ	284
抪	ㄅㄨ	284
抪	ㄆㄨ	284
披	ㄆㄧ	1239
抬	ㄊㄞ	2128
抭	ㄊㄠ	290
抭	ㄧㄠ	290
抮	ㄓㄣ	391
抯	ㄓㄚ	474
抰	ㄧㄤ	442
抱	ㄅㄠ	5629
抲	ㄏㄜ	320
抲	ㄑㄧㄚ	320
抳	ㄋㄧ	397
抵	ㄉㄧ	2985
抶	ㄔ	317
抷	ㄆㄟ	353
抷	ㄆㄧ	353
抸	ㄐㄧㄚ	226
抹	ㄇㄛ	975
抺	ㄇㄟ	467
抻	ㄔㄣ	654
押	ㄧㄚ	3354
抽	ㄔㄡ	5633
抾	ㄑㄩ	351
抿	ㄇㄧㄣ	815
拀	ㄔㄨ	287
拁	ㄐㄧㄚ	257
拁	ㄧㄚ	257
拂	ㄈㄨ	1157
拃	ㄓㄚ	65
拃	ㄓㄢ	65
拄	ㄓㄨ	684
担	ㄉㄢ	100
担	ㄐㄧㄝ	100
拆	ㄔㄞ	3376
拇	ㄇㄨ	719
拈	ㄋㄧㄢ	386
拉	ㄌㄚ	26133
拊	ㄈㄨ	559
拋	ㄆㄠ	3807
拌	ㄅㄢ	1370
拍	ㄆㄞ	19173
拎	ㄌㄧㄣ	1222
拏	ㄋㄚ	494
拐	ㄍㄨㄞ	1241
拑	ㄑㄧㄢ	357
拒	ㄐㄩ	1549
拓	ㄊㄚ	760
拓	ㄊㄨㄛ	760
拔	ㄅㄚ	2606
拕	ㄊㄨㄛ	316
拖	ㄊㄨㄛ	4454
拗	ㄋㄧㄡ	405
拗	ㄠ	405
拘	ㄐㄩ	841
拙	ㄓㄨㄛ	918
拚	ㄆㄢ	330
拚	ㄆㄧㄣ	330
招	ㄓㄠ	7112
拜	ㄅㄞ	2797
拝	ㄅㄞ	442
拞	ㄉㄧ	315
拠	ㄐㄩ	419
拡	ㄎㄨㄛ	418
拤	ㄑㄧㄚ	311
拪	ㄑㄧㄢ	209
拫	ㄏㄣ	449
括	ㄎㄨㄛ	849
拭	ㄕ	834
拮	ㄐㄧㄝ	549
拯	ㄓㄥ	651
拰	ㄋㄧㄣ	466
拱	ㄍㄨㄥ	1201
拲	ㄍㄨㄥ	271
拳	ㄑㄩㄢ	1877
拴	ㄕㄨㄢ	942
拵	ㄗㄨㄣ	339
拵	ㄘㄨㄣ	339
拶	ㄗㄢ	469
拷	ㄎㄠ	1654
拸	ㄏㄞ	326
拸	ㄔ	326
拸	ㄧ	326
拹	ㄒㄧㄝ	322
拺	ㄔㄨㄛ	294
拺	ㄘㄜ	294
拺	ㄙㄜ	294
拻	ㄏㄨㄟ	350
拼	ㄆㄧㄣ	3088
拽	ㄓㄨㄞ	94
拽	ㄓㄨㄞ	1686
拽	ㄧㄝ	94
拾	ㄕ	1460
拿	ㄋㄚ	39456
挀	ㄅㄞ	361
持	ㄔ	4624
挂	ㄍㄨㄚ	1091
挃	ㄉㄧㄝ	324
挃	ㄓ	324
挄	ㄍㄨㄤ	280
挄	ㄎㄨㄛ	280
挅	ㄉㄨㄛ	273
挆	ㄉㄨㄛ	246
指	ㄓ	9663
挈	ㄑㄧㄝ	534
按	ㄢ	26702
挊	ㄋㄨㄥ	220
挋	ㄓㄣ	315
挌	ㄍㄜ	3
挍	ㄐㄧㄠ	363
挎	ㄎㄨㄚ	763
挏	ㄉㄨㄥ	253
挐	ㄋㄚ	359
挑	ㄊㄧㄠ	2659
挒	ㄌㄧㄝ	406
挓	ㄓㄚ	353
挔	ㄌㄩ	266
挕	ㄉㄧㄝ	289
挕	ㄕㄜ	289
挖	ㄨㄚ	5348
挗	ㄐㄩㄝ	336
挙	ㄐㄩ	429
挧	ㄩ	312
挨	ㄞ	1156
挩	ㄊㄨㄛ	262
挪	ㄋㄨㄛ	1392
挫	ㄘㄨㄛ	1070
挬	ㄅㄛ	288
挭	ㄍㄥ	346
挮	ㄊㄧ	312
振	ㄓㄣ	2301
挰	ㄔㄥ	288
挲	ㄙㄨㄛ	475
挳	ㄎㄥ	312
挴	ㄇㄟ	330
挵	ㄌㄨㄥ	427
挶	ㄐㄩ	28
挷	ㄆㄥ	349
挸	ㄐㄧㄢ	378
挹	ㄧ	606
挺	ㄊㄧㄥ	21586
挻	ㄕㄢ	475
挻	ㄧㄢ	475
挼	ㄌㄨㄛ	426
挼	ㄖㄨㄚ	426
挼	ㄖㄨㄛ	426
挼	ㄙㄨㄟ	426
挽	ㄨㄢ	697
挾	ㄐㄧㄚ	433
挾	ㄒㄧㄝ	433
挿	ㄔㄚ	451
捀	ㄈㄥ	284
捁	ㄎㄨ	301
捁	ㄐㄧㄠ	301
捂	ㄨ	1333
捃	ㄐㄩㄣ	436
捄	ㄐㄧㄡ	342
捅	ㄊㄨㄥ	1298
捆	ㄎㄨㄣ	1076
捇	ㄏㄨㄛ	323
捇	ㄔ	323
捈	ㄊㄨ	308
捈	ㄔㄚ	308
捈	ㄕㄨ	308
捉	ㄓㄨㄛ	1621
捊	ㄆㄡ	432
捊	ㄈㄨ	432
捋	ㄌㄨㄛ	406
捋	ㄌㄩ	406
捌	ㄅㄚ	791
捍	ㄏㄢ	662
捎	ㄕㄠ	866
捏	ㄋㄧㄝ	5001
捐	ㄐㄩㄢ	2030
捑	ㄗㄜ	236
捒	ㄕㄨ	303
捒	ㄙㄡ	303
捒	ㄙㄨㄥ	303
捓	ㄧㄝ	204
捓	ㄩ	204
捔	ㄐㄩㄝ	433
捔	ㄓㄨㄛ	433
捕	ㄅㄨ	1137
捖	ㄍㄨㄚ	361
捖	ㄨㄢ	361
捗	ㄅㄨ	346
捘	ㄗㄨㄣ	247
捙	ㄧ	231
捚	ㄓㄞ	237
捛	ㄌㄩ	266
捜	ㄙㄡ	473
捥	ㄨㄢ	353
捦	ㄑㄧㄣ	226
捧	ㄆㄥ	2125
捨	ㄕㄜ	715
捩	ㄌㄧㄝ	487
捪	ㄇㄧㄣ	253
捫	ㄇㄣ	659
捬	ㄅㄨ	256
捬	ㄈㄨ	256
捭	ㄅㄛ	224
捭	ㄅㄞ	224
据	ㄐㄩ	1172
捯	ㄉㄠ	522
捰	ㄌㄨㄛ	370
捰	ㄨㄛ	370
捱	ㄞ	1474
捲	ㄐㄩㄢ	2695
捳	ㄩㄝ	329
捴	ㄗㄨㄥ	339
捵	ㄊㄧㄢ	273
捵	ㄋㄧㄢ	273
捵	ㄔㄣ	273
捶	ㄔㄨㄟ	911
捷	ㄐㄧㄝ	1603
捸	ㄊㄨ	266
捹	ㄅㄣ	230
捺	ㄋㄚ	673
捻	ㄋㄧㄢ	1007
捼	ㄋㄨㄛ	261
捽	ㄗㄨ	212
捽	ㄗㄨㄛ	212
捾	ㄒㄧㄚ	180
捾	ㄨㄛ	180
捿	ㄒㄧ	246
掀	ㄒㄧㄢ	1092
掁	ㄔㄥ	367
掂	ㄉㄧㄢ	1041
掃	ㄙㄠ	1409
掄	ㄌㄨㄣ	382
掅	ㄑㄧㄥ	335
掆	ㄍㄤ	293
掇	ㄉㄨㄛ	562
授	ㄕㄡ	1233
掉	ㄉㄧㄠ	21526
掊	ㄆㄡ	236
掋	ㄉㄧ	347
掌	ㄓㄤ	1870
掍	ㄏㄨㄣ	393
掎	ㄐㄧ	429
掏	ㄊㄠ	1646
掐	ㄑㄧㄚ	1490
掑	ㄑㄧ	486
排	ㄆㄞ	6824
掓	ㄕㄨ	413
掔	ㄑㄧㄢ	395
掕	ㄌㄧㄥ	446
掖	ㄧㄝ	352
掗	ㄧㄚ	312
掘	ㄐㄩㄝ	1062
掙	ㄓㄥ	1775
掚	ㄌㄧㄤ	215
掛	ㄍㄨㄚ	12581
掜	ㄋㄞ	294
掜	ㄋㄧ	294
掜	ㄋㄧㄝ	294
掜	ㄧ	294
掝	ㄏㄨㄛ	305
掝	ㄒㄩ	305
掞	ㄕㄢ	380
掟	ㄉㄧㄥ	497
掟	ㄓㄥ	497
掠	ㄌㄩㄝ	960
採	ㄘㄞ	1888
探	ㄊㄢ	2602
掣	ㄔㄜ	689
掤	ㄅㄧㄥ	458
接	ㄐㄧㄝ	18638
掦	ㄊㄧ	304
控	ㄎㄨㄥ	2347
推	ㄊㄨㄟ	6151
掩	ㄧㄢ	1087
措	ㄘㄨㄛ	1301
掫	ㄗㄡ	383
掬	ㄐㄩ	683
掭	ㄊㄧㄢ	461
掮	ㄑㄧㄢ	431
掯	ㄎㄣ	327
掰	ㄅㄞ	1056
掱	ㄆㄚ	632
掱	ㄕㄡ	632
掲	ㄐㄧㄝ	451
掵	ㄇㄧㄥ	537
掹	ㄇㄥ	100
掻	ㄙㄠ	358
掽	ㄆㄥ	251
掾	ㄩㄢ	532
掿	ㄋㄨㄛ	276
揀	ㄐㄧㄢ	1329
揁	ㄎㄥ	225
揁	ㄓㄥ	225
揂	ㄐㄧㄡ	343
揂	ㄧㄡ	343
揃	ㄐㄧㄢ	404
揄	ㄩ	468
揅	ㄧㄢ	336
揆	ㄎㄨㄟ	564
揇	ㄋㄢ	316
揈	ㄏㄨㄥ	274
揈	ㄐㄩ	274
揈	ㄒㄩㄢ	274
揉	ㄖㄡ	1644
揊	ㄆㄧ	327
揊	ㄔㄜ	327
揋	ㄨㄟ	304
揌	ㄙㄞ	303
揍	ㄗㄡ	1521
揎	ㄒㄩㄢ	423
描	ㄇㄧㄠ	1006
提	ㄊㄧ	9436
揑	ㄋㄧㄝ	434
插	ㄔㄚ	4615
揓	ㄕ	261
揔	ㄗㄨㄥ	291
揔	ㄙㄨㄥ	291
揕	ㄓㄣ	308
揖	ㄧ	709
揗	ㄕㄨㄣ	324
揘	ㄏㄨㄤ	251
揙	ㄅㄧㄢ	343
揚	ㄧㄤ	2758
換	ㄏㄨㄢ	33491
揜	ㄧㄢ	368
揝	ㄗㄨㄢ	357
揞	ㄢ	364
揟	ㄐㄩ	301
揟	ㄒㄩ	301
揠	ㄧㄚ	391
握	ㄨㄛ	1861
揢	ㄎㄜ	286
揢	ㄑㄧㄚ	286
揣	ㄔㄨㄞ	189
揣	ㄔㄨㄞ	757
揤	ㄐㄧ	331
揥	ㄊㄧ	306
揦	ㄌㄚ	417
揧	ㄌㄚ	216
揨	ㄔㄣ	239
揩	ㄎㄞ	694
揪	ㄐㄧㄡ	1242
揫	ㄐㄧㄡ	235
揬	ㄊㄨ	258
揭	ㄐㄧㄝ	1532
揮	ㄏㄨㄟ	1506
揯	ㄍㄣ	215
揰	ㄔㄨㄥ	294
揱	ㄒㄧㄠ	220
揱	ㄒㄧㄢ	220
揱	ㄕㄨㄛ	220
揲	ㄕㄜ	418
揳	ㄐㄧㄚ	326
揳	ㄒㄧㄝ	326
援	ㄩㄢ	1077
揵	ㄑㄧㄢ	428
揶	ㄧㄝ	485
揷	ㄔㄚ	431
揸	ㄓㄚ	604
揹	ㄅㄟ	123
揺	ㄧㄠ	510
揼	ㄅㄥ	271
搆	ㄍㄡ	2
搇	ㄑㄧㄣ	262
搈	ㄖㄨㄥ	220
搉	ㄑㄩㄝ	332
搊	ㄔㄡ	323
搋	ㄔㄨㄞ	371
搌	ㄓㄢ	419
損	ㄙㄨㄣ	1863
搎	ㄙㄨㄣ	246
搏	ㄅㄛ	1177
搐	ㄔㄨ	470
搑	ㄋㄤ	215
搑	ㄖㄨㄥ	215
搒	ㄅㄤ	356
搒	ㄅㄥ	356
搒	ㄆㄥ	356
搓	ㄘㄨㄛ	1442
搔	ㄙㄠ	761
搕	ㄎㄜ	319
搖	ㄧㄠ	1906
搗	ㄉㄠ	1094
搘	ㄓ	319
搙	ㄋㄡ	294
搙	ㄋㄨ	294
搙	ㄋㄨㄛ	294
搚	ㄌㄚ	232
搚	ㄒㄧㄝ	232
搚	ㄒㄧㄢ	232
搛	ㄌㄧㄢ	466
搛	ㄐㄧㄢ	466
搜	ㄙㄡ	2554
搝	ㄑㄧㄡ	232
搞	ㄍㄠ	40736
搠	ㄕㄨㄛ	474
搡	ㄙㄤ	535
搢	ㄐㄧㄣ	416
搣	ㄇㄧㄝ	447
搤	ㄜ	293
搥	ㄔㄨㄟ	78
搦	ㄋㄨㄛ	450
搧	ㄕㄢ	537
搨	ㄊㄚ	352
搩	ㄐㄧㄝ	355
搩	ㄓㄚ	355
搪	ㄊㄤ	620
搫	ㄅㄢ	321
搫	ㄆㄛ	321
搫	ㄆㄢ	321
搬	ㄅㄢ	4500
搭	ㄉㄚ	3039
搮	ㄌㄧ	291
搯	ㄊㄠ	2
搰	ㄏㄨ	334
搱	ㄋㄞ	315
搱	ㄓ	315
搲	ㄨㄚ	108
搳	ㄏㄨㄚ	279
搳	ㄑㄧㄚ	279
搳	ㄒㄧㄚ	279
搴	ㄑㄧㄢ	585
搵	ㄨㄣ	482
搶	ㄑㄧㄤ	85
搶	ㄑㄧㄤ	8405
搷	ㄔㄣ	352
搸	ㄓㄣ	283
搹	ㄜ	241
携	ㄒㄧㄝ	100
搻	ㄋㄨㄛ	336
搼	ㄑㄩㄢ	249
搽	ㄔㄚ	911
搾	ㄓㄚ	14
搿	ㄍㄜ	522
摀	ㄨ	55
摁	ㄣ	964
摂	ㄕㄜ	387
摃	ㄍㄤ	9
摋	ㄕㄚ	394
摋	ㄕㄞ	394
摋	ㄙㄚ	394
摌	ㄔㄢ	229
摌	ㄙㄨㄣ	229
摍	ㄙㄨㄛ	247
摎	ㄌㄧㄠ	294
摏	ㄔㄨㄥ	236
摐	ㄔㄨㄤ	378
摑	ㄍㄨㄛ	619
摒	ㄅㄧㄥ	581
摓	ㄈㄥ	321
摔	ㄕㄨㄞ	2174
摕	ㄉㄧ	216
摕	ㄊㄨ	216
摕	ㄓ	216
摖	ㄑㄧ	363
摖	ㄔㄚ	363
摗	ㄙㄡ	259
摗	ㄙㄨㄥ	259
摘	ㄓㄞ	1909
摙	ㄌㄧㄢ	282
摚	ㄔㄥ	254
摛	ㄔ	425
摜	ㄍㄨㄢ	537
摝	ㄌㄨ	305
摞	ㄌㄨㄛ	868
摟	ㄌㄡ	66
摟	ㄌㄡ	1253
摠	ㄗㄨㄥ	293
摡	ㄍㄞ	351
摡	ㄒㄧ	351
摢	ㄏㄨ	313
摢	ㄔㄨ	313
摣	ㄓㄚ	302
摣	ㄓㄨㄚ	302
摤	ㄔㄨㄤ	348
摥	ㄊㄤ	325
摦	ㄏㄨㄚ	266
摧	ㄘㄨㄟ	859
摨	ㄋㄞ	283
摨	ㄓ	283
摩	ㄇㄛ	1721
摪	ㄐㄧㄤ	363
摪	ㄑㄧㄤ	363
摫	ㄍㄨㄟ	273
摬	ㄧㄥ	296
摭	ㄓ	522
摮	ㄠ	305
摯	ㄓ	732
摰	ㄋㄧㄝ	400
摱	ㄇㄢ	365
摲	ㄕㄢ	321
摳	ㄎㄡ	1151
摴	ㄕㄨ	350
摵	ㄇㄧ	331
摵	ㄕㄜ	331
摵	ㄙㄨ	331
摶	ㄊㄨㄢ	603
摷	ㄐㄧㄠ	323
摸	ㄇㄛ	2224
摹	ㄇㄛ	746
摺	ㄓㄜ	920
摻	ㄔㄢ	980
摻	ㄕㄢ	52
摼	ㄎㄥ	347
摼	ㄑㄧㄢ	347
摽	ㄅㄧㄠ	222
摽	ㄆㄧㄠ	222
摾	ㄐㄧㄤ	236
摿	ㄧㄣ	274
撀	ㄍㄡ	261
撁	ㄑㄧㄢ	449
撂	ㄌㄧㄠ	683
撃	ㄐㄧ	547
撅	ㄐㄩㄝ	767
撆	ㄆㄧㄝ	246
撇	ㄆㄧㄝ	112
撇	ㄆㄧㄝ	1012
撈	ㄌㄠ	2172
撉	ㄉㄨㄣ	261
撊	ㄒㄧㄢ	266
撋	ㄖㄨㄢ	291
撌	ㄍㄨㄟ	300
撍	ㄑㄧㄢ	309
撍	ㄗㄢ	309
撍	ㄗㄣ	309
撎	ㄧ	301
撏	ㄒㄧㄢ	315
撐	ㄔㄥ	2357
撑	ㄔㄥ	100
撒	ㄙㄚ	9391
撓	ㄋㄠ	1090
撔	ㄏㄨㄥ	278
撕	ㄙ	1389
撖	ㄏㄢ	378
撖	ㄑㄧㄢ	378
撗	ㄍㄨㄤ	300
撘	ㄉㄚ	442
撙	ㄗㄨㄣ	401
撚	ㄋㄧㄢ	400
撛	ㄌㄧㄣ	244
撜	ㄓㄥ	268
撜	ㄔㄥ	268
撝	ㄏㄨㄟ	3
撞	ㄓㄨㄤ	3079
撟	ㄐㄧㄠ	465
撠	ㄐㄧ	255
撡	ㄘㄠ	253
撢	ㄉㄢ	2
撣	ㄉㄢ	670
撤	ㄔㄜ	2288
撥	ㄅㄛ	2474
撦	ㄔㄜ	25
撧	ㄐㄩㄝ	415
撨	ㄈㄨ	300
撨	ㄒㄧㄠ	300
撨	ㄙㄡ	300
撩	ㄌㄧㄠ	469
撪	ㄅㄣ	261
撫	ㄈㄨ	1225
撬	ㄑㄧㄠ	890
播	ㄅㄛ	2537
撮	ㄘㄨㄛ	1646
撯	ㄓㄨㄛ	376
撰	ㄓㄨㄢ	935
撱	ㄊㄨㄛ	348
撲	ㄆㄨ	2054
撳	ㄑㄧㄣ	572
撴	ㄉㄨㄣ	438
撹	ㄐㄧㄠ	447
撻	ㄊㄚ	639
撼	ㄏㄢ	796
撽	ㄐㄧ	273
撽	ㄑㄧㄠ	273
撽	ㄧㄠ	273
撾	ㄓㄨㄚ	650
撿	ㄐㄧㄢ	2490
擀	ㄍㄢ	698
擁	ㄩㄥ	1579
擂	ㄌㄟ	365
擃	ㄋㄤ	230
擄	ㄌㄨ	721
擅	ㄕㄢ	853
擆	ㄓㄨㄛ	258
擇	ㄓㄞ	65
擇	ㄗㄜ	1237
擈	ㄆㄨ	247
擉	ㄔㄨㄛ	246
擊	ㄐㄧ	2024
擋	ㄉㄤ	1171
擌	ㄙㄜ	169
操	ㄘㄠ	413
操	ㄘㄠ	7838
擎	ㄑㄧㄥ	890
擏	ㄐㄧㄥ	339
擏	ㄑㄧㄥ	339
擐	ㄏㄨㄢ	426
擑	ㄐㄧㄝ	188
擒	ㄑㄧㄣ	930
擔	ㄉㄢ	785
擕	ㄒㄧ	381
擕	ㄒㄧㄝ	381
擖	ㄍㄜ	286
擗	ㄆㄧ	404
擘	ㄅㄛ	528
擙	ㄠ	245
據	ㄐㄩ	14189
擛	ㄧㄝ	259
擝	ㄇㄥ	17
擟	ㄇㄧ	291
擠	ㄐㄧ	3149
擡	ㄊㄞ	100
擢	ㄓㄨㄛ	599
擣	ㄉㄠ	1
擤	ㄒㄧㄥ	559
擥	ㄌㄢ	310
擦	ㄘㄚ	3573
擧	ㄐㄩ	387
擨	ㄧㄝ	209
擩	ㄖㄨ	310
擪	ㄧㄝ	260
擫	ㄧㄝ	351
擬	ㄋㄧ	3654
擭	ㄏㄨㄛ	400
擮	ㄐㄧ	303
擯	ㄅㄧㄣ	536
擰	ㄋㄧㄥ	471
擱	ㄍㄜ	13
擱	ㄍㄜ	1262
擲	ㄓ	984
擳	ㄐㄧㄝ	345
擳	ㄓ	345
擴	ㄎㄨㄛ	1397
擵	ㄇㄛ	318
擶	ㄐㄧㄢ	269
擷	ㄒㄧㄝ	597
擸	ㄌㄧㄝ	346
擹	ㄊㄢ	206
擺	ㄅㄞ	3150
擻	ㄙㄡ	613
擼	ㄌㄨ	669
擽	ㄌㄩㄝ	301
擾	ㄖㄠ	1061
擿	ㄊㄧ	197
擿	ㄓ	197
攀	ㄆㄢ	1252
攁	ㄧㄤ	294
攂	ㄌㄟ	234
攃	ㄙㄚ	403
攄	ㄕㄨ	418
攅	ㄗㄢ	274
攆	ㄋㄧㄢ	751
攇	ㄒㄧㄢ	241
攈	ㄆㄟ	271
攈	ㄐㄩㄣ	271
攉	ㄏㄨㄛ	403
攉	ㄑㄩㄝ	403
攊	ㄌㄧ	255
攋	ㄌㄚ	413
攋	ㄌㄞ	413
攌	ㄏㄨㄢ	212
攍	ㄧㄥ	250
攎	ㄌㄨ	245
攎	ㄌㄨㄛ	245
攏	ㄌㄨㄥ	942
攐	ㄑㄧㄢ	208
攑	ㄑㄧㄢ	215
攓	ㄑㄧㄢ	196
攔	ㄌㄢ	1318
攕	ㄐㄧㄢ	272
攕	ㄒㄧㄢ	272
攖	ㄧㄥ	495
攗	ㄇㄟ	222
攘	ㄖㄤ	644
攙	ㄔㄢ	710
攛	ㄘㄨㄢ	452
攜	ㄒㄧ	2058
攜	ㄒㄧㄝ	2058
攝	ㄕㄜ	2221
攞	ㄌㄨㄛ	605
攟	ㄐㄩㄣ	373
攠	ㄇㄛ	416
攠	ㄇㄧ	416
攡	ㄌㄧ	264
攢	ㄗㄢ	854
攢	ㄘㄨㄢ	854
攣	ㄌㄨㄢ	623
攤	ㄊㄢ	1554
攥	ㄗㄨㄢ	774
攦	ㄌㄧ	353
攦	ㄕㄞ	353
攧	ㄉㄧㄢ	338
攨	ㄨㄚ	285
攩	ㄉㄤ	313
攪	ㄐㄧㄠ	1363
攫	ㄐㄩㄝ	582
攬	ㄌㄢ	1287
攭	ㄌㄧ	286
攭	ㄌㄨㄛ	286
攮	ㄋㄤ	450
支	ㄓ	4265
攰	ㄍㄨㄟ	657
攱	ㄍㄨㄟ	384
攲	ㄑㄧ	362
攳	ㄒㄩㄣ	201
攴	ㄆㄨ	627
攵	ㄆㄨ	620
收	ㄕㄡ	17737
攷	ㄎㄠ	113
攸	ㄧㄡ	742
改	ㄍㄞ	28283
攺	ㄧ	471
攻	ㄍㄨㄥ	2669
攼	ㄍㄢ	308
攼	ㄏㄢ	308
攽	ㄅㄢ	364
放	ㄈㄤ	26912
政	ㄓㄥ	2249
敀	ㄆㄛ	281
敁	ㄉㄧㄢ	334
敂	ㄎㄡ	329
敃	ㄇㄧㄣ	298
敄	ㄇㄡ	261
敄	ㄨ	261
故	ㄍㄨ	5501
敆	ㄏㄜ	245
敇	ㄔ	316
效	ㄒㄧㄠ	1656
敉	ㄇㄧ	497
敊	ㄔㄨ	400
敊	ㄕㄡ	400
敋	ㄍㄜ	310
敌	ㄏㄨㄚ	5
敍	ㄒㄩ	444
敎	ㄐㄧㄠ	800
敏	ㄇㄧㄣ	3388
敐	ㄔㄣ	292
救	ㄐㄧㄡ	4199
敒	ㄕㄣ	225
敓	ㄉㄨㄛ	508
敔	ㄩ	400
敕	ㄔ	717
敖	ㄠ	1083
敗	ㄅㄞ	2295
敘	ㄒㄩ	1115
教	ㄐㄧㄠ	3075
教	ㄐㄧㄠ	7175
敚	ㄉㄨㄛ	334
敜	ㄋㄧㄝ	310
敝	ㄅㄧ	747
敞	ㄔㄤ	721
敟	ㄉㄧㄢ	342
敠	ㄉㄨㄛ	365
敠	ㄑㄩㄝ	365
敡	ㄧ	294
敢	ㄍㄢ	8330
散	ㄙㄢ	1325
散	ㄙㄢ	3091
敤	ㄎㄜ	502
敥	ㄐㄧㄠ	286
敥	ㄧㄢ	286
敦	ㄉㄨㄣ	1133
敧	ㄑㄧ	352
敨	ㄊㄡ	300
敪	ㄉㄨㄛ	259
敫	ㄐㄧㄠ	544
敫	ㄑㄧㄠ	544
敬	ㄐㄧㄥ	2202
敭	ㄧㄤ	409
敮	ㄒㄧㄚ	395
敯	ㄇㄧㄣ	350
敱	ㄞ	402
敲	ㄑㄧㄠ	2786
敳	ㄞ	386
整	ㄓㄥ	7993
敵	ㄉㄧ	1953
敶	ㄓㄣ	298
敷	ㄈㄨ	1426
數	ㄕㄨ	2842
數	ㄕㄨ	10658
數	ㄕㄨㄛ	711
敹	ㄌㄧㄠ	401
敺	ㄑㄩ	404
敻	ㄒㄩㄥ	388
敼	ㄧ	384
敾	ㄕㄢ	410
敿	ㄐㄧㄠ	269
斀	ㄓㄨ	247
斀	ㄓㄨㄛ	247
斁	ㄧ	413
斂	ㄌㄧㄢ	451
斃	ㄅㄧ	866
斄	ㄊㄞ	301
斅	ㄒㄧㄠ	352
斅	ㄒㄩㄝ	352
文	ㄨㄣ	12104
斈	ㄒㄩㄝ	329
斉	ㄑㄧ	496
斊	ㄑㄧ	297
斌	ㄅㄧㄣ	2348
斍	ㄐㄩㄝ	272
斎	ㄓㄞ	503
斐	ㄈㄟ	1039
斑	ㄅㄢ	1748
斒	ㄅㄢ	276
斔	ㄩ	224
斕	ㄌㄢ	668
斖	ㄨㄟ	288
斗	ㄉㄡ	1506
斘	ㄕㄥ	254
料	ㄌㄧㄠ	4360
斚	ㄐㄧㄚ	252
斛	ㄏㄨ	637
斜	ㄒㄧㄝ	2109
斝	ㄐㄧㄚ	427
斞	ㄩ	221
斟	ㄓㄣ	752
斠	ㄐㄧㄠ	375
斡	ㄨㄛ	628
斢	ㄊㄡ	241
斣	ㄉㄡ	273
斤	ㄐㄧㄣ	2914
斥	ㄔ	996
斦	ㄓ	261
斦	ㄧㄣ	261
斧	ㄈㄨ	962
斨	ㄑㄧㄤ	306
斪	ㄑㄩ	258
斫	ㄓㄨㄛ	621
斬	ㄓㄢ	1756
斮	ㄓㄨㄛ	335
斯	ㄙ	4900
新	ㄒㄧㄣ	78195
斱	ㄓㄨㄛ	230
斲	ㄓㄨㄛ	387
斳	ㄐㄧㄣ	331
斳	ㄑㄧㄣ	331
斴	ㄌㄧㄣ	229
斵	ㄓㄨㄛ	303
斶	ㄔㄨ	342
斷	ㄉㄨㄢ	5782
斸	ㄓㄨ	295
方	ㄈㄤ	13669
斺	ㄐㄧㄝ	395
斺	ㄔㄢ	395
斻	ㄏㄤ	320
於	ㄩ	73580
施	ㄕ	3477
斾	ㄆㄟ	397
斿	ㄧㄡ	493
旀	ㄇㄧㄝ	444
旁	ㄆㄤ	3322
旂	ㄑㄧ	492
旃	ㄓㄢ	604
旄	ㄇㄠ	291
旅	ㄌㄩ	1916
旆	ㄆㄟ	588
旇	ㄅㄧ	432
旇	ㄆㄧ	432
旈	ㄌㄧㄡ	379
旉	ㄈㄨ	336
旊	ㄈㄤ	381
旋	ㄒㄩㄢ	158
旋	ㄒㄩㄢ	1421
旌	ㄐㄧㄥ	770
旍	ㄐㄧㄥ	361
旎	ㄋㄧ	619
族	ㄗㄨ	3167
旐	ㄓㄠ	341
旑	ㄧ	284
旒	ㄌㄧㄡ	563
旓	ㄕㄠ	330
旔	ㄐㄧㄢ	355
旖	ㄧ	614
旗	ㄑㄧ	2163
旘	ㄓ	263
旙	ㄈㄢ	262
旚	ㄆㄧㄠ	188
旛	ㄈㄢ	3
旜	ㄓㄢ	233
旝	ㄍㄨㄞ	212
旞	ㄙㄨㄟ	224
旟	ㄩ	335
无	ㄨ	100
旡	ㄐㄧ	551
既	ㄐㄧ	9988
旣	ㄐㄧ	2
旤	ㄏㄨㄛ	272
日	ㄖ	71052
旦	ㄉㄢ	1150
旨	ㄓ	921
早	ㄗㄠ	26157
旪	ㄒㄧㄝ	446
旫	ㄊㄧㄠ	237
旬	ㄒㄩㄣ	1035
旭	ㄒㄩ	1923
旮	ㄍㄚ	551
旯	ㄌㄚ	543
旰	ㄍㄢ	530
旱	ㄏㄢ	1057
旲	ㄊㄞ	290
旲	ㄧㄥ	290
旳	ㄉㄧ	893
旴	ㄒㄩ	337
旵	ㄔㄢ	310
旹	ㄕ	291
旺	ㄨㄤ	2676
旻	ㄇㄧㄣ	735
旼	ㄇㄧㄣ	409
旽	ㄊㄨㄣ	326
旾	ㄔㄨㄣ	294
旿	ㄨ	353
昀	ㄩㄣ	729
昁	ㄅㄟ	258
昂	ㄤ	2198
昃	ㄗㄜ	537
昄	ㄅㄢ	366
昅	ㄐㄧㄝ	285
昆	ㄎㄨㄣ	1219
昇	ㄕㄥ	4087
昈	ㄏㄨ	273
昉	ㄈㄤ	575
昊	ㄏㄠ	1321
昋	ㄍㄨㄟ	299
昋	ㄐㄩㄥ	299
昌	ㄔㄤ	2523
昍	ㄒㄩㄢ	357
明	ㄇㄧㄥ	10778
昏	ㄏㄨㄣ	2736
昐	ㄈㄣ	428
昑	ㄑㄧㄣ	330
昒	ㄏㄨ	275
易	ㄧ	7012
昔	ㄒㄧ	1077
昕	ㄒㄧㄣ	1115
昖	ㄧㄢ	320
昗	ㄗㄜ	273
昘	ㄈㄤ	436
昙	ㄊㄢ	5
昙	ㄩ	5
昚	ㄕㄣ	400
昛	ㄐㄩ	410
昜	ㄧㄤ	468
昝	ㄗㄢ	586
昞	ㄅㄧㄥ	349
星	ㄒㄧㄥ	6628
映	ㄧㄥ	1678
昡	ㄒㄩㄢ	360
昢	ㄆㄛ	319
昢	ㄆㄟ	319
昣	ㄓㄣ	390
昤	ㄌㄧㄥ	271
春	ㄔㄨㄣ	6126
昦	ㄏㄠ	306
昧	ㄇㄟ	923
昨	ㄗㄨㄛ	1660
昩	ㄇㄛ	352
昪	ㄅㄧㄢ	472
昫	ㄒㄩ	384
昬	ㄏㄨㄣ	362
昭	ㄓㄠ	1530
昮	ㄗㄨㄥ	311
是	ㄕ	1180105
昰	ㄕ	753
昱	ㄩ	840
昲	ㄈㄟ	220
昳	ㄉㄧㄝ	452
昴	ㄇㄠ	616
昵	ㄋㄧ	111
昶	ㄔㄤ	701
昷	ㄨㄣ	300
昸	ㄉㄨㄥ	371
昹	ㄞ	330
昺	ㄅㄧㄥ	456
昻	ㄤ	413
昿	ㄎㄨㄤ	272
晀	ㄊㄧㄠ	261
晁	ㄔㄠ	695
時	ㄕ	119072
晃	ㄏㄨㄤ	211
晃	ㄏㄨㄤ	1898
晄	ㄏㄨㄤ	417
晅	ㄒㄩㄢ	387
晆	ㄎㄨㄟ	224
晇	ㄎㄨㄚ	256
晇	ㄒㄩ	256
晈	ㄐㄧㄠ	305
晉	ㄐㄧㄣ	1826
晊	ㄓ	379
晋	ㄐㄧㄣ	170
晌	ㄕㄤ	662
晍	ㄊㄨㄥ	343
晎	ㄏㄨㄥ	323
晏	ㄧㄢ	1020
晐	ㄍㄞ	317
晑	ㄒㄧㄤ	337
晗	ㄏㄢ	781
晘	ㄏㄢ	208
晙	ㄐㄩㄣ	397
晚	ㄨㄢ	12051
晛	ㄒㄧㄢ	398
晜	ㄎㄨㄣ	291
晝	ㄓㄡ	902
晞	ㄒㄧ	613
晟	ㄔㄥ	493
晟	ㄕㄥ	493
晠	ㄕㄥ	357
晡	ㄅㄨ	514
晢	ㄓㄜ	469
晣	ㄓㄜ	374
晤	ㄨ	855
晥	ㄏㄢ	405
晦	ㄏㄨㄟ	702
晧	ㄏㄠ	436
晨	ㄔㄣ	2307
晩	ㄨㄢ	492
晪	ㄊㄧㄢ	259
晫	ㄓㄨㄛ	438
晬	ㄗㄨㄟ	372
晭	ㄓㄡ	276
普	ㄆㄨ	3076
景	ㄐㄧㄥ	3654
晰	ㄒㄧ	696
晱	ㄕㄢ	305
晲	ㄋㄧ	370
晳	ㄒㄧ	497
晴	ㄑㄧㄥ	2322
晵	ㄉㄨ	342
晵	ㄑㄧ	342
晶	ㄐㄧㄥ	2046
晷	ㄍㄨㄟ	533
晸	ㄓㄥ	371
晹	ㄧ	434
智	ㄓ	3097
晻	ㄢ	393
晻	ㄧㄢ	393
晼	ㄨㄢ	329
晽	ㄌㄧㄣ	404
晾	ㄌㄧㄤ	1078
晿	ㄔㄤ	450
暀	ㄨㄤ	499
暁	ㄒㄧㄠ	520
暃	ㄈㄟ	314
暄	ㄒㄩㄢ	709
暅	ㄍㄥ	403
暅	ㄒㄩㄢ	403
暆	ㄧ	210
暇	ㄒㄧㄚ	868
暈	ㄩㄣ	1816
暈	ㄩㄣ	34500
暉	ㄏㄨㄟ	1319
暊	ㄒㄩ	267
暋	ㄇㄧㄣ	192
暌	ㄎㄨㄟ	529
暍	ㄏㄜ	428
暎	ㄧㄥ	399
暏	ㄉㄨ	359
暏	ㄕㄨ	359
暐	ㄨㄟ	470
暑	ㄕㄨ	802
暒	ㄑㄧㄥ	493
暓	ㄇㄠ	186
暔	ㄋㄢ	362
暕	ㄐㄧㄢ	376
暖	ㄋㄨㄢ	2273
暗	ㄢ	3471
暘	ㄧㄤ	584
暙	ㄔㄨㄣ	322
暚	ㄧㄠ	278
暛	ㄙㄨㄛ	239
暜	ㄐㄧㄣ	357
暝	ㄇㄧㄥ	632
暞	ㄐㄧㄠ	213
暟	ㄎㄞ	432
暠	ㄍㄠ	441
暡	ㄨㄥ	278
暢	ㄔㄤ	1339
暣	ㄑㄧ	449
暤	ㄏㄠ	324
暥	ㄧㄢ	299
暦	ㄌㄧ	417
暨	ㄐㄧ	2326
暩	ㄐㄧ	364
暪	ㄇㄣ	370
暫	ㄓㄢ	1820
暫	ㄗㄢ	1820
暬	ㄒㄧㄝ	197
暭	ㄏㄠ	320
暮	ㄇㄨ	1214
暯	ㄇㄛ	297
暰	ㄘㄨㄥ	318
暱	ㄋㄧ	842
暲	ㄓㄤ	299
暳	ㄏㄨㄟ	289
暴	ㄅㄠ	2626
暵	ㄏㄢ	295
暶	ㄒㄩㄢ	320
暷	ㄔㄨㄢ	256
暸	ㄌㄧㄠ	774
暹	ㄒㄧㄢ	518
暺	ㄉㄢ	194
暻	ㄐㄧㄥ	392
暼	ㄆㄧㄝ	362
暽	ㄌㄧㄣ	196
暾	ㄊㄨㄣ	539
暿	ㄒㄧ	340
曀	ㄧ	411
曁	ㄐㄧ	401
曂	ㄏㄨㄤ	393
曃	ㄉㄞ	262
曄	ㄧㄝ	828
曅	ㄧㄝ	268
曆	ㄌㄧ	837
曇	ㄊㄢ	683
曈	ㄊㄨㄥ	559
曉	ㄒㄧㄠ	3639
曊	ㄈㄟ	370
曋	ㄕㄣ	262
曌	ㄓㄠ	523
曍	ㄏㄠ	199
曎	ㄧ	191
曏	ㄒㄧㄤ	1044
曐	ㄒㄧㄥ	422
曑	ㄕㄣ	275
曒	ㄐㄧㄠ	298
曓	ㄅㄠ	353
曔	ㄐㄧㄥ	260
曕	ㄧㄢ	349
曖	ㄞ	754
曗	ㄧㄝ	321
曘	ㄖㄨ	345
曙	ㄕㄨ	721
曚	ㄇㄥ	451
曛	ㄒㄩㄣ	560
曜	ㄧㄠ	881
曝	ㄅㄠ	1126
曝	ㄆㄨ	1126
曞	ㄌㄧ	489
曟	ㄔㄣ	482
曠	ㄎㄨㄤ	906
曡	ㄉㄧㄝ	457
曣	ㄧㄢ	302
曤	ㄏㄨㄛ	300
曥	ㄌㄨ	252
曦	ㄒㄧ	1159
曧	ㄖㄨㄥ	275
曨	ㄌㄨㄥ	389
曩	ㄋㄤ	540
曪	ㄌㄨㄛ	396
曫	ㄌㄨㄢ	209
曬	ㄕㄞ	3982
曭	ㄊㄤ	214
曮	ㄧㄢ	277
曯	ㄓㄨ	260
曰	ㄩㄝ	3017
曱	ㄧㄚ	456
曱	ㄩㄝ	456
曲	ㄑㄩ	2025
曳	ㄧㄝ	736
更	ㄍㄥ	9931
更	ㄍㄥ	39722
曵	ㄧㄝ	396
曶	ㄏㄨ	307
曷	ㄏㄜ	562
書	ㄕㄨ	20065
曹	ㄘㄠ	3642
曺	ㄘㄠ	413
曻	ㄕㄥ	308
曼	ㄇㄢ	2273
曽	ㄘㄥ	480
曾	ㄗㄥ	1435
曾	ㄘㄥ	12915
替	ㄊㄧ	4066
最	ㄗㄨㄟ	66766
朁	ㄘㄢ	292
會	ㄎㄨㄞ	2098
會	ㄏㄨㄟ	207735
朄	ㄧㄣ	291
朅	ㄑㄧㄝ	374
朆	ㄈㄣ	288
朇	ㄆㄧ	339
月	ㄩㄝ	66349
有	ㄧㄡ	613999
朊	ㄖㄨㄢ	572
朋	ㄆㄥ	1459
朌	ㄅㄢ	321
朌	ㄈㄣ	321
服	ㄈㄨ	5496
朎	ㄌㄧㄥ	221
朏	ㄈㄟ	370
朐	ㄑㄩ	546
朒	ㄋㄩ	321
朓	ㄊㄧㄠ	475
朔	ㄕㄨㄛ	1008
朕	ㄓㄣ	1487
朖	ㄌㄤ	208
朗	ㄌㄤ	2039
朘	ㄐㄩㄢ	354
朙	ㄇㄧㄥ	570
朚	ㄇㄤ	282
朚	ㄇㄥ	282
朚	ㄏㄨㄤ	282
朚	ㄨㄤ	282
望	ㄨㄤ	4887
朜	ㄊㄨㄣ	204
朝	ㄓㄠ	1758
朝	ㄔㄠ	4103
朞	ㄐㄧ	317
朞	ㄑㄧ	317
期	ㄐㄧ	321
期	ㄑㄧ	10701
朠	ㄧㄥ	327
朡	ㄗㄨㄥ	234
朢	ㄨㄤ	422
朣	ㄊㄨㄥ	342
朤	ㄌㄤ	452
朦	ㄇㄥ	708
朧	ㄌㄨㄥ	708
木	ㄇㄨ	7336
朩	ㄆㄧㄣ	537
未	ㄨㄟ	18460
末	ㄇㄛ	3329
本	ㄅㄣ	25841
札	ㄓㄚ	943
朮	ㄓㄨ	441
朮	ㄕㄨ	110
朰	ㄇㄨ	221
朱	ㄓㄨ	6365
朲	ㄖㄣ	653
朳	ㄅㄚ	326
朴	ㄆㄛ	8
朴	ㄆㄧㄠ	658
朴	ㄆㄨ	726
朵	ㄉㄨㄛ	1839
朶	ㄉㄨㄛ	585
朷	ㄇㄨ	296
朷	ㄉㄠ	296
朷	ㄊㄧㄠ	296
朸	ㄌㄧ	394
朹	ㄍㄨㄟ	364
朹	ㄑㄧㄡ	364
机	ㄐㄧ	60
机	ㄐㄧ	210
机	ㄨㄟ	30
朻	ㄐㄧㄡ	245
朼	ㄅㄧ	285
朽	ㄒㄧㄡ	702
朾	ㄊㄧㄥ	225
朿	ㄘ	408
杀	ㄕㄚ	30
杁	ㄖㄨ	286
杂	ㄉㄨㄛ	10
权	ㄕㄨ	10
杄	ㄑㄧㄢ	340
杅	ㄩ	360
杆	ㄍㄢ	1764
杇	ㄨ	1
杈	ㄔㄚ	296
杉	ㄕㄢ	1047
杊	ㄒㄩㄣ	301
杋	ㄈㄢ	300
杌	ㄨ	503
杍	ㄗ	414
李	ㄌㄧ	15468
杏	ㄒㄧㄥ	1195
材	ㄘㄞ	1770
村	ㄘㄨㄣ	12010
杒	ㄖㄣ	233
杒	ㄦ	233
杓	ㄅㄧㄠ	318
杓	ㄕㄠ	318
杔	ㄊㄨㄛ	240
杔	ㄓㄜ	240
杕	ㄉㄧ	367
杖	ㄓㄤ	1315
杗	ㄇㄤ	257
杘	ㄔ	336
杙	ㄧ	348
杚	ㄍㄜ	236
杚	ㄍㄞ	236
杛	ㄍㄨㄥ	258
杜	ㄉㄨ	4258
杝	ㄧ	279
杞	ㄑㄧ	701
束	ㄕㄨ	1522
杠	ㄍㄤ	721
条	ㄊㄧㄠ	1
杢	ㄐㄧㄝ	241
杣	ㄇㄧㄢ	329
杤	ㄨㄢ	341
杦	ㄐㄧㄡ	305
杧	ㄇㄤ	10
杪	ㄇㄧㄠ	589
杫	ㄒㄧ	367
杫	ㄓ	367
杫	ㄙ	367
杬	ㄩㄢ	359
杭	ㄏㄤ	1400
杮	ㄅㄟ	434
杮	ㄈㄟ	434
杯	ㄅㄟ	2326
杰	ㄐㄧㄝ	1592
東	ㄉㄨㄥ	9642
杲	ㄍㄠ	585
杳	ㄧㄠ	711
杴	ㄒㄧㄢ	561
杵	ㄔㄨ	747
杶	ㄔㄨㄣ	273
杷	ㄆㄚ	518
杸	ㄕㄨ	263
杹	ㄏㄨㄚ	309
杺	ㄒㄧㄣ	619
杻	ㄋㄧㄡ	207
杻	ㄔㄡ	207
杼	ㄓㄨ	546
杽	ㄔㄡ	348
松	ㄙㄨㄥ	4412
板	ㄅㄢ	5956
枀	ㄙㄨㄥ	254
极	ㄐㄧ	347
枂	ㄨㄛ	448
枂	ㄩㄝ	448
枃	ㄐㄧㄣ	485
构	ㄍㄡ	100
枅	ㄐㄧ	314
枆	ㄇㄠ	274
枇	ㄆㄧ	525
枈	ㄅㄧ	307
枈	ㄆㄧ	307
枉	ㄨㄤ	893
枊	ㄤ	429
枋	ㄈㄤ	628
枌	ㄈㄣ	362
枍	ㄧ	311
枎	ㄈㄨ	260
枏	ㄋㄢ	364
析	ㄒㄧ	995
枑	ㄏㄨ	327
枒	ㄧㄚ	402
枓	ㄉㄡ	370
枔	ㄒㄧㄣ	278
枕	ㄓㄣ	1784
枖	ㄧㄠ	295
林	ㄌㄧㄣ	12983
枘	ㄖㄨㄟ	479
枙	ㄜ	399
枚	ㄇㄟ	1772
枛	ㄓㄠ	266
果	ㄍㄨㄛ	5384
枝	ㄓ	2075
枞	ㄗㄨㄥ	1
枞	ㄘㄨㄥ	1
枟	ㄩㄣ	416
枠	ㄏㄨㄚ	408
枡	ㄉㄡ	550
枦	ㄌㄨ	228
枩	ㄙㄨㄥ	351
枮	ㄒㄧㄢ	294
枮	ㄓㄣ	294
枯	ㄎㄨ	1187
枰	ㄆㄧㄥ	651
枱	ㄊㄞ	472
枱	ㄘ	472
枱	ㄙ	472
枲	ㄒㄧ	364
枳	ㄓ	635
枴	ㄍㄨㄞ	798
枵	ㄒㄧㄠ	474
架	ㄐㄧㄚ	4637
枷	ㄐㄧㄚ	687
枸	ㄍㄡ	26
枸	ㄍㄡ	471
枸	ㄐㄩ	26
枹	ㄈㄨ	429
枺	ㄇㄛ	278
枻	ㄧ	386
枼	ㄧㄝ	464
枽	ㄧㄝ	345
枾	ㄕ	267
枿	ㄋㄧㄝ	317
柀	ㄅㄧ	341
柁	ㄊㄨㄛ	515
柂	ㄧ	364
柃	ㄌㄧㄥ	465
柄	ㄅㄧㄥ	1287
柅	ㄋㄧ	357
柆	ㄌㄚ	383
柇	ㄏㄜ	348
柈	ㄆㄢ	457
柉	ㄈㄢ	404
柊	ㄓㄨㄥ	535
柋	ㄉㄞ	363
柌	ㄘ	275
柍	ㄧㄤ	321
柍	ㄧㄥ	321
柎	ㄈㄨ	405
柏	ㄅㄛ	200
柏	ㄅㄞ	1801
某	ㄇㄡ	13507
柑	ㄍㄢ	752
柒	ㄑㄧ	922
染	ㄖㄢ	2069
柔	ㄖㄡ	1991
柕	ㄇㄠ	325
柖	ㄕㄠ	239
柗	ㄙㄨㄥ	293
柘	ㄓㄜ	628
柙	ㄒㄧㄚ	512
柚	ㄧㄡ	754
柛	ㄕㄣ	353
柜	ㄐㄩ	579
柝	ㄊㄨㄛ	501
柞	ㄗㄨㄛ	549
柟	ㄋㄢ	519
柠	ㄓㄨ	200
柠	ㄔㄨ	200
柡	ㄩㄥ	370
柢	ㄉㄧ	506
柣	ㄓ	305
柤	ㄓㄚ	347
查	ㄓㄚ	705
查	ㄔㄚ	13391
柦	ㄉㄢ	455
柧	ㄍㄨ	319
柨	ㄅㄨ	320
柨	ㄆㄨ	320
柩	ㄐㄧㄡ	546
柪	ㄠ	283
柫	ㄈㄨ	223
柬	ㄐㄧㄢ	703
柭	ㄅㄚ	328
柭	ㄅㄛ	328
柭	ㄅㄧㄝ	328
柭	ㄆㄟ	328
柭	ㄈㄨ	328
柮	ㄉㄨㄛ	313
柯	ㄎㄜ	1941
柰	ㄋㄞ	566
柱	ㄓㄨ	2260
柲	ㄅㄧ	327
柳	ㄌㄧㄡ	3970
柴	ㄔㄞ	1738
柵	ㄓㄚ	808
柶	ㄙ	335
柷	ㄓㄨ	455
柸	ㄆㄟ	435
柹	ㄈㄟ	270
柹	ㄕ	270
柺	ㄍㄨㄞ	791
査	ㄔㄚ	110
柼	ㄧㄠ	197
柽	ㄐㄩㄝ	5
柾	ㄐㄧㄡ	335
柿	ㄕ	744
栀	ㄓ	100
栁	ㄌㄧㄡ	400
栂	ㄇㄟ	287
栃	ㄌㄧ	434
栄	ㄖㄨㄥ	496
栅	ㄓㄚ	100
栅	ㄕㄢ	100
栅	ㄘㄜ	100
栒	ㄒㄩㄣ	26
栓	ㄕㄨㄢ	1170
栔	ㄑㄧ	328
栕	ㄓㄣ	232
栖	ㄑㄧ	500
栗	ㄌㄧ	1008
栘	ㄧ	388
栙	ㄒㄧㄤ	259
栚	ㄓㄣ	252
栛	ㄌㄧ	300
栜	ㄘ	238
栜	ㄙㄜ	238
栝	ㄍㄨㄚ	473
栞	ㄎㄢ	419
栟	ㄅㄧㄥ	375
栠	ㄖㄣ	324
校	ㄐㄧㄠ	842
校	ㄒㄧㄠ	3367
栢	ㄅㄞ	518
栣	ㄖㄣ	282
栤	ㄅㄧㄥ	525
栥	ㄗ	351
栦	ㄔㄡ	428
栧	ㄧ	483
栨	ㄘ	460
栩	ㄒㄩ	627
株	ㄓㄨ	1508
栫	ㄐㄧㄢ	479
栬	ㄗㄨㄟ	422
栭	ㄦ	462
栮	ㄦ	342
栯	ㄧㄡ	426
栯	ㄩ	426
栰	ㄈㄚ	288
栱	ㄍㄨㄥ	447
栲	ㄎㄠ	552
栳	ㄌㄠ	503
栴	ㄓㄢ	448
栵	ㄌㄧ	349
栶	ㄧㄣ	375
样	ㄧㄤ	100
核	ㄏㄜ	3180
根	ㄍㄣ	7696
栺	ㄓ	445
栺	ㄧ	445
栻	ㄕ	439
格	ㄍㄜ	13856
栽	ㄗㄞ	1365
栿	ㄈㄨ	365
桀	ㄐㄧㄝ	716
桁	ㄏㄤ	283
桁	ㄏㄥ	283
桂	ㄍㄨㄟ	2041
桃	ㄊㄠ	1825
桄	ㄍㄨㄤ	239
桅	ㄨㄟ	594
框	ㄎㄨㄤ	2631
桇	ㄖㄨ	268
案	ㄢ	5662
桉	ㄢ	642
桊	ㄐㄩㄢ	368
桊	ㄑㄩㄢ	368
桋	ㄧ	254
桌	ㄓㄨㄛ	2060
桍	ㄎㄨ	251
桎	ㄓ	494
桏	ㄑㄩㄥ	194
桐	ㄊㄨㄥ	1334
桑	ㄙㄤ	2190
桒	ㄙㄤ	309
桓	ㄏㄨㄢ	1030
桔	ㄐㄧㄝ	927
桔	ㄐㄩ	9
桕	ㄐㄧㄡ	426
桖	ㄒㄩㄝ	505
桘	ㄓㄨㄟ	235
桙	ㄇㄡ	183
桙	ㄩ	183
桜	ㄧㄥ	606
桝	ㄐㄧㄝ	295
桟	ㄓㄢ	329
桫	ㄙㄨㄛ	413
桬	ㄕㄚ	296
桭	ㄓㄣ	336
桮	ㄅㄟ	1
桯	ㄊㄧㄥ	383
桰	ㄎㄨㄛ	273
桱	ㄐㄧㄥ	289
桲	ㄅㄛ	387
桳	ㄅㄣ	371
桴	ㄈㄨ	502
桵	ㄖㄨㄟ	300
桶	ㄊㄨㄥ	1950
桷	ㄐㄩㄝ	510
桸	ㄒㄧ	362
桹	ㄌㄤ	287
桺	ㄌㄧㄡ	373
桻	ㄈㄥ	298
桼	ㄑㄧ	320
桽	ㄨㄣ	266
桾	ㄐㄩㄣ	304
桿	ㄍㄢ	1138
梀	ㄙㄨ	318
梀	ㄧㄣ	318
梁	ㄌㄧㄤ	2898
梂	ㄑㄧㄡ	275
梃	ㄊㄧㄥ	524
梄	ㄧㄡ	259
梅	ㄇㄟ	4339
梆	ㄅㄤ	597
梇	ㄌㄨㄥ	232
梈	ㄆㄥ	267
梉	ㄓㄨㄤ	268
梊	ㄉㄧ	227
梋	ㄐㄩㄢ	255
梋	ㄒㄧㄝ	255
梋	ㄒㄩㄢ	255
梌	ㄊㄨ	270
梌	ㄔㄚ	270
梍	ㄗㄠ	269
梎	ㄠ	188
梎	ㄧㄡ	188
梏	ㄍㄨ	435
梐	ㄅㄧ	275
梑	ㄉㄧ	267
梒	ㄏㄢ	305
梓	ㄗ	1115
梔	ㄓ	651
梕	ㄖㄣ	331
梖	ㄅㄟ	340
梗	ㄍㄥ	1125
梘	ㄐㄧㄢ	570
梙	ㄏㄨㄢ	198
梚	ㄨㄢ	358
梛	ㄋㄨㄛ	361
梜	ㄐㄧㄚ	281
條	ㄊㄧㄠ	13493
梞	ㄐㄧ	290
梟	ㄒㄧㄠ	799
梠	ㄌㄩ	356
梡	ㄎㄨㄢ	324
梢	ㄕㄠ	949
梣	ㄘㄣ	371
梤	ㄈㄣ	279
梥	ㄙㄨㄥ	271
梧	ㄨ	758
梨	ㄌㄧ	1628
梩	ㄌㄧ	322
梪	ㄉㄡ	294
梫	ㄑㄧㄣ	327
梬	ㄧㄥ	247
梭	ㄙㄨㄛ	880
梮	ㄐㄩ	303
梯	ㄊㄧ	1072
械	ㄒㄧㄝ	858
梱	ㄎㄨㄣ	1
梲	ㄓㄨㄛ	362
梳	ㄕㄨ	1169
梴	ㄔㄢ	285
梵	ㄈㄢ	970
梶	ㄨㄟ	565
梷	ㄐㄧㄥ	210
梸	ㄌㄧ	221
梹	ㄅㄧㄣ	307
梹	ㄅㄧㄥ	307
梺	ㄒㄧㄚ	443
棃	ㄌㄧ	375
棄	ㄑㄧ	1719
棅	ㄅㄧㄥ	290
棆	ㄌㄨㄣ	331
棇	ㄘㄨㄥ	283
棇	ㄙㄨㄥ	283
棈	ㄑㄧㄢ	430
棉	ㄇㄧㄢ	2026
棊	ㄑㄧ	2
棋	ㄑㄧ	1899
棌	ㄘㄞ	451
棍	ㄍㄨㄣ	1486
棎	ㄔㄢ	383
棏	ㄉㄜ	535
棏	ㄓㄜ	535
棐	ㄈㄟ	401
棑	ㄆㄞ	397
棒	ㄅㄤ	3380
棓	ㄅㄟ	428
棓	ㄅㄤ	428
棓	ㄆㄟ	428
棓	ㄆㄡ	428
棔	ㄏㄨㄣ	317
棕	ㄗㄨㄥ	993
棖	ㄔㄥ	579
棗	ㄗㄠ	1230
棘	ㄐㄧ	776
棙	ㄌㄧ	290
棙	ㄌㄧㄝ	290
棚	ㄆㄥ	1383
棛	ㄩ	208
棜	ㄩ	264
棝	ㄍㄨ	356
棞	ㄐㄩㄣ	229
棟	ㄉㄨㄥ	2497
棠	ㄊㄤ	979
棡	ㄍㄤ	3
棢	ㄨㄤ	250
棣	ㄉㄧ	747
棤	ㄘㄨㄛ	429
棥	ㄈㄢ	266
棦	ㄔㄥ	335
棧	ㄓㄢ	922
棨	ㄑㄧ	427
棩	ㄩㄢ	482
棪	ㄧㄢ	373
棫	ㄩ	404
棬	ㄑㄩㄢ	458
棭	ㄧ	308
森	ㄙㄣ	2880
棯	ㄖㄣ	352
棰	ㄔㄨㄟ	588
棱	ㄌㄥ	551
棱	ㄌㄧㄥ	551
棱	ㄔㄥ	551
棲	ㄑㄧ	1050
棳	ㄓㄨㄛ	305
棴	ㄈㄨ	421
棴	ㄙㄨ	421
棵	ㄎㄜ	1242
棶	ㄌㄞ	409
棷	ㄗㄡ	303
棷	ㄙㄡ	303
棸	ㄗㄡ	348
棹	ㄓㄨㄛ	624
棺	ㄍㄨㄢ	941
棻	ㄈㄣ	447
棼	ㄈㄣ	453
棽	ㄔㄣ	368
棽	ㄕㄣ	368
棾	ㄑㄧㄥ	248
棿	ㄋㄧ	436
棿	ㄋㄧㄝ	436
椀	ㄨㄢ	459
椁	ㄍㄨㄛ	200
椂	ㄌㄨ	464
椃	ㄏㄠ	308
椄	ㄐㄧㄝ	437
椅	ㄧ	1086
椆	ㄔㄡ	386
椇	ㄐㄩ	415
椈	ㄐㄩ	467
椉	ㄔㄥ	245
椊	ㄗㄨㄛ	297
椋	ㄌㄧㄤ	626
椌	ㄑㄧㄤ	384
植	ㄓ	1347
椎	ㄓㄨㄟ	804
椎	ㄔㄨㄟ	42
椏	ㄧㄚ	614
椐	ㄐㄩ	554
椑	ㄅㄟ	409
椒	ㄐㄧㄠ	927
椓	ㄓㄨㄛ	335
椔	ㄗ	257
椕	ㄅㄧㄣ	262
椗	ㄉㄧㄥ	392
椘	ㄔㄨ	391
椙	ㄔㄤ	300
椚	ㄇㄣ	455
椛	ㄏㄨㄚ	524
検	ㄐㄧㄢ	503
椞	ㄒㄧ	201
椡	ㄉㄠ	520
椢	ㄍㄨㄟ	227
椣	ㄉㄧㄢ	284
椥	ㄓ	503
椦	ㄐㄩㄢ	258
椦	ㄑㄩㄢ	258
椨	ㄈㄨ	331
椪	ㄆㄥ	375
椮	ㄙㄣ	289
椯	ㄉㄨㄛ	241
椯	ㄔㄨㄢ	241
椰	ㄧㄝ	948
椱	ㄈㄨ	278
椲	ㄏㄨㄟ	227
椲	ㄨㄟ	227
椳	ㄨㄟ	274
椴	ㄉㄨㄢ	600
椵	ㄐㄧㄚ	332
椶	ㄗㄨㄥ	262
椷	ㄐㄧㄢ	291
椸	ㄧ	343
椹	ㄕㄣ	507
椺	ㄒㄧ	244
椻	ㄧㄚ	289
椻	ㄧㄢ	289
椼	ㄧㄢ	380
椽	ㄔㄨㄢ	613
椾	ㄐㄧㄢ	454
椾	ㄓㄢ	454
椿	ㄔㄨㄣ	793
楀	ㄩ	488
楁	ㄏㄜ	507
楂	ㄓㄚ	278
楂	ㄔㄚ	278
楃	ㄨㄛ	445
楄	ㄆㄧㄢ	61
楅	ㄅㄧ	408
楆	ㄧㄠ	443
楇	ㄍㄨㄛ	336
楇	ㄎㄨㄚ	336
楇	ㄏㄨㄛ	336
楈	ㄒㄩ	210
楉	ㄖㄨㄛ	355
楊	ㄧㄤ	11283
楋	ㄌㄚ	419
楌	ㄧㄢ	241
楍	ㄅㄣ	339
楎	ㄏㄨㄣ	251
楏	ㄎㄨㄟ	229
楐	ㄐㄧㄝ	404
楑	ㄎㄨㄟ	229
楒	ㄙ	344
楓	ㄈㄥ	2289
楔	ㄒㄧㄝ	677
楕	ㄊㄨㄛ	285
楖	ㄐㄧ	306
楖	ㄓ	306
楗	ㄐㄧㄢ	458
楘	ㄇㄨ	292
楙	ㄇㄠ	3
楚	ㄔㄨ	3254
楛	ㄎㄨ	257
楛	ㄏㄨ	257
楜	ㄏㄨ	294
楝	ㄌㄧㄢ	560
楞	ㄌㄥ	613
楟	ㄊㄧㄥ	348
楠	ㄋㄢ	1464
楡	ㄩ	349
楢	ㄧㄡ	440
楣	ㄇㄟ	673
楤	ㄘㄨㄥ	408
楤	ㄙㄨㄥ	408
楥	ㄒㄩㄢ	319
楦	ㄒㄩㄢ	570
楧	ㄧㄤ	285
楨	ㄓㄣ	817
楩	ㄆㄧㄢ	430
楪	ㄉㄧㄝ	360
楫	ㄐㄧ	557
楬	ㄐㄧㄝ	353
業	ㄧㄝ	6408
楮	ㄔㄨ	620
楯	ㄕㄨㄣ	466
楰	ㄩ	273
楱	ㄗㄡ	402
楱	ㄘㄡ	402
楲	ㄨㄟ	297
楳	ㄇㄟ	408
楴	ㄉㄧ	341
楴	ㄊㄧ	341
楴	ㄕ	341
極	ㄐㄧ	5748
楶	ㄐㄧㄝ	330
楷	ㄎㄞ	444
楷	ㄐㄧㄝ	444
楸	ㄑㄧㄡ	602
楹	ㄧㄥ	651
楺	ㄖㄡ	268
楻	ㄏㄨㄤ	280
楽	ㄌㄜ	355
楽	ㄩㄝ	355
楾	ㄑㄩㄢ	230
榀	ㄆㄧㄣ	504
榁	ㄕ	284
概	ㄍㄞ	1080
榃	ㄊㄢ	348
榆	ㄩ	874
榊	ㄕㄣ	551
榍	ㄒㄧㄝ	504
榎	ㄐㄧㄚ	477
榏	ㄧ	274
榑	ㄅㄛ	309
榑	ㄈㄨ	309
榒	ㄋㄨㄛ	212
榓	ㄇㄧ	295
榔	ㄌㄤ	589
榕	ㄖㄨㄥ	981
榖	ㄍㄨ	485
榗	ㄐㄧㄢ	212
榗	ㄐㄧㄣ	212
榘	ㄐㄩ	24
榙	ㄊㄚ	261
榚	ㄧㄠ	338
榛	ㄓㄣ	678
榜	ㄅㄤ	33
榜	ㄅㄤ	3279
榝	ㄒㄧㄝ	293
榝	ㄕㄚ	293
榞	ㄩㄢ	301
榟	ㄗ	295
榠	ㄇㄧㄥ	331
榡	ㄙㄨ	252
榢	ㄐㄧㄚ	344
榣	ㄧㄠ	320
榤	ㄐㄧㄝ	342
榥	ㄏㄨㄤ	321
榦	ㄍㄢ	522
榧	ㄈㄟ	559
榨	ㄓㄚ	830
榩	ㄑㄧㄢ	196
榪	ㄇㄚ	604
榫	ㄙㄨㄣ	613
榬	ㄩㄢ	252
榭	ㄒㄧㄝ	741
榮	ㄖㄨㄥ	4078
榯	ㄕ	428
榰	ㄓ	237
榱	ㄘㄨㄟ	568
榲	ㄩㄣ	377
榳	ㄊㄧㄥ	259
榴	ㄌㄧㄡ	681
榵	ㄖㄨㄥ	193
榶	ㄊㄤ	371
榷	ㄑㄩㄝ	590
榸	ㄓㄞ	200
榹	ㄙ	207
榺	ㄕㄥ	255
榻	ㄊㄚ	727
榼	ㄎㄜ	385
榽	ㄒㄧ	213
榾	ㄍㄨ	327
榿	ㄑㄧ	527
槀	ㄍㄠ	312
槀	ㄎㄠ	312
槁	ㄍㄠ	547
槂	ㄙㄨㄣ	194
槃	ㄆㄢ	219
槄	ㄊㄠ	393
槅	ㄍㄜ	393
槆	ㄒㄩㄣ	191
槇	ㄉㄧㄢ	498
槇	ㄓㄣ	498
槈	ㄋㄡ	338
槉	ㄐㄧ	231
槊	ㄕㄨㄛ	579
構	ㄍㄡ	1185
槌	ㄔㄨㄟ	729
槍	ㄑㄧㄤ	4294
槎	ㄔㄚ	675
槏	ㄌㄧㄢ	216
槏	ㄑㄧㄢ	216
槏	ㄒㄧㄢ	216
槐	ㄏㄨㄞ	947
槑	ㄇㄟ	566
槒	ㄒㄩ	231
槓	ㄍㄤ	441
槔	ㄍㄠ	539
槕	ㄓㄨㄛ	304
槖	ㄊㄨㄛ	289
槗	ㄑㄧㄠ	371
様	ㄒㄧㄤ	649
様	ㄧㄤ	649
槙	ㄉㄧㄢ	438
槜	ㄗㄨㄟ	14
槝	ㄉㄠ	396
槞	ㄌㄨㄥ	311
槡	ㄙㄤ	321
槢	ㄒㄧ	324
槣	ㄍㄨㄟ	246
槣	ㄐㄧ	246
槤	ㄌㄧㄢ	436
槥	ㄏㄨㄟ	275
槦	ㄩㄥ	433
槧	ㄑㄧㄢ	448
槨	ㄍㄨㄛ	569
槩	ㄍㄞ	349
槪	ㄍㄞ	368
槫	ㄊㄨㄢ	301
槫	ㄑㄩㄢ	301
槫	ㄕㄨㄢ	301
槬	ㄏㄨㄚ	348
槭	ㄑㄧ	294
槮	ㄙㄣ	348
槯	ㄗㄨㄟ	254
槯	ㄘㄨㄟ	254
槰	ㄆㄥ	248
槱	ㄧㄡ	341
槲	ㄏㄨ	563
槳	ㄐㄧㄤ	805
槴	ㄏㄨ	322
槵	ㄏㄨㄢ	307
槶	ㄍㄨㄟ	228
槷	ㄋㄧㄝ	242
槷	ㄒㄧㄝ	242
槷	ㄧ	242
槸	ㄧ	508
槹	ㄍㄠ	264
槺	ㄎㄤ	338
槻	ㄍㄨㄟ	477
槼	ㄍㄨㄟ	391
槽	ㄘㄠ	1760
槾	ㄇㄢ	303
槿	ㄐㄧㄣ	650
樀	ㄉㄧ	296
樀	ㄓ	296
樀	ㄓㄜ	296
樁	ㄓㄨㄤ	1427
樂	ㄌㄜ	6258
樂	ㄩㄝ	1564
樃	ㄌㄤ	278
樄	ㄔㄣ	331
樅	ㄘㄨㄥ	583
樆	ㄌㄧ	167
樆	ㄔ	167
樇	ㄒㄧㄡ	239
樈	ㄑㄧㄥ	216
樉	ㄕㄨㄤ	384
樊	ㄈㄢ	1369
樋	ㄊㄨㄥ	492
樌	ㄍㄨㄢ	264
樍	ㄗㄜ	235
樎	ㄙㄨ	334
樏	ㄌㄟ	273
樐	ㄌㄨ	272
樑	ㄌㄧㄤ	2919
樒	ㄇㄧ	316
樓	ㄌㄡ	13720
樔	ㄐㄧㄠ	246
樔	ㄔㄠ	246
樕	ㄙㄨ	308
樖	ㄎㄜ	281
樗	ㄔㄨ	549
樘	ㄊㄤ	286
樘	ㄔㄥ	286
標	ㄅㄧㄠ	3906
樚	ㄉㄨ	211
樚	ㄌㄨ	211
樛	ㄐㄧㄡ	390
樜	ㄓㄜ	247
樝	ㄓㄚ	265
樞	ㄕㄨ	747
樟	ㄓㄤ	802
樠	ㄇㄣ	301
模	ㄇㄛ	2017
模	ㄇㄨ	504
樢	ㄇㄨ	386
樢	ㄋㄧㄠ	386
樣	ㄧㄤ	15669
樤	ㄊㄧㄠ	302
樥	ㄆㄥ	209
樦	ㄓㄨ	288
樧	ㄕㄚ	292
樨	ㄒㄧ	466
権	ㄑㄩㄢ	478
樫	ㄐㄧㄢ	431
樬	ㄘㄨㄥ	190
樮	ㄧㄢ	247
樰	ㄒㄩㄝ	421
樲	ㄦ	302
樳	ㄒㄩㄣ	255
樴	ㄓ	271
樵	ㄑㄧㄠ	789
樶	ㄗㄨㄟ	483
樷	ㄘㄨㄥ	313
樸	ㄆㄨ	900
樹	ㄕㄨ	6862
樺	ㄏㄨㄚ	993
樻	ㄎㄨㄟ	488
樼	ㄓㄣ	464
樽	ㄗㄨㄣ	795
樾	ㄩㄝ	659
樿	ㄓㄢ	422
橀	ㄒㄧ	430
橁	ㄒㄩㄣ	346
橂	ㄉㄧㄢ	425
橃	ㄈㄚ	418
橃	ㄈㄟ	418
橄	ㄍㄢ	566
橅	ㄇㄛ	281
橆	ㄨ	454
橇	ㄑㄧㄠ	629
橈	ㄖㄠ	629
橉	ㄌㄧㄣ	238
橊	ㄌㄧㄡ	355
橋	ㄑㄧㄠ	5261
橌	ㄒㄧㄢ	312
橍	ㄖㄨㄣ	266
橎	ㄈㄢ	209
橏	ㄐㄧㄢ	200
橏	ㄓㄢ	200
橐	ㄊㄨㄛ	589
橑	ㄌㄠ	314
橒	ㄩㄣ	329
橓	ㄕㄨㄣ	410
橔	ㄉㄨㄣ	261
橔	ㄊㄨㄟ	261
橕	ㄔㄥ	360
橖	ㄊㄤ	312
橖	ㄔㄥ	312
橗	ㄇㄥ	302
橘	ㄐㄩ	904
橙	ㄔㄥ	1214
橚	ㄙㄨ	356
橛	ㄐㄩㄝ	548
橜	ㄐㄩㄝ	203
橝	ㄉㄧㄢ	301
橝	ㄊㄢ	301
橝	ㄒㄧㄣ	301
橞	ㄏㄨㄟ	331
機	ㄐㄧ	26348
橠	ㄋㄨㄛ	225
橡	ㄒㄧㄤ	775
橢	ㄊㄨㄛ	600
橣	ㄋㄧㄥ	222
橤	ㄖㄨㄟ	304
橦	ㄊㄨㄥ	5
橦	ㄓㄨㄥ	5
橦	ㄔㄨㄤ	5
橦	ㄔㄨㄥ	5
橧	ㄗㄥ	325
橨	ㄈㄟ	212
橨	ㄈㄣ	212
橩	ㄑㄩㄥ	192
橪	ㄖㄢ	420
橪	ㄧㄢ	420
橫	ㄏㄥ	344
橫	ㄏㄥ	3097
橬	ㄑㄧㄢ	204
橬	ㄑㄧㄣ	204
橭	ㄍㄨ	254
橮	ㄌㄧㄡ	183
橯	ㄌㄠ	278
橰	ㄍㄠ	230
橱	ㄔㄨ	81
橲	ㄒㄧ	252
橳	ㄕㄥ	214
橶	ㄐㄧ	208
橸	ㄐㄧㄥ	412
橽	ㄊㄚ	264
橾	ㄑㄧㄠ	162
橾	ㄕㄨ	162
橿	ㄐㄧㄤ	331
檀	ㄊㄢ	847
檁	ㄌㄧㄣ	504
檂	ㄋㄨㄥ	200
檃	ㄧㄣ	362
檄	ㄒㄧ	577
檅	ㄙㄨㄟ	222
檆	ㄕㄢ	288
檇	ㄗㄨㄟ	347
檈	ㄒㄩㄢ	332
檉	ㄔㄥ	459
檊	ㄍㄢ	308
檋	ㄐㄩ	282
檌	ㄗㄨㄟ	432
檍	ㄧ	291
檎	ㄑㄧㄣ	498
檏	ㄆㄨ	252
檐	ㄧㄢ	849
檑	ㄌㄟ	444
檒	ㄈㄥ	406
檓	ㄏㄨㄟ	353
檔	ㄉㄤ	3700
檕	ㄐㄧ	280
檖	ㄙㄨㄟ	263
檗	ㄅㄛ	410
檘	ㄅㄛ	188
檘	ㄆㄧㄥ	188
檙	ㄔㄥ	268
檚	ㄔㄨ	434
檛	ㄓㄨㄚ	354
檜	ㄍㄨㄟ	667
檜	ㄏㄨㄟ	667
檝	ㄐㄧ	322
檞	ㄐㄧㄝ	479
檞	ㄒㄧㄝ	479
檟	ㄐㄧㄚ	402
檠	ㄑㄧㄥ	595
檡	ㄊㄨ	268
檡	ㄓㄞ	268
檡	ㄕ	268
檢	ㄐㄧㄢ	1985
檣	ㄑㄧㄤ	632
檤	ㄉㄠ	613
檥	ㄧ	276
檦	ㄅㄧㄠ	302
檧	ㄙㄨㄥ	287
檨	ㄕㄜ	261
檪	ㄌㄧ	258
檫	ㄔㄚ	640
檫	ㄙㄚ	640
檬	ㄇㄥ	730
檭	ㄧㄣ	330
檮	ㄊㄠ	344
檯	ㄊㄞ	810
檰	ㄇㄧㄢ	445
檱	ㄑㄧ	266
檲	ㄊㄨㄢ	308
檳	ㄅㄧㄥ	603
檴	ㄏㄨㄛ	219
檵	ㄐㄧ	205
檵	ㄑㄧ	205
檶	ㄑㄧㄢ	252
檷	ㄇㄧ	3
檷	ㄋㄧ	3
檸	ㄋㄧㄥ	747
檹	ㄧ	229
檺	ㄍㄠ	449
檻	ㄎㄢ	356
檻	ㄐㄧㄢ	356
檼	ㄧㄣ	299
檽	ㄋㄡ	358
檽	ㄖㄨ	358
檽	ㄖㄨㄢ	358
檾	ㄑㄧㄥ	706
檿	ㄧㄢ	312
櫀	ㄑㄧ	241
櫁	ㄇㄧ	345
櫂	ㄓㄠ	16
櫃	ㄍㄨㄟ	1863
櫄	ㄔㄨㄣ	343
櫅	ㄐㄧ	245
櫆	ㄎㄨㄟ	342
櫇	ㄆㄛ	236
櫈	ㄉㄥ	440
櫋	ㄇㄧㄢ	260
櫌	ㄧㄡ	405
櫍	ㄓ	266
櫎	ㄍㄨ	367
櫎	ㄍㄨㄛ	367
櫎	ㄍㄨㄤ	367
櫎	ㄏㄨㄤ	367
櫏	ㄑㄧㄢ	271
櫐	ㄌㄟ	1
櫑	ㄌㄟ	350
櫒	ㄙㄚ	401
櫓	ㄌㄨ	671
櫔	ㄌㄧ	427
櫕	ㄘㄨㄢ	424
櫖	ㄌㄩ	223
櫖	ㄔㄨ	223
櫗	ㄇㄟ	199
櫗	ㄇㄧㄝ	199
櫘	ㄏㄨㄟ	363
櫙	ㄡ	379
櫚	ㄌㄩ	609
櫛	ㄓ	621
櫜	ㄍㄠ	325
櫝	ㄉㄨ	522
櫞	ㄩㄢ	485
櫟	ㄌㄧ	766
櫠	ㄈㄟ	344
櫡	ㄓㄨ	263
櫡	ㄓㄨㄛ	263
櫢	ㄙㄡ	195
櫣	ㄌㄧㄢ	345
櫤	ㄐㄧㄤ	313
櫥	ㄔㄨ	764
櫧	ㄓㄨ	517
櫨	ㄌㄨ	532
櫩	ㄧㄢ	253
櫪	ㄌㄧ	578
櫫	ㄓㄨ	564
櫬	ㄔㄣ	515
櫭	ㄐㄧ	305
櫭	ㄐㄧㄝ	305
櫮	ㄜ	204
櫯	ㄙㄨ	268
櫰	ㄍㄨㄟ	249
櫰	ㄏㄨㄞ	249
櫱	ㄋㄧㄝ	592
櫲	ㄩ	215
櫳	ㄌㄨㄥ	557
櫴	ㄌㄞ	284
櫶	ㄒㄧㄢ	221
櫸	ㄐㄩ	573
櫹	ㄒㄧㄠ	286
櫺	ㄌㄧㄥ	543
櫻	ㄧㄥ	1303
櫼	ㄐㄧㄢ	252
櫼	ㄕㄢ	252
櫽	ㄧㄣ	318
櫾	ㄧㄡ	227
櫿	ㄧㄥ	218
欀	ㄒㄧㄤ	270
欁	ㄋㄨㄥ	176
欂	ㄅㄛ	313
欃	ㄔㄢ	303
欄	ㄌㄢ	2726
欆	ㄕㄨㄤ	315
欇	ㄕㄜ	265
欈	ㄗㄨㄟ	214
欈	ㄨㄟ	214
欉	ㄘㄨㄥ	322
權	ㄑㄩㄢ	6625
欋	ㄑㄩ	306
欌	ㄘㄤ	301
欏	ㄌㄨㄛ	665
欐	ㄌㄧ	472
欑	ㄗㄨㄢ	454
欑	ㄘㄨㄢ	454
欒	ㄌㄨㄢ	872
欓	ㄉㄤ	416
欓	ㄊㄤ	416
欔	ㄐㄩㄝ	247
欖	ㄌㄢ	678
欗	ㄌㄢ	299
欘	ㄓㄨ	223
欙	ㄌㄟ	360
欚	ㄌㄧ	195
欛	ㄅㄚ	251
欜	ㄋㄤ	180
欝	ㄩ	289
欞	ㄌㄧㄥ	123
欟	ㄍㄨㄢ	334
欠	ㄑㄧㄢ	3587
次	ㄘ	22258
欣	ㄒㄧㄣ	2406
欥	ㄏㄨㄢ	406
欥	ㄧ	406
欥	ㄩ	406
欦	ㄏㄢ	276
欦	ㄑㄧㄢ	276
欦	ㄒㄧㄢ	276
欨	ㄒㄩ	191
欩	ㄔㄠ	214
欪	ㄑㄩ	309
欪	ㄒㄧ	309
欪	ㄔㄨ	309
欫	ㄑㄧ	222
欬	ㄎㄞ	388
欭	ㄧ	251
欭	ㄧㄣ	251
欮	ㄐㄩㄝ	264
欯	ㄎㄞ	233
欯	ㄒㄧ	233
欰	ㄒㄩ	218
欱	ㄏㄜ	292
欱	ㄒㄧㄚ	292
欲	ㄩ	5310
欳	ㄎㄨㄟ	216
欴	ㄌㄤ	300
欵	ㄎㄨㄢ	343
欶	ㄕㄨㄛ	289
欷	ㄒㄧ	496
欸	ㄝ	74
欸	ㄞ	74
欸	ㄟ	74
欹	ㄧ	550
欺	ㄑㄧ	1047
欻	ㄏㄨ	209
欻	ㄔㄨㄚ	209
欼	ㄔ	223
欽	ㄑㄧㄣ	1384
款	ㄎㄨㄢ	7599
欿	ㄎㄢ	285
歀	ㄎㄨㄢ	361
歁	ㄎㄢ	347
歂	ㄔㄨㄢ	264
歃	ㄕㄚ	401
歄	ㄍㄨㄚ	180
歅	ㄧㄣ	357
歆	ㄒㄧㄣ	799
歇	ㄒㄧㄝ	1479
歈	ㄩ	294
歉	ㄑㄧㄢ	801
歊	ㄒㄧㄠ	304
歋	ㄧㄝ	204
歌	ㄍㄜ	12288
歍	ㄧㄤ	291
歍	ㄨ	291
歎	ㄊㄢ	968
歏	ㄐㄧㄣ	206
歏	ㄑㄩㄣ	206
歐	ㄡ	3900
歑	ㄏㄨ	188
歒	ㄊㄧ	184
歒	ㄒㄧㄠ	184
歓	ㄏㄨㄢ	485
歔	ㄒㄩ	472
歕	ㄆㄣ	116
歖	ㄒㄧ	433
歖	ㄧ	433
歗	ㄒㄧㄠ	290
歘	ㄔㄨㄚ	388
歙	ㄕㄜ	554
歛	ㄌㄧㄢ	190
歜	ㄔㄨ	321
歝	ㄧ	235
歞	ㄜ	234
歟	ㄩ	644
歠	ㄔㄨㄛ	343
歡	ㄏㄨㄢ	2129
止	ㄓ	2263
正	ㄓㄥ	1072
正	ㄓㄥ	20359
此	ㄘ	18152
步	ㄅㄨ	4821
武	ㄨ	4011
歧	ㄑㄧ	793
歨	ㄅㄨ	394
歩	ㄅㄨ	611
歪	ㄨㄞ	2109
歫	ㄐㄩ	331
歬	ㄑㄧㄢ	194
歭	ㄓ	451
歭	ㄔ	451
歮	ㄙㄜ	332
歯	ㄔ	448
歰	ㄙㄜ	333
歱	ㄓㄨㄥ	228
歲	ㄙㄨㄟ	11046
歳	ㄙㄨㄟ	543
歴	ㄌㄧ	510
歵	ㄘㄨㄛ	199
歶	ㄩ	205
歷	ㄌㄧ	1419
歸	ㄍㄨㄟ	4615
歹	ㄉㄞ	694
歺	ㄉㄞ	406
死	ㄙ	37593
歽	ㄓㄜ	201
歾	ㄇㄛ	298
歿	ㄇㄛ	637
殀	ㄧㄠ	1
殂	ㄘㄨ	489
殃	ㄧㄤ	666
殄	ㄊㄧㄢ	561
殅	ㄕㄥ	358
殆	ㄉㄞ	663
殈	ㄒㄩ	402
殉	ㄒㄩㄣ	649
殊	ㄕㄨ	987
殌	ㄐㄩㄝ	231
殍	ㄆㄧㄠ	397
殎	ㄑㄧㄚ	278
殏	ㄑㄧㄡ	348
殐	ㄙㄨ	239
殑	ㄑㄧㄥ	666
殔	ㄧ	163
殕	ㄅㄛ	333
殕	ㄈㄡ	333
殕	ㄧㄝ	333
殖	ㄓ	740
殗	ㄧㄝ	375
殘	ㄘㄢ	2555
殙	ㄏㄨㄣ	400
殛	ㄐㄧ	550
殜	ㄉㄧㄝ	339
殝	ㄓㄣ	247
殞	ㄩㄣ	643
殟	ㄨ	256
殟	ㄨㄣ	256
殠	ㄔㄡ	446
殢	ㄊㄧ	420
殣	ㄐㄧㄣ	354
殤	ㄕㄤ	960
殥	ㄧㄣ	207
殦	ㄉㄧㄠ	252
殧	ㄐㄧㄡ	473
殩	ㄘㄨㄢ	298
殪	ㄧ	458
殫	ㄉㄢ	530
殬	ㄉㄨ	184
殭	ㄐㄧㄤ	358
殮	ㄌㄧㄢ	632
殯	ㄅㄧㄣ	590
殰	ㄉㄨ	24
殱	ㄐㄧㄢ	231
殲	ㄐㄧㄢ	899
殳	ㄕㄨ	551
段	ㄉㄨㄢ	8894
殶	ㄓㄨ	226
殷	ㄧㄢ	526
殷	ㄧㄣ	18
殷	ㄧㄣ	1753
殸	ㄑㄧㄥ	457
殹	ㄧ	283
殺	ㄕㄚ	23347
殻	ㄑㄧㄠ	2
殼	ㄎㄜ	1171
殼	ㄑㄧㄠ	1171
殽	ㄧㄠ	62
殾	ㄒㄩㄣ	245
殿	ㄉㄧㄢ	1932
毀	ㄏㄨㄟ	1784
毁	ㄏㄨㄟ	90
毃	ㄑㄧㄠ	317
毄	ㄐㄧ	269
毅	ㄧ	1550
毆	ㄡ	806
毇	ㄏㄨㄟ	329
毈	ㄉㄨㄢ	222
毉	ㄧ	319
毊	ㄒㄧㄠ	365
毋	ㄨ	870
毌	ㄍㄨㄢ	2
母	ㄇㄨ	3443
毎	ㄇㄟ	575
每	ㄇㄟ	20025
毐	ㄞ	486
毑	ㄐㄧㄝ	433
毒	ㄉㄨ	4636
毓	ㄩ	912
比	ㄅㄧ	69515
毖	ㄅㄧ	585
毗	ㄆㄧ	757
毘	ㄆㄧ	487
毚	ㄔㄢ	362
毛	ㄇㄠ	11849
毞	ㄆㄧ	417
毟	ㄌㄧㄝ	264
毠	ㄐㄧㄚ	255
毢	ㄙㄞ	271
毣	ㄇㄠ	392
毣	ㄇㄨ	392
毤	ㄊㄨㄛ	200
毥	ㄒㄩㄣ	198
毦	ㄦ	405
毧	ㄖㄨㄥ	244
毨	ㄒㄧㄢ	269
毩	ㄐㄩ	260
毪	ㄇㄨ	395
毫	ㄏㄠ	1083
毬	ㄑㄧㄡ	568
毭	ㄉㄡ	287
毭	ㄋㄨㄛ	287
毯	ㄊㄢ	809
毰	ㄆㄟ	234
毱	ㄐㄩ	269
毲	ㄉㄨㄛ	209
毳	ㄘㄨㄟ	471
毴	ㄅㄧ	252
毷	ㄇㄠ	307
毸	ㄙㄞ	244
毸	ㄙㄨㄟ	244
毹	ㄕㄨ	361
毺	ㄩ	180
毻	ㄊㄨㄛ	188
毼	ㄉㄚ	251
毼	ㄎㄜ	251
毼	ㄏㄜ	251
毽	ㄐㄧㄢ	513
毾	ㄊㄚ	246
毿	ㄙㄢ	452
氀	ㄉㄡ	355
氀	ㄌㄩ	355
氀	ㄕㄨ	355
氀	ㄩ	355
氁	ㄇㄨ	215
氂	ㄇㄠ	361
氂	ㄌㄧ	361
氃	ㄊㄨㄥ	237
氄	ㄖㄨㄥ	248
氅	ㄔㄤ	492
氆	ㄆㄨ	306
氈	ㄓㄢ	783
氉	ㄙㄠ	258
氊	ㄓㄢ	310
氋	ㄇㄥ	202
氌	ㄌㄨ	415
氍	ㄑㄩ	356
氏	ㄕ	3365
氐	ㄉㄧ	346
民	ㄇㄧㄣ	5752
氒	ㄐㄩㄝ	228
氓	ㄇㄤ	328
氓	ㄇㄥ	328
氕	ㄆㄧㄝ	406
氖	ㄋㄞ	741
気	ㄑㄧ	674
氘	ㄉㄠ	532
氙	ㄒㄧㄢ	528
氚	ㄔㄨㄢ	552
氛	ㄈㄣ	610
氜	ㄖ	553
氜	ㄧㄤ	553
氝	ㄋㄟ	326
氟	ㄈㄨ	1174
氠	ㄕㄣ	320
氡	ㄉㄨㄥ	648
氣	ㄑㄧ	10376
氤	ㄧㄣ	561
氥	ㄒㄧ	383
氦	ㄏㄞ	661
氧	ㄧㄤ	1533
氨	ㄢ	1135
氪	ㄎㄜ	581
氫	ㄑㄧㄥ	1249
氬	ㄧㄚ	696
氭	ㄉㄨㄥ	469
氮	ㄉㄢ	1248
氯	ㄌㄩ	1148
氰	ㄑㄧㄥ	720
氱	ㄧㄤ	479
氳	ㄩㄣ	646
水	ㄕㄨㄟ	28524
氵	ㄕㄨㄟ	680
氶	ㄓㄥ	466
氶	ㄔㄥ	466
氷	ㄅㄧㄥ	615
永	ㄩㄥ	3554
氹	ㄉㄤ	587
氻	ㄌㄜ	435
氼	ㄇㄟ	438
氼	ㄋㄧ	438
氽	ㄊㄨㄣ	650
氾	ㄈㄢ	697
氿	ㄍㄨㄟ	464
汀	ㄊㄧㄥ	1053
汁	ㄓ	1971
求	ㄑㄧㄡ	7695
汃	ㄅㄧㄣ	306
汃	ㄆㄚ	306
汄	ㄗㄜ	350
汅	ㄇㄧㄢ	250
汆	ㄘㄨㄢ	234
汉	ㄋㄩ	1
汊	ㄔㄚ	638
汋	ㄓㄨㄛ	387
汌	ㄔㄨㄢ	358
汍	ㄨㄢ	3
汎	ㄈㄢ	856
汏	ㄉㄚ	635
汏	ㄊㄞ	635
汐	ㄒㄧ	802
汑	ㄊㄨㄛ	224
汒	ㄇㄤ	401
汓	ㄑㄧㄡ	313
汓	ㄧㄡ	313
汔	ㄑㄧ	496
汕	ㄕㄢ	719
汖	ㄆㄧㄣ	265
汖	ㄔ	265
汗	ㄏㄢ	14099
汘	ㄑㄧㄢ	308
汙	ㄨ	655
汚	ㄨ	471
汛	ㄒㄩㄣ	689
汜	ㄙ	616
汝	ㄖㄨ	1645
汞	ㄍㄨㄥ	930
江	ㄐㄧㄤ	6095
池	ㄔ	2786
污	ㄨ	1013
汢	ㄊㄨ	400
汥	ㄐㄧ	376
汥	ㄓ	376
汦	ㄓ	290
汧	ㄑㄧㄢ	438
汨	ㄇㄧ	582
汩	ㄍㄨ	502
汪	ㄨㄤ	2695
汫	ㄐㄧㄥ	329
汬	ㄐㄧㄥ	314
汭	ㄖㄨㄟ	476
汮	ㄐㄩㄣ	297
汯	ㄏㄨㄥ	328
汰	ㄊㄞ	676
汱	ㄈㄨ	290
汱	ㄑㄩㄢ	290
汲	ㄐㄧ	750
汳	ㄅㄧㄢ	266
汴	ㄅㄧㄢ	655
汵	ㄍㄢ	309
汵	ㄏㄢ	309
汵	ㄘㄣ	309
汶	ㄨㄣ	867
汷	ㄓㄨㄥ	224
汸	ㄆㄤ	497
汸	ㄈㄤ	497
汹	ㄒㄩㄥ	100
決	ㄐㄩㄝ	1665
汻	ㄏㄨ	503
汻	ㄏㄨㄤ	503
汼	ㄋㄧㄡ	411
汼	ㄧㄡ	411
汽	ㄑㄧ	1154
汾	ㄈㄣ	735
汿	ㄒㄩ	233
沀	ㄒㄩ	167
沁	ㄑㄧㄣ	1245
沂	ㄧ	725
沃	ㄨㄛ	1295
沄	ㄩㄣ	411
沅	ㄩㄢ	743
沆	ㄏㄤ	483
沇	ㄧㄢ	385
沈	ㄔㄣ	392
沈	ㄕㄣ	7452
沉	ㄔㄣ	2005
沊	ㄉㄢ	418
沋	ㄧㄡ	463
沌	ㄉㄨㄣ	586
沍	ㄏㄨ	1
沎	ㄏㄨㄛ	218
沏	ㄑㄧ	685
沐	ㄇㄨ	1178
沑	ㄋㄧㄡ	352
沑	ㄋㄩ	352
沒	ㄇㄛ	14812
沒	ㄇㄟ	281421
沓	ㄊㄚ	782
沔	ㄇㄧㄢ	563
沕	ㄨ	462
沖	ㄔㄨㄥ	4873
沗	ㄆㄤ	253
沗	ㄊㄧㄢ	253
沘	ㄅㄧ	386
沙	ㄕㄚ	4899
沚	ㄓ	474
沛	ㄆㄟ	961
沜	ㄆㄢ	299
沝	ㄓㄨㄟ	409
沝	ㄗ	409
沞	ㄗㄚ	188
沟	ㄍㄡ	10
沠	ㄌㄧㄡ	218
沢	ㄗㄜ	625
沫	ㄇㄛ	1022
沬	ㄇㄟ	526
沭	ㄕㄨ	568
沮	ㄐㄩ	606
沯	ㄗㄢ	210
沰	ㄊㄨㄛ	251
沱	ㄊㄨㄛ	726
沲	ㄊㄨㄛ	400
河	ㄏㄜ	4808
沴	ㄌㄧ	463
沵	ㄇㄧ	734
沶	ㄔ	347
沶	ㄕ	347
沶	ㄧ	347
沷	ㄈㄚ	387
沸	ㄈㄟ	891
油	ㄧㄡ	6844
沺	ㄊㄧㄢ	367
治	ㄓ	4373
沼	ㄓㄠ	756
沽	ㄍㄨ	1005
沾	ㄓㄢ	1500
沿	ㄧㄢ	122
沿	ㄧㄢ	2316
泀	ㄙ	285
況	ㄎㄨㄤ	1120
泂	ㄐㄩㄥ	402
泃	ㄍㄡ	371
泃	ㄐㄩ	371
泄	ㄒㄧㄝ	1156
泅	ㄑㄧㄡ	536
泆	ㄧ	410
泇	ㄐㄧㄚ	408
泈	ㄓㄨㄥ	254
泉	ㄑㄩㄢ	2696
泊	ㄅㄛ	1226
泋	ㄏㄨㄟ	274
泌	ㄇㄧ	665
泍	ㄅㄣ	415
泎	ㄗㄜ	257
泏	ㄎㄨ	219
泏	ㄓㄨ	219
泐	ㄌㄜ	528
泑	ㄧㄡ	333
泒	ㄍㄨ	333
泓	ㄏㄨㄥ	923
泔	ㄍㄢ	534
法	ㄈㄚ	583
法	ㄈㄚ	19425
泖	ㄇㄠ	580
泗	ㄙ	799
泘	ㄏㄨ	434
泙	ㄆㄧㄥ	430
泚	ㄘ	531
泛	ㄈㄢ	1359
泜	ㄓ	312
泝	ㄙㄨ	383
泞	ㄓㄨ	100
泟	ㄔㄥ	338
泠	ㄌㄧㄥ	779
泡	ㄆㄠ	325
泡	ㄆㄠ	6184
波	ㄅㄛ	6249
泣	ㄑㄧ	1024
泤	ㄙ	341
泥	ㄋㄧ	137
泥	ㄋㄧ	2601
泦	ㄐㄩ	417
泧	ㄒㄩㄝ	281
泧	ㄙㄚ	281
注	ㄓㄨ	1159
泩	ㄕㄥ	590
泪	ㄌㄟ	810
泫	ㄒㄩㄢ	578
泬	ㄐㄩㄝ	330
泬	ㄒㄩㄝ	330
泭	ㄈㄨ	362
泮	ㄆㄢ	637
泯	ㄇㄧㄣ	709
泰	ㄊㄞ	2900
泱	ㄧㄤ	578
泲	ㄐㄧ	330
泳	ㄩㄥ	1087
泴	ㄍㄨㄢ	286
泵	ㄅㄥ	1675
泹	ㄉㄢ	538
泿	ㄧㄣ	287
洀	ㄆㄢ	424
洀	ㄓㄡ	424
洁	ㄐㄧ	90
洂	ㄧ	373
洃	ㄏㄨㄟ	459
洄	ㄏㄨㄟ	544
洅	ㄗㄞ	630
洆	ㄔㄥ	241
洇	ㄧㄢ	320
洇	ㄧㄣ	320
洈	ㄨㄟ	403
洉	ㄏㄡ	421
洊	ㄐㄧㄢ	488
洋	ㄧㄤ	4386
洌	ㄌㄧㄝ	610
洍	ㄙ	301
洎	ㄐㄧ	645
洏	ㄦ	575
洐	ㄒㄧㄥ	430
洑	ㄈㄨ	457
洓	ㄑㄧ	395
洓	ㄗ	395
洓	ㄙㄜ	395
洔	ㄓ	198
洕	ㄧㄣ	288
洖	ㄨ	420
洗	ㄒㄧ	9861
洘	ㄎㄠ	403
洙	ㄓㄨ	776
洚	ㄐㄧㄤ	429
洛	ㄌㄨㄛ	2605
洜	ㄌㄨㄛ	373
洝	ㄜ	367
洝	ㄢ	367
洝	ㄧㄢ	367
洞	ㄉㄨㄥ	3743
洟	ㄧ	8
洠	ㄇㄡ	305
洡	ㄌㄟ	239
洢	ㄧ	437
洣	ㄇㄧ	504
洤	ㄑㄩㄢ	453
津	ㄐㄧㄣ	1730
洦	ㄆㄛ	339
洧	ㄨㄟ	657
洨	ㄒㄧㄠ	388
洩	ㄒㄧㄝ	672
洪	ㄏㄨㄥ	3124
洫	ㄒㄩ	485
洬	ㄕㄨㄛ	334
洬	ㄙㄨ	334
洭	ㄎㄨㄤ	315
洮	ㄊㄠ	628
洯	ㄐㄧㄝ	443
洯	ㄑㄧㄝ	443
洰	ㄐㄩ	464
洱	ㄦ	608
洲	ㄓㄡ	2097
洳	ㄖㄨ	629
洴	ㄆㄧㄥ	338
洵	ㄒㄩㄣ	675
洶	ㄒㄩㄥ	510
洷	ㄓ	266
洸	ㄍㄨㄤ	527
洹	ㄏㄨㄢ	626
洺	ㄇㄧㄥ	560
活	ㄏㄨㄛ	9606
洽	ㄑㄧㄚ	957
派	ㄆㄞ	6934
洿	ㄨ	449
浀	ㄑㄩ	456
流	ㄌㄧㄡ	7199
浂	ㄧ	287
浄	ㄐㄧㄥ	465
浊	ㄓㄨㄛ	1
浖	ㄌㄧㄝ	287
浗	ㄑㄧㄡ	544
浘	ㄨㄟ	453
浙	ㄓㄜ	1172
浚	ㄐㄩㄣ	792
浛	ㄍㄢ	420
浛	ㄏㄢ	420
浜	ㄅㄤ	938
浜	ㄅㄧㄣ	938
浝	ㄇㄤ	183
浞	ㄓㄨㄛ	565
浟	ㄉㄧ	363
浟	ㄧㄡ	363
浠	ㄒㄧ	689
浡	ㄅㄛ	428
浢	ㄉㄡ	356
浣	ㄏㄨㄢ	815
浤	ㄏㄨㄥ	358
浥	ㄧ	489
浦	ㄆㄨ	1535
浧	ㄓㄥ	298
浧	ㄔㄥ	298
浧	ㄧㄥ	298
浨	ㄌㄢ	270
浩	ㄏㄠ	2429
浪	ㄌㄤ	2906
浫	ㄏㄢ	280
浬	ㄌㄧ	5
浭	ㄍㄥ	489
浮	ㄈㄨ	1774
浯	ㄨ	581
浰	ㄌㄧ	339
浱	ㄔㄨㄣ	288
浲	ㄈㄥ	248
浲	ㄏㄨㄥ	248
浳	ㄧ	218
浴	ㄩ	1962
浵	ㄊㄨㄥ	423
浶	ㄌㄠ	215
海	ㄏㄞ	13336
浸	ㄐㄧㄣ	1290
浹	ㄐㄧㄚ	612
浺	ㄔㄨㄥ	333
浻	ㄐㄩㄥ	303
浼	ㄇㄟ	600
浽	ㄋㄟ	237
浽	ㄙㄨㄟ	237
浾	ㄔㄥ	214
浿	ㄆㄟ	334
涀	ㄐㄧㄢ	430
涀	ㄒㄧㄢ	430
涁	ㄕㄣ	253
涂	ㄊㄨ	1151
涃	ㄎㄨㄣ	357
涄	ㄆㄧㄥ	194
涅	ㄋㄧㄝ	1394
涆	ㄏㄢ	237
涇	ㄐㄧㄥ	860
消	ㄒㄧㄠ	2293
涉	ㄕㄜ	1434
涊	ㄋㄧㄢ	422
涋	ㄊㄨ	230
涌	ㄩㄥ	551
涍	ㄒㄧㄠ	305
涎	ㄒㄧㄢ	671
涏	ㄊㄧㄥ	302
涐	ㄜ	741
涑	ㄙㄨ	579
涒	ㄊㄨㄣ	363
涓	ㄐㄩㄢ	893
涔	ㄘㄣ	691
涕	ㄊㄧ	747
涖	ㄌㄧ	377
涗	ㄕㄨㄟ	441
涘	ㄙ	523
涙	ㄌㄟ	632
涚	ㄕㄨㄟ	42
涜	ㄉㄨ	447
涪	ㄈㄨ	578
涫	ㄍㄨㄢ	602
涬	ㄒㄧㄥ	445
涭	ㄊㄠ	427
涭	ㄕㄡ	427
涮	ㄕㄨㄢ	968
涯	ㄧㄚ	1013
涰	ㄔㄨㄛ	266
涱	ㄓㄤ	374
液	ㄧ	2704
液	ㄧㄝ	2704
涳	ㄋㄤ	553
涳	ㄎㄨㄥ	553
涴	ㄨㄛ	446
涵	ㄏㄢ	1958
涶	ㄊㄨㄛ	271
涷	ㄉㄨㄥ	437
涸	ㄏㄜ	644
涹	ㄨㄛ	317
涺	ㄐㄩ	373
涻	ㄕㄜ	400
涼	ㄌㄧㄤ	3023
涽	ㄏㄨㄣ	350
涾	ㄊㄚ	248
涿	ㄓㄨㄛ	574
淀	ㄉㄧㄢ	577
淁	ㄐㄧ	224
淁	ㄑㄧㄝ	224
淂	ㄉㄜ	622
淃	ㄐㄩㄢ	256
淄	ㄗ	596
淅	ㄒㄧ	678
淆	ㄒㄧㄠ	483
淆	ㄧㄠ	483
淇	ㄑㄧ	1008
淈	ㄍㄨ	316
淈	ㄏㄨ	316
淉	ㄍㄨㄛ	571
淉	ㄍㄨㄢ	571
淊	ㄧㄢ	276
淋	ㄌㄧㄣ	152
淋	ㄌㄧㄣ	1372
淌	ㄊㄤ	962
淍	ㄉㄧㄠ	403
淍	ㄓㄡ	403
淎	ㄆㄥ	246
淏	ㄏㄠ	472
淐	ㄔㄤ	333
淑	ㄕㄨ	1485
淒	ㄑㄧ	705
淓	ㄈㄤ	439
淔	ㄓ	356
淕	ㄌㄨ	291
淖	ㄋㄠ	692
淗	ㄐㄩ	251
淘	ㄊㄠ	1713
淙	ㄘㄨㄥ	622
淚	ㄌㄟ	3473
淛	ㄓㄜ	394
淜	ㄆㄥ	385
淝	ㄈㄟ	572
淞	ㄙㄨㄥ	762
淟	ㄊㄧㄢ	278
淠	ㄆㄧ	549
淡	ㄉㄢ	2800
淢	ㄩ	307
淣	ㄋㄧ	356
淤	ㄩ	1006
淥	ㄌㄨ	644
淦	ㄍㄢ	648
淧	ㄇㄧ	312
淨	ㄐㄧㄥ	3397
淩	ㄌㄧㄥ	1178
淪	ㄌㄨㄣ	828
淫	ㄧㄣ	1872
淬	ㄘㄨㄟ	705
淭	ㄑㄩ	277
淮	ㄏㄨㄞ	1120
淯	ㄩ	423
淰	ㄋㄧㄢ	518
深	ㄕㄣ	7714
淲	ㄅㄧㄠ	336
淲	ㄏㄨ	336
淳	ㄔㄨㄣ	1028
淴	ㄏㄨ	332
淵	ㄩㄢ	1209
淶	ㄌㄞ	677
混	ㄏㄨㄣ	2502
混	ㄏㄨㄣ	5839
淸	ㄑㄧㄥ	525
淹	ㄧㄢ	957
淺	ㄐㄧㄢ	25
淺	ㄑㄧㄢ	2430
添	ㄊㄧㄢ	3194
淼	ㄇㄧㄠ	910
淽	ㄓ	356
淾	ㄧㄣ	204
淿	ㄇㄧ	267
渀	ㄅㄣ	559
渁	ㄩㄢ	503
渂	ㄇㄧㄣ	280
渂	ㄨㄣ	280
渃	ㄖㄜ	427
渃	ㄖㄨㄛ	427
渄	ㄈㄟ	330
清	ㄑㄧㄥ	9459
渆	ㄩㄢ	228
渇	ㄎㄜ	411
済	ㄐㄧ	518
渉	ㄕㄜ	450
渋	ㄙㄜ	484
渒	ㄆㄧ	298
渓	ㄑㄧ	394
渕	ㄩㄢ	427
渘	ㄖㄡ	403
渙	ㄏㄨㄢ	684
渚	ㄓㄨ	798
減	ㄐㄧㄢ	3389
渜	ㄋㄨㄢ	285
渝	ㄩ	1547
渞	ㄑㄧㄡ	394
渞	ㄨ	394
渟	ㄊㄧㄥ	485
渠	ㄐㄩ	702
渠	ㄑㄩ	702
渡	ㄉㄨ	1882
渢	ㄈㄥ	499
渣	ㄓㄚ	1735
渤	ㄅㄛ	746
渥	ㄨㄛ	693
渦	ㄍㄨㄛ	410
渦	ㄨㄛ	410
渧	ㄉㄧ	466
渨	ㄨㄟ	278
渪	ㄖㄨ	282
渫	ㄒㄧㄝ	509
測	ㄘㄜ	4030
渭	ㄨㄟ	814
渮	ㄍㄜ	364
港	ㄍㄤ	5099
渰	ㄧㄢ	321
渱	ㄍㄨㄥ	420
渱	ㄏㄨㄥ	420
渲	ㄒㄩㄢ	670
渳	ㄇㄧ	234
渴	ㄎㄜ	1129
渵	ㄇㄠ	298
渶	ㄧㄥ	474
渷	ㄧㄢ	399
游	ㄧㄡ	3410
渹	ㄏㄨㄥ	261
渹	ㄑㄧㄥ	261
渺	ㄇㄧㄠ	776
渻	ㄕㄥ	351
渼	ㄇㄟ	486
渽	ㄗㄞ	332
渾	ㄏㄨㄣ	982
渿	ㄋㄞ	320
湀	ㄍㄨㄟ	435
湁	ㄔ	519
湂	ㄜ	210
湃	ㄆㄞ	614
湄	ㄇㄟ	734
湅	ㄌㄧㄢ	478
湆	ㄑㄧ	296
湇	ㄑㄧ	424
湈	ㄇㄟ	447
湉	ㄊㄧㄢ	513
湊	ㄘㄡ	2624
湋	ㄨㄟ	360
湌	ㄘㄢ	256
湍	ㄊㄨㄢ	653
湎	ㄇㄧㄢ	540
湏	ㄇㄧㄣ	364
湏	ㄏㄨㄟ	364
湐	ㄇㄛ	330
湑	ㄒㄩ	367
湒	ㄐㄧ	239
湓	ㄆㄣ	538
湔	ㄐㄧㄢ	564
湕	ㄐㄧㄢ	353
湖	ㄏㄨ	4002
湗	ㄈㄥ	366
湘	ㄒㄧㄤ	2093
湙	ㄧ	280
湚	ㄧㄣ	255
湛	ㄓㄢ	963
湜	ㄕ	703
湝	ㄐㄧㄝ	531
湞	ㄓㄣ	512
湟	ㄏㄨㄤ	613
湠	ㄊㄢ	271
湡	ㄩ	482
湢	ㄅㄧ	553
湣	ㄇㄧㄣ	36
湤	ㄕ	351
湥	ㄊㄨ	440
湦	ㄕㄥ	358
湧	ㄩㄥ	1371
湨	ㄐㄩ	283
湩	ㄓㄨㄥ	369
湪	ㄊㄨㄢ	485
湪	ㄋㄨㄢ	485
湫	ㄐㄧㄠ	616
湬	ㄐㄧㄠ	360
湭	ㄑㄧㄡ	356
湮	ㄧㄢ	320
湮	ㄧㄣ	320
湯	ㄊㄤ	5699
湯	ㄕㄤ	58
湰	ㄌㄨㄥ	476
湱	ㄏㄨㄛ	268
湲	ㄩㄢ	478
湳	ㄋㄢ	456
湴	ㄅㄢ	518
湴	ㄆㄢ	518
湵	ㄧㄡ	281
湶	ㄑㄩㄢ	412
湷	ㄏㄨㄣ	346
湷	ㄓㄨㄤ	346
湸	ㄌㄧㄤ	436
湹	ㄔㄢ	284
湺	ㄧㄢ	400
湻	ㄔㄨㄣ	281
湼	ㄋㄧㄝ	348
湽	ㄗ	239
満	ㄇㄢ	600
溂	ㄌㄚ	416
溈	ㄍㄨㄟ	2
溉	ㄍㄞ	595
溌	ㄆㄛ	264
溍	ㄐㄧㄣ	411
溎	ㄍㄨㄟ	324
溏	ㄊㄤ	580
源	ㄩㄢ	5288
溑	ㄙㄨㄛ	242
溒	ㄩㄢ	270
溓	ㄋㄧㄢ	370
溓	ㄌㄧㄢ	370
溓	ㄌㄧㄣ	370
溓	ㄒㄧㄢ	370
溔	ㄧㄠ	322
溕	ㄇㄥ	305
準	ㄓㄨㄣ	4457
溗	ㄔㄥ	281
溘	ㄎㄜ	414
溙	ㄊㄞ	315
溚	ㄉㄚ	380
溚	ㄊㄚ	380
溛	ㄨㄚ	199
溜	ㄌㄧㄡ	1720
溝	ㄍㄡ	2642
溞	ㄙㄠ	411
溟	ㄇㄧㄥ	957
溠	ㄓㄚ	285
溡	ㄕ	605
溢	ㄧ	1113
溣	ㄌㄨㄣ	335
溤	ㄇㄚ	304
溥	ㄆㄨ	717
溦	ㄨㄟ	493
溧	ㄌㄧ	572
溨	ㄘㄞ	284
溩	ㄨ	238
溪	ㄒㄧ	2116
溫	ㄨㄣ	3848
溬	ㄑㄧㄤ	149
溭	ㄗㄜ	296
溮	ㄕ	453
溯	ㄙㄨ	754
溰	ㄞ	267
溱	ㄓㄣ	581
溲	ㄙㄡ	533
溳	ㄩㄣ	243
溴	ㄒㄧㄡ	845
溵	ㄧㄣ	312
溶	ㄖㄨㄥ	1225
溷	ㄏㄨㄣ	494
溸	ㄙㄨ	249
溹	ㄙㄜ	338
溹	ㄙㄨㄛ	338
溺	ㄋㄧ	747
溺	ㄋㄧㄠ	39
溻	ㄊㄚ	506
溼	ㄕ	2465
溽	ㄖㄨ	422
溾	ㄨㄟ	281
溿	ㄆㄢ	359
滀	ㄒㄩ	467
滀	ㄔㄨ	467
滁	ㄔㄨ	605
滂	ㄆㄤ	549
滃	ㄨㄥ	517
滄	ㄘㄤ	1110
滅	ㄇㄧㄝ	3865
滆	ㄍㄜ	489
滇	ㄉㄧㄢ	974
滈	ㄏㄠ	504
滈	ㄒㄩㄝ	504
滉	ㄏㄨㄤ	463
滊	ㄒㄧ	485
滋	ㄗ	1014
滌	ㄉㄧ	816
滍	ㄓ	335
滎	ㄒㄧㄥ	529
滏	ㄈㄨ	516
滐	ㄐㄧㄝ	410
滑	ㄏㄨㄚ	2278
滒	ㄍㄜ	490
滓	ㄗ	568
滔	ㄊㄠ	749
滕	ㄊㄥ	1203
滖	ㄙㄨㄟ	337
滘	ㄐㄧㄠ	642
滙	ㄏㄨㄟ	110
滚	ㄍㄨㄣ	120
滛	ㄧㄣ	401
滜	ㄍㄠ	258
滝	ㄌㄨㄥ	504
滣	ㄔㄨㄣ	416
滫	ㄒㄧㄡ	326
滬	ㄏㄨ	2274
滭	ㄅㄧ	369
滮	ㄅㄧㄠ	344
滯	ㄓ	1022
滰	ㄐㄧㄤ	199
滱	ㄎㄡ	269
滲	ㄕㄣ	1012
滳	ㄕㄤ	315
滴	ㄉㄧ	12639
滵	ㄇㄧ	418
滶	ㄠ	267
滷	ㄌㄨ	839
滸	ㄏㄨ	653
滹	ㄏㄨ	547
滺	ㄧㄡ	433
滻	ㄔㄢ	470
滼	ㄈㄢ	285
滽	ㄩㄥ	304
滾	ㄍㄨㄣ	4607
滿	ㄇㄢ	12975
漀	ㄑㄧㄥ	353
漁	ㄩ	1197
漂	ㄆㄧㄠ	544
漃	ㄐㄧ	510
漄	ㄧㄚ	361
漅	ㄔㄠ	287
漆	ㄑㄧ	1821
漇	ㄒㄧ	218
漈	ㄐㄧ	550
漉	ㄌㄨ	578
漊	ㄌㄩ	265
漋	ㄌㄨㄥ	295
漌	ㄐㄧㄣ	211
漍	ㄍㄨㄛ	326
漎	ㄘㄨㄥ	382
漏	ㄌㄡ	2608
漐	ㄓ	270
漑	ㄍㄞ	365
漒	ㄑㄧㄤ	338
漓	ㄌㄧ	611
演	ㄧㄢ	5432
漕	ㄘㄠ	769
漖	ㄐㄧㄠ	498
漗	ㄘㄨㄥ	192
漘	ㄔㄨㄣ	306
漙	ㄊㄨㄢ	351
漚	ㄡ	325
漛	ㄊㄥ	217
漜	ㄧㄝ	249
漝	ㄒㄧ	339
漞	ㄇㄧ	284
漟	ㄊㄤ	419
漠	ㄇㄛ	891
漡	ㄊㄤ	319
漡	ㄕㄤ	319
漢	ㄏㄢ	4373
漣	ㄌㄧㄢ	728
漥	ㄨㄚ	441
漦	ㄌㄧ	303
漦	ㄔ	303
漧	ㄍㄢ	331
漨	ㄅㄥ	368
漨	ㄆㄥ	368
漨	ㄈㄥ	368
漩	ㄒㄩㄢ	645
漪	ㄧ	788
漫	ㄇㄢ	1722
漬	ㄗ	849
漭	ㄇㄤ	449
漮	ㄎㄤ	287
漯	ㄊㄚ	506
漰	ㄆㄥ	311
漱	ㄕㄨ	767
漲	ㄓㄤ	5026
漲	ㄓㄤ	7538
漳	ㄓㄤ	725
漴	ㄓㄨㄤ	351
漴	ㄔㄨㄤ	351
漴	ㄔㄨㄥ	351
漵	ㄒㄩ	549
漶	ㄏㄨㄢ	379
漷	ㄎㄨㄛ	551
漸	ㄐㄧㄢ	183
漸	ㄐㄧㄢ	1651
漹	ㄧㄢ	311
漺	ㄔㄨㄤ	310
漺	ㄕㄨㄤ	310
漻	ㄌㄧㄠ	412
漻	ㄌㄧㄡ	412
漻	ㄒㄧㄠ	412
漼	ㄘㄨㄟ	363
漽	ㄊㄧ	210
漾	ㄧㄤ	890
漿	ㄐㄧㄤ	274
漿	ㄐㄧㄤ	1094
潀	ㄘㄨㄥ	264
潁	ㄧㄥ	722
潂	ㄏㄨㄥ	203
潃	ㄒㄩㄣ	450
潄	ㄕㄨ	348
潅	ㄍㄨㄢ	389
潊	ㄒㄩ	238
潎	ㄆㄧ	374
潏	ㄐㄩㄝ	370
潐	ㄐㄧㄠ	356
潐	ㄑㄧㄠ	356
潑	ㄆㄛ	1371
潒	ㄉㄤ	526
潒	ㄒㄧㄤ	526
潒	ㄧㄤ	526
潓	ㄏㄨㄟ	352
潔	ㄐㄧㄝ	1996
潕	ㄨ	480
潖	ㄆㄚ	340
潗	ㄐㄧ	436
潘	ㄆㄢ	3328
潙	ㄍㄨㄟ	635
潙	ㄨㄟ	635
潚	ㄒㄧㄠ	402
潛	ㄑㄧㄢ	1538
潜	ㄑㄧㄢ	100
潝	ㄒㄧ	271
潞	ㄌㄨ	739
潟	ㄒㄧ	409
潠	ㄒㄩㄣ	319
潡	ㄉㄨㄣ	340
潢	ㄏㄨㄤ	552
潣	ㄇㄧㄣ	386
潤	ㄖㄨㄣ	2250
潥	ㄙㄨ	331
潦	ㄌㄠ	593
潧	ㄓㄣ	467
潨	ㄗㄨㄥ	308
潨	ㄘㄨㄥ	308
潩	ㄧ	399
潪	ㄓ	449
潪	ㄓㄜ	449
潫	ㄨㄢ	318
潬	ㄊㄢ	377
潬	ㄕㄢ	377
潭	ㄊㄢ	1350
潮	ㄔㄠ	2201
潯	ㄒㄩㄣ	663
潰	ㄎㄨㄟ	884
潱	ㄧㄝ	298
潲	ㄕㄠ	446
潳	ㄊㄨ	312
潳	ㄓㄚ	312
潵	ㄙㄚ	244
潵	ㄙㄢ	244
潶	ㄏㄟ	571
潷	ㄅㄧ	572
潸	ㄕㄢ	461
潹	ㄔㄢ	344
潺	ㄔㄢ	564
潻	ㄕㄨ	353
潼	ㄊㄨㄥ	658
潽	ㄆㄨ	390
潾	ㄌㄧㄣ	376
潿	ㄨㄟ	598
澀	ㄙㄜ	1286
澁	ㄙㄜ	317
澂	ㄔㄥ	7
澃	ㄐㄩㄥ	343
澄	ㄉㄥ	597
澄	ㄔㄥ	597
澅	ㄏㄨㄚ	262
澆	ㄐㄧㄠ	1443
澇	ㄌㄠ	796
澈	ㄔㄜ	952
澉	ㄍㄢ	465
澊	ㄘㄨㄣ	419
澋	ㄏㄨㄥ	262
澌	ㄙ	462
澍	ㄕㄨ	666
澎	ㄆㄥ	716
澏	ㄏㄢ	267
澐	ㄩㄣ	489
澑	ㄌㄧㄡ	335
澒	ㄏㄨㄥ	339
澓	ㄈㄨ	288
澔	ㄏㄠ	499
澕	ㄏㄜ	451
澖	ㄒㄧㄢ	305
澗	ㄐㄧㄢ	960
澘	ㄕㄢ	376
澙	ㄒㄧ	339
澞	ㄩ	259
澟	ㄌㄧㄣ	339
澠	ㄕㄥ	475
澡	ㄗㄠ	1748
澢	ㄉㄤ	357
澣	ㄏㄨㄢ	191
澣	ㄨㄢ	191
澤	ㄗㄜ	3054
澥	ㄒㄧㄝ	495
澦	ㄩ	368
澧	ㄌㄧ	629
澨	ㄕ	343
澩	ㄒㄧㄠ	559
澩	ㄒㄩㄝ	559
澪	ㄌㄧㄥ	516
澫	ㄇㄢ	411
澬	ㄗ	437
澭	ㄩㄥ	313
澮	ㄎㄨㄞ	626
澯	ㄘㄢ	251
澰	ㄌㄧㄢ	221
澱	ㄉㄧㄢ	714
澲	ㄧㄝ	333
澳	ㄠ	1670
澴	ㄏㄨㄢ	378
澵	ㄓㄣ	194
澶	ㄔㄢ	653
澷	ㄇㄢ	378
澸	ㄉㄢ	355
澹	ㄉㄢ	340
澹	ㄊㄢ	340
澺	ㄧ	341
澻	ㄙㄨㄟ	221
澼	ㄆㄧ	366
澽	ㄐㄩ	278
澾	ㄊㄚ	1
澿	ㄑㄧㄣ	276
激	ㄐㄧ	1351
濁	ㄓㄨㄛ	977
濂	ㄌㄧㄢ	717
濃	ㄋㄨㄥ	2310
濄	ㄍㄨㄛ	630
濄	ㄨㄛ	630
濅	ㄐㄧㄣ	440
濆	ㄈㄣ	498
濇	ㄙㄜ	476
濈	ㄐㄧ	456
濉	ㄙㄨㄟ	561
濊	ㄏㄨㄟ	459
濋	ㄔㄨ	480
濌	ㄊㄚ	309
濍	ㄙㄨㄥ	239
濎	ㄉㄧㄥ	302
濎	ㄊㄧㄥ	302
濏	ㄙㄜ	296
濐	ㄓㄨ	298
濓	ㄌㄧㄢ	394
濔	ㄇㄧ	374
濕	ㄕ	870
濖	ㄕㄨ	204
濗	ㄇㄧ	233
濘	ㄋㄧㄥ	484
濙	ㄧㄥ	400
濚	ㄧㄥ	211
濛	ㄇㄥ	695
濜	ㄐㄧㄣ	243
濝	ㄑㄧ	238
濞	ㄅㄧ	530
濟	ㄐㄧ	1725
濠	ㄏㄠ	743
濡	ㄖㄨ	763
濢	ㄗㄨㄟ	319
濢	ㄘㄨㄟ	319
濣	ㄨㄛ	267
濤	ㄊㄠ	2407
濥	ㄧㄣ	297
濦	ㄧㄣ	226
濧	ㄉㄨㄟ	410
濨	ㄘ	305
濩	ㄏㄨㄛ	392
濪	ㄐㄧㄥ	347
濫	ㄌㄢ	1122
濬	ㄐㄩㄣ	9
濭	ㄎㄜ	227
濭	ㄎㄞ	227
濭	ㄞ	227
濮	ㄆㄨ	771
濯	ㄓㄠ	338
濯	ㄓㄨㄛ	338
濰	ㄨㄟ	624
濱	ㄅㄧㄣ	1410
濲	ㄍㄨ	239
濳	ㄑㄧㄢ	326
濴	ㄧㄥ	242
濵	ㄅㄧㄣ	279
濵	ㄆㄧㄣ	279
濶	ㄎㄨㄛ	374
濷	ㄈㄟ	274
濺	ㄐㄧㄢ	1114
濻	ㄨㄟ	203
濼	ㄌㄨㄛ	621
濽	ㄗㄢ	299
濾	ㄌㄩ	975
濿	ㄌㄧ	299
瀀	ㄧㄡ	343
瀁	ㄧㄤ	1
瀂	ㄌㄨ	253
瀃	ㄙ	228
瀄	ㄓ	288
瀅	ㄧㄥ	739
瀆	ㄉㄨ	661
瀈	ㄏㄨㄟ	187
瀉	ㄒㄧㄝ	1280
瀊	ㄆㄢ	278
瀋	ㄕㄣ	612
瀌	ㄅㄧㄠ	330
瀍	ㄔㄢ	407
瀎	ㄇㄛ	304
瀎	ㄇㄧㄝ	304
瀏	ㄌㄧㄡ	686
瀐	ㄐㄧㄢ	233
瀑	ㄅㄠ	44
瀑	ㄆㄨ	827
瀒	ㄙㄜ	226
瀓	ㄔㄥ	273
瀔	ㄍㄨ	233
瀕	ㄅㄧㄣ	624
瀖	ㄏㄨㄛ	232
瀗	ㄒㄧㄢ	184
瀘	ㄌㄨ	641
瀙	ㄑㄧㄣ	449
瀚	ㄏㄢ	925
瀛	ㄧㄥ	777
瀜	ㄖㄨㄥ	368
瀝	ㄌㄧ	1011
瀞	ㄐㄧㄥ	550
瀟	ㄒㄧㄠ	949
瀠	ㄧㄥ	536
瀡	ㄙㄨㄟ	487
瀢	ㄉㄨㄟ	219
瀢	ㄨㄟ	219
瀣	ㄒㄧㄝ	434
瀤	ㄏㄨㄞ	289
瀤	ㄨㄞ	289
瀥	ㄒㄩㄝ	193
瀦	ㄓㄨ	681
瀧	ㄌㄨㄥ	334
瀧	ㄕㄨㄤ	334
瀨	ㄌㄞ	839
瀩	ㄉㄨㄟ	215
瀪	ㄈㄢ	337
瀫	ㄏㄨ	270
瀬	ㄌㄞ	589
瀯	ㄧㄥ	387
瀰	ㄇㄧ	604
瀱	ㄐㄧ	212
瀲	ㄌㄧㄢ	584
瀳	ㄐㄧㄢ	262
瀴	ㄧㄥ	253
瀵	ㄈㄣ	528
瀶	ㄌㄧㄣ	301
瀷	ㄧ	458
瀸	ㄐㄧㄢ	319
瀹	ㄩㄝ	636
瀺	ㄔㄢ	340
瀻	ㄉㄞ	362
瀼	ㄖㄤ	526
瀽	ㄐㄧㄢ	377
瀾	ㄌㄢ	1134
瀿	ㄈㄢ	367
灀	ㄕㄨㄤ	364
灁	ㄩㄢ	259
灂	ㄐㄧㄠ	297
灂	ㄓㄨㄛ	297
灂	ㄗㄜ	297
灃	ㄈㄥ	677
灄	ㄕㄜ	449
灅	ㄌㄟ	333
灆	ㄌㄢ	479
灇	ㄘㄨㄥ	218
灈	ㄑㄩ	312
灉	ㄩㄥ	436
灊	ㄑㄧㄢ	369
灋	ㄈㄚ	377
灌	ㄍㄨㄢ	2823
灍	ㄑㄩㄝ	234
灐	ㄧㄥ	306
灑	ㄙㄚ	1587
灒	ㄗㄢ	285
灓	ㄌㄨㄢ	228
灔	ㄧㄢ	336
灕	ㄌㄧ	563
灖	ㄇㄧ	228
灗	ㄕㄢ	239
灘	ㄊㄢ	1344
灙	ㄉㄤ	281
灚	ㄐㄧㄠ	392
灛	ㄔㄢ	265
灝	ㄏㄠ	880
灞	ㄅㄚ	687
灟	ㄓㄨ	244
灠	ㄌㄢ	379
灡	ㄌㄢ	411
灢	ㄋㄤ	265
灣	ㄨㄢ	2256
灤	ㄌㄨㄢ	638
灥	ㄒㄩㄣ	360
灦	ㄒㄧㄢ	347
灨	ㄍㄢ	298
灩	ㄧㄢ	639
灪	ㄩ	309
火	ㄏㄨㄛ	8325
灬	ㄅㄧㄠ	840
灬	ㄏㄨㄛ	840
灮	ㄍㄨㄤ	311
灯	ㄉㄧㄥ	89
灰	ㄏㄨㄟ	3280
灱	ㄒㄧㄠ	267
灲	ㄒㄧㄠ	282
灳	ㄏㄨㄟ	255
灴	ㄏㄨㄥ	314
灵	ㄌㄧㄥ	10
灶	ㄗㄠ	700
灷	ㄓㄨㄢ	200
灸	ㄐㄧㄡ	758
灹	ㄓㄚ	230
灹	ㄩ	230
灺	ㄒㄧㄝ	428
灻	ㄔ	233
灼	ㄓㄨㄛ	862
災	ㄗㄞ	1342
灾	ㄗㄞ	1000
炁	ㄑㄧ	535
炂	ㄓㄨㄥ	171
炃	ㄅㄣ	296
炃	ㄈㄣ	296
炄	ㄋㄧㄡ	215
炅	ㄍㄨㄟ	302
炅	ㄐㄩㄥ	302
炆	ㄨㄣ	537
炇	ㄆㄛ	198
炈	ㄧ	194
炊	ㄔㄨㄟ	746
炋	ㄆㄧ	192
炌	ㄎㄞ	239
炍	ㄆㄢ	228
炎	ㄧㄢ	2350
炏	ㄎㄞ	330
炏	ㄧㄢ	330
炐	ㄆㄤ	285
炐	ㄈㄥ	285
炑	ㄇㄨ	343
炒	ㄔㄠ	6087
炓	ㄌㄧㄠ	309
炔	ㄍㄨㄟ	309
炔	ㄑㄩㄝ	309
炕	ㄎㄤ	819
炗	ㄍㄨㄤ	215
炘	ㄒㄧㄣ	479
炙	ㄓ	807
炚	ㄍㄨㄤ	251
炛	ㄍㄨㄤ	319
炟	ㄉㄚ	385
炠	ㄒㄧㄚ	221
炡	ㄓㄥ	320
炢	ㄓㄨ	199
炣	ㄎㄜ	340
炤	ㄓㄠ	564
炥	ㄈㄨ	210
炦	ㄅㄚ	192
炧	ㄒㄧㄝ	267
炨	ㄉㄨㄛ	236
炩	ㄌㄧㄥ	307
炪	ㄓㄨㄛ	518
炪	ㄔㄨ	518
炫	ㄒㄩㄢ	1373
炬	ㄐㄩ	757
炭	ㄊㄢ	1093
炮	ㄅㄠ	21
炮	ㄆㄠ	21
炮	ㄆㄠ	2021
炯	ㄐㄩㄥ	822
炰	ㄆㄠ	429
炱	ㄊㄞ	539
炲	ㄊㄞ	467
炳	ㄅㄧㄥ	1098
炴	ㄧㄤ	461
炵	ㄊㄨㄥ	441
炶	ㄏㄢ	425
炷	ㄓㄨ	630
炸	ㄓㄚ	1567
為	ㄨㄟ	342
炻	ㄕ	533
炾	ㄏㄨㄤ	288
烀	ㄏㄨ	521
烄	ㄐㄧㄠ	298
烄	ㄧㄠ	298
烅	ㄒㄩ	271
烆	ㄏㄥ	372
烇	ㄑㄩㄢ	360
烈	ㄌㄧㄝ	1792
烉	ㄏㄨㄢ	215
烊	ㄧㄤ	571
烋	ㄒㄧㄠ	353
烌	ㄒㄧㄡ	215
烍	ㄒㄧㄢ	294
烎	ㄧㄣ	505
烏	ㄨ	2180
烐	ㄓㄡ	187
烑	ㄧㄠ	255
烒	ㄕ	258
烓	ㄨㄟ	244
烔	ㄊㄨㄥ	460
烕	ㄇㄧㄝ	296
烖	ㄗㄞ	302
烗	ㄎㄞ	245
烘	ㄏㄨㄥ	814
烙	ㄌㄠ	999
烚	ㄒㄧㄚ	349
烛	ㄓㄨ	90
烛	ㄔㄨㄥ	90
烜	ㄒㄩㄢ	519
烝	ㄓㄥ	473
烞	ㄆㄛ	199
烟	ㄧㄢ	990
烟	ㄧㄣ	990
烠	ㄏㄨㄟ	401
烠	ㄞ	401
烡	ㄍㄨㄤ	188
烢	ㄔㄜ	228
烣	ㄏㄨㄟ	366
烤	ㄎㄠ	2336
烮	ㄌㄧㄝ	404
烯	ㄒㄧ	812
烰	ㄈㄨ	269
烱	ㄐㄩㄥ	357
烲	ㄒㄧㄝ	291
烲	ㄔㄜ	291
烳	ㄆㄨ	231
烴	ㄊㄧㄥ	728
烵	ㄓㄨㄛ	227
烶	ㄊㄧㄥ	221
烷	ㄨㄢ	745
烸	ㄏㄞ	519
烹	ㄆㄥ	853
烺	ㄌㄤ	462
烻	ㄕㄢ	246
烻	ㄧㄢ	246
烼	ㄒㄩ	188
烽	ㄈㄥ	707
烾	ㄔ	297
烿	ㄖㄨㄥ	212
焀	ㄏㄨ	329
焁	ㄒㄧ	259
焂	ㄕㄨ	256
焃	ㄏㄜ	237
焄	ㄒㄩㄣ	389
焅	ㄎㄠ	320
焅	ㄎㄨ	320
焆	ㄐㄩㄢ	255
焆	ㄧㄝ	255
焆	ㄩㄝ	255
焆	ㄩㄢ	255
焇	ㄒㄧㄠ	256
焈	ㄒㄧ	190
焉	ㄧㄢ	1337
焊	ㄏㄢ	1382
焋	ㄓㄨㄤ	322
焌	ㄐㄩㄣ	201
焌	ㄑㄩ	201
焍	ㄉㄧ	280
焎	ㄒㄧㄝ	197
焏	ㄐㄧ	250
焏	ㄑㄧ	250
焐	ㄨ	608
焓	ㄏㄢ	614
焔	ㄧㄢ	405
焗	ㄐㄩ	682
焙	ㄅㄟ	759
焚	ㄈㄣ	864
焛	ㄌㄧㄣ	259
焜	ㄎㄨㄣ	512
焝	ㄏㄨㄣ	229
焞	ㄊㄨㄣ	340
焟	ㄒㄧ	337
焠	ㄘㄨㄟ	385
無	ㄨ	33776
焢	ㄏㄨㄥ	315
焣	ㄐㄩ	211
焣	ㄔㄠ	211
焤	ㄈㄨ	263
焥	ㄞ	185
焥	ㄨㄛ	185
焦	ㄐㄧㄠ	1999
焧	ㄘㄨㄥ	174
焨	ㄈㄥ	193
焪	ㄑㄩㄥ	299
焫	ㄖㄜ	319
焫	ㄖㄨㄛ	319
焬	ㄒㄧ	317
焬	ㄧ	317
焭	ㄑㄩㄥ	214
焮	ㄒㄧㄣ	429
焯	ㄓㄨㄛ	765
焯	ㄔㄠ	765
焯	ㄔㄨㄛ	765
焰	ㄧㄢ	1031
焱	ㄧㄢ	875
焲	ㄧ	236
焳	ㄐㄩㄝ	194
焴	ㄩ	274
焵	ㄍㄤ	238
然	ㄖㄢ	5144
焷	ㄆㄧ	220
焸	ㄍㄨ	298
焸	ㄒㄩㄥ	298
焸	ㄧㄥ	298
焺	ㄕㄥ	258
焼	ㄕㄠ	505
焾	ㄋㄧㄢ	33
煀	ㄑㄩ	3
煁	ㄔㄣ	267
煂	ㄏㄜ	184
煃	ㄎㄨㄟ	267
煄	ㄓㄨㄥ	471
煅	ㄉㄨㄢ	631
煆	ㄒㄧㄚ	173
煆	ㄧㄚ	173
煇	ㄏㄨㄟ	440
煈	ㄈㄥ	396
煉	ㄌㄧㄢ	674
煊	ㄒㄩㄢ	677
煋	ㄒㄧㄥ	555
煌	ㄏㄨㄤ	927
煍	ㄐㄧㄠ	279
煎	ㄐㄧㄢ	1548
煏	ㄅㄧ	273
煐	ㄧㄥ	339
煑	ㄓㄨ	315
煒	ㄨㄟ	1130
煓	ㄊㄨㄢ	386
煔	ㄑㄧㄢ	231
煔	ㄕㄢ	231
煕	ㄒㄧ	419
煖	ㄋㄨㄢ	63
煗	ㄋㄨㄢ	287
煘	ㄔㄢ	279
煙	ㄧㄢ	4718
煚	ㄐㄩㄥ	389
煛	ㄐㄩㄥ	320
煜	ㄩ	939
煝	ㄇㄟ	260
煞	ㄕㄚ	579
煟	ㄨㄟ	325
煠	ㄧㄝ	318
煡	ㄒㄧㄣ	473
煢	ㄑㄩㄥ	534
煣	ㄖㄡ	293
煤	ㄇㄟ	2402
煥	ㄏㄨㄢ	1213
煦	ㄒㄩ	711
照	ㄓㄠ	10565
煨	ㄨㄟ	755
煩	ㄈㄢ	7711
煪	ㄑㄧㄡ	210
煫	ㄙㄨㄟ	208
煬	ㄧㄤ	634
煭	ㄌㄧㄝ	429
煮	ㄓㄨ	3637
煯	ㄐㄧㄝ	221
煰	ㄍㄠ	234
煲	ㄅㄠ	1316
煳	ㄏㄨ	569
煸	ㄅㄧㄢ	677
煹	ㄍㄡ	315
煺	ㄊㄨㄟ	531
煻	ㄊㄤ	366
煼	ㄔㄠ	249
煽	ㄕㄢ	713
煾	ㄣ	350
煾	ㄩㄣ	350
煿	ㄅㄛ	373
熀	ㄏㄨㄤ	404
熁	ㄒㄧㄝ	331
熂	ㄒㄧ	301
熃	ㄨ	243
熄	ㄒㄧ	811
熅	ㄩㄣ	352
熆	ㄏㄜ	295
熇	ㄎㄠ	368
熈	ㄒㄧ	389
熉	ㄩㄣ	239
熊	ㄒㄩㄥ	4637
熋	ㄋㄞ	401
熌	ㄕㄢ	340
熍	ㄑㄩㄥ	215
熎	ㄧㄠ	221
熏	ㄒㄩㄣ	656
熐	ㄇㄧ	224
熑	ㄌㄧㄢ	264
熑	ㄑㄧㄢ	264
熒	ㄧㄥ	659
熔	ㄖㄨㄥ	987
熕	ㄍㄨㄥ	251
熗	ㄑㄧㄤ	641
熘	ㄌㄧㄡ	618
熙	ㄒㄧ	1734
熚	ㄅㄧ	252
熛	ㄅㄧㄠ	339
熜	ㄗㄨㄥ	180
熜	ㄘㄨㄥ	180
熝	ㄌㄨ	273
熝	ㄠ	273
熞	ㄐㄧㄢ	284
熟	ㄕㄡ	196
熟	ㄕㄨ	3719
熠	ㄧ	669
熡	ㄌㄡ	241
熢	ㄅㄥ	259
熢	ㄆㄥ	259
熢	ㄈㄥ	259
熣	ㄘㄨㄟ	317
熣	ㄙㄨㄟ	317
熤	ㄧ	311
熥	ㄊㄥ	386
熥	ㄊㄨㄥ	386
熦	ㄐㄩㄝ	336
熧	ㄗㄨㄥ	183
熨	ㄩ	366
熨	ㄩㄣ	366
熩	ㄏㄨ	175
熪	ㄧ	228
熫	ㄓ	219
熬	ㄠ	244
熬	ㄠ	2200
熭	ㄨㄟ	244
熮	ㄌㄧㄡ	186
熯	ㄏㄢ	322
熰	ㄡ	141
熱	ㄖㄜ	13231
熲	ㄐㄩㄥ	445
熳	ㄇㄢ	652
熵	ㄕㄤ	764
熶	ㄘㄨㄢ	438
熷	ㄗㄥ	493
熸	ㄐㄧㄢ	513
熹	ㄒㄧ	758
熺	ㄒㄧ	475
熻	ㄒㄧ	462
熼	ㄧ	424
熽	ㄒㄧㄠ	292
熾	ㄔ	807
熿	ㄏㄨㄤ	265
燀	ㄔㄢ	328
燁	ㄧㄝ	1028
燂	ㄑㄧㄢ	394
燃	ㄖㄢ	1319
燄	ㄧㄢ	1
燅	ㄒㄩㄣ	213
燆	ㄑㄧㄠ	241
燆	ㄒㄧㄠ	241
燇	ㄐㄩㄣ	322
燈	ㄉㄥ	5259
燉	ㄉㄨㄣ	1586
燊	ㄕㄣ	678
燋	ㄐㄧㄠ	400
燌	ㄅㄣ	279
燌	ㄈㄣ	279
燍	ㄒㄧ	241
燍	ㄙ	241
燎	ㄌㄧㄠ	334
燏	ㄩ	392
燐	ㄌㄧㄣ	441
燑	ㄊㄨㄥ	345
燒	ㄕㄠ	5784
燓	ㄈㄣ	278
燔	ㄈㄢ	528
燕	ㄧㄢ	1541
燖	ㄒㄩㄣ	256
燗	ㄌㄢ	295
燘	ㄇㄟ	255
燙	ㄊㄤ	1980
燚	ㄧ	555
燛	ㄐㄧㄥ	305
燜	ㄇㄣ	911
營	ㄧㄥ	2578
燠	ㄩ	460
燡	ㄧ	297
燢	ㄒㄩㄝ	251
燣	ㄌㄢ	209
燤	ㄊㄞ	251
燤	ㄌㄧㄝ	251
燥	ㄗㄠ	1200
燦	ㄘㄢ	1191
燧	ㄙㄨㄟ	588
燨	ㄒㄧ	275
燩	ㄑㄩㄝ	258
燪	ㄘㄨㄥ	260
燫	ㄌㄧㄢ	267
燬	ㄏㄨㄟ	727
燭	ㄓㄨ	942
燮	ㄒㄧㄝ	751
燯	ㄌㄧㄥ	281
燰	ㄨㄟ	329
燱	ㄧ	362
燲	ㄒㄧㄝ	198
燳	ㄓㄠ	432
燴	ㄏㄨㄟ	724
燵	ㄉㄚ	275
燸	ㄖㄨ	252
燸	ㄖㄨㄢ	252
燹	ㄒㄧㄢ	402
燺	ㄎㄠ	184
燻	ㄒㄩㄣ	606
燼	ㄐㄧㄣ	617
燽	ㄔㄡ	210
燾	ㄉㄠ	651
燿	ㄧㄠ	509
爀	ㄏㄜ	406
爁	ㄌㄢ	338
爂	ㄅㄧㄠ	223
爃	ㄖㄨㄥ	270
爄	ㄌㄧ	251
爄	ㄌㄧㄝ	251
爅	ㄇㄛ	277
爆	ㄅㄠ	5181
爇	ㄖㄜ	209
爇	ㄖㄨㄛ	209
爈	ㄌㄩ	201
爉	ㄌㄚ	309
爉	ㄌㄧㄝ	309
爊	ㄠ	310
爋	ㄒㄩㄣ	221
爌	ㄎㄨㄤ	320
爌	ㄏㄨㄤ	320
爍	ㄕㄨㄛ	742
爏	ㄌㄧ	256
爐	ㄌㄨ	1823
爑	ㄐㄩㄝ	166
爒	ㄌㄧㄠ	231
爓	ㄧㄢ	301
爔	ㄒㄧ	307
爕	ㄒㄧㄝ	252
爖	ㄌㄨㄥ	337
爗	ㄧㄝ	228
爙	ㄖㄤ	226
爚	ㄩㄝ	315
爛	ㄌㄢ	5835
爜	ㄘㄨㄥ	402
爝	ㄐㄩㄝ	442
爞	ㄊㄨㄥ	375
爞	ㄔㄨㄥ	375
爟	ㄍㄨㄢ	289
爠	ㄧㄠ	338
爠	ㄩㄝ	338
爡	ㄔㄜ	209
爢	ㄇㄧ	295
爣	ㄊㄤ	399
爤	ㄌㄢ	353
爥	ㄓㄨ	232
爦	ㄌㄢ	208
爧	ㄌㄧㄥ	359
爨	ㄘㄨㄢ	585
爩	ㄩ	251
爪	ㄓㄠ	83
爪	ㄓㄨㄚ	1575
爫	ㄓㄠ	19
爫	ㄓㄨㄚ	361
爬	ㄆㄚ	4327
爭	ㄓㄥ	3411
爮	ㄆㄠ	333
爯	ㄔㄣ	141
爯	ㄔㄥ	141
爰	ㄩㄢ	618
爲	ㄨㄟ	105665
爴	ㄐㄩㄝ	248
爵	ㄐㄩㄝ	1002
父	ㄈㄨ	2565
爸	ㄅㄚ	4407
爹	ㄉㄧㄝ	2246
爺	ㄧㄝ	2141
爻	ㄧㄠ	860
爼	ㄗㄨ	331
爽	ㄕㄨㄤ	11344
爾	ㄦ	3570
爿	ㄆㄢ	283
爿	ㄑㄧㄤ	283
牀	ㄔㄨㄤ	4858
牁	ㄍㄜ	498
牂	ㄗㄤ	465
牃	ㄉㄧㄝ	376
牄	ㄑㄧㄤ	281
牅	ㄩㄥ	344
牆	ㄑㄧㄤ	3691
片	ㄆㄧㄢ	1121
片	ㄆㄧㄢ	10089
版	ㄅㄢ	18059
牉	ㄆㄢ	307
牊	ㄔㄠ	331
牋	ㄐㄧㄢ	643
牌	ㄆㄞ	6625
牎	ㄔㄨㄤ	488
牏	ㄊㄡ	303
牐	ㄓㄚ	550
牑	ㄅㄧㄢ	342
牑	ㄇㄧㄢ	342
牒	ㄉㄧㄝ	645
牓	ㄅㄤ	388
牔	ㄅㄛ	224
牕	ㄔㄨㄤ	280
牖	ㄧㄡ	572
牗	ㄧㄡ	365
牗	ㄩㄥ	365
牘	ㄉㄨ	607
牙	ㄧㄚ	4040
牚	ㄔㄥ	368
牛	ㄋㄧㄡ	14597
牝	ㄆㄧㄣ	549
牞	ㄌㄜ	463
牞	ㄐㄧㄡ	463
牟	ㄇㄡ	944
牟	ㄇㄨ	50
牠	ㄊㄚ	2180
牡	ㄇㄨ	757
牢	ㄌㄠ	1523
牣	ㄖㄣ	343
牤	ㄇㄤ	446
牥	ㄈㄤ	387
牦	ㄇㄠ	370
牧	ㄇㄨ	1499
牨	ㄍㄤ	283
物	ㄨ	6513
牪	ㄧㄢ	319
牫	ㄍㄜ	371
牫	ㄑㄧㄡ	371
牫	ㄗㄤ	371
牬	ㄅㄟ	368
牭	ㄙ	368
牮	ㄐㄧㄢ	405
牯	ㄍㄨ	587
牰	ㄔㄡ	315
牰	ㄧㄡ	315
牱	ㄍㄜ	399
牲	ㄕㄥ	645
牳	ㄇㄨ	406
牴	ㄉㄧ	1488
牶	ㄑㄩㄢ	363
牷	ㄑㄩㄢ	361
牸	ㄗ	527
特	ㄊㄜ	10383
牻	ㄇㄤ	385
牼	ㄎㄥ	321
牽	ㄑㄧㄢ	1744
牾	ㄨ	459
牿	ㄍㄨ	367
犀	ㄒㄧ	734
犁	ㄌㄧ	867
犂	ㄌㄧ	358
犃	ㄆㄡ	302
犄	ㄐㄧ	376
犅	ㄍㄤ	339
犆	ㄊㄜ	331
犇	ㄅㄣ	594
犈	ㄑㄩㄢ	263
犉	ㄖㄨㄣ	303
犋	ㄐㄩ	373
犌	ㄐㄧㄚ	319
犍	ㄐㄧㄢ	540
犎	ㄈㄥ	349
犏	ㄆㄧㄢ	340
犐	ㄎㄜ	287
犑	ㄐㄩ	302
犒	ㄎㄠ	479
犓	ㄔㄨ	375
犔	ㄒㄧ	263
犕	ㄅㄟ	299
犖	ㄌㄨㄛ	492
犗	ㄐㄧㄝ	301
犘	ㄇㄚ	360
犙	ㄙㄢ	285
犚	ㄨㄟ	338
犛	ㄇㄠ	471
犛	ㄌㄧ	471
犜	ㄉㄨㄣ	332
犝	ㄊㄨㄥ	405
犞	ㄑㄧㄠ	315
犞	ㄙㄜ	315
犟	ㄐㄧㄤ	675
犠	ㄒㄧ	467
犡	ㄌㄧ	255
犢	ㄉㄨ	703
犣	ㄌㄧㄝ	208
犤	ㄆㄞ	443
犥	ㄆㄠ	196
犥	ㄆㄧㄠ	196
犦	ㄅㄛ	440
犧	ㄒㄧ	541
犨	ㄔㄡ	368
犩	ㄨㄟ	310
犪	ㄎㄨㄟ	355
犫	ㄔㄡ	337
犬	ㄑㄩㄢ	2364
犭	ㄑㄩㄢ	593
犮	ㄅㄚ	390
犯	ㄈㄢ	3167
犰	ㄑㄧㄡ	368
犱	ㄐㄧ	436
犲	ㄘㄞ	511
犳	ㄓㄨㄛ	473
犴	ㄢ	481
犵	ㄑㄧ	487
犹	ㄧㄡ	90
犺	ㄎㄤ	427
犻	ㄅㄛ	400
犻	ㄆㄟ	400
犻	ㄈㄟ	400
犼	ㄏㄡ	462
犽	ㄧㄚ	450
犾	ㄧㄣ	383
犿	ㄈㄢ	293
犿	ㄏㄨㄢ	293
狀	ㄓㄨㄤ	4018
狁	ㄩㄣ	425
狂	ㄎㄨㄤ	5044
狃	ㄋㄧㄡ	462
狄	ㄉㄧ	1260
狅	ㄑㄧㄥ	412
狆	ㄓㄨㄥ	533
狇	ㄇㄨ	285
狉	ㄆㄧ	313
狊	ㄐㄩ	278
狋	ㄑㄩㄢ	264
狋	ㄔ	264
狋	ㄧ	264
狌	ㄒㄧㄥ	426
狌	ㄕㄥ	426
狍	ㄆㄠ	498
狎	ㄒㄧㄚ	556
狏	ㄊㄨㄛ	207
狏	ㄧ	207
狐	ㄏㄨ	1368
狑	ㄌㄧㄥ	258
狒	ㄈㄟ	514
狓	ㄆㄧ	297
狔	ㄋㄧ	371
狕	ㄧㄠ	208
狖	ㄧㄡ	391
狗	ㄍㄡ	11081
狘	ㄩㄝ	243
狙	ㄐㄩ	711
狚	ㄉㄢ	428
狛	ㄅㄛ	382
狜	ㄎㄨ	266
狟	ㄏㄥ	366
狟	ㄏㄨㄢ	366
狟	ㄒㄩㄢ	366
狠	ㄏㄣ	4316
狡	ㄐㄧㄠ	636
狢	ㄇㄛ	326
狢	ㄏㄜ	326
狣	ㄓㄠ	351
狤	ㄎㄨㄞ	332
狤	ㄐㄧ	332
狤	ㄐㄧㄝ	332
狥	ㄒㄩㄣ	313
狦	ㄕㄢ	338
狧	ㄊㄚ	264
狧	ㄕ	264
狨	ㄖㄨㄥ	433
狩	ㄕㄡ	665
狪	ㄉㄨㄥ	348
狪	ㄊㄨㄥ	348
狫	ㄌㄠ	294
狳	ㄩ	391
狴	ㄅㄧ	381
狵	ㄇㄤ	296
狵	ㄓㄨㄛ	296
狶	ㄒㄧ	343
狶	ㄕ	343
狷	ㄐㄩㄢ	531
狸	ㄌㄧ	756
狹	ㄒㄧㄚ	787
狺	ㄧㄣ	347
狻	ㄙㄨㄢ	550
狼	ㄌㄤ	5078
狽	ㄅㄟ	618
狾	ㄓ	281
狿	ㄧㄢ	307
猀	ㄕㄚ	345
猁	ㄌㄧ	419
猂	ㄏㄢ	301
猄	ㄐㄧㄥ	395
猅	ㄆㄞ	271
猆	ㄈㄟ	260
猇	ㄒㄧㄠ	323
猈	ㄅㄚ	294
猉	ㄑㄧ	227
猊	ㄋㄧ	524
猋	ㄅㄧㄠ	400
猌	ㄧㄣ	236
猍	ㄌㄞ	335
猎	ㄐㄧ	60
猎	ㄑㄩㄝ	70
猎	ㄒㄧ	70
猏	ㄐㄧㄢ	237
猐	ㄑㄧㄤ	371
猑	ㄎㄨㄣ	201
猒	ㄧㄢ	314
猓	ㄍㄨㄛ	575
猔	ㄗㄨㄥ	269
猖	ㄔㄤ	511
猗	ㄧ	562
猘	ㄓ	314
猙	ㄓㄥ	490
猚	ㄧㄚ	232
猚	ㄨㄟ	232
猛	ㄇㄥ	4929
猜	ㄘㄞ	4668
猝	ㄘㄨ	659
猞	ㄕㄜ	386
猟	ㄌㄧㄝ	391
猢	ㄏㄨ	409
猣	ㄗㄨㄥ	236
猤	ㄍㄨㄟ	250
猥	ㄨㄟ	674
猦	ㄈㄥ	385
猧	ㄨㄛ	361
猨	ㄩㄢ	322
猩	ㄒㄧㄥ	668
猪	ㄓㄨ	310
猫	ㄇㄠ	320
猫	ㄇㄧㄠ	320
猬	ㄨㄟ	200
猭	ㄩㄢ	368
献	ㄒㄧㄢ	30
猯	ㄊㄨㄢ	308
猰	ㄐㄧㄚ	393
猰	ㄑㄧㄝ	393
猰	ㄧㄚ	393
猱	ㄋㄠ	484
猲	ㄏㄜ	157
猲	ㄒㄧㄝ	157
猳	ㄐㄧㄚ	276
猴	ㄏㄡ	1649
猵	ㄅㄧㄢ	365
猵	ㄆㄧㄢ	365
猶	ㄧㄡ	1574
猷	ㄧㄡ	597
猸	ㄇㄟ	365
猹	ㄔㄚ	424
猺	ㄧㄠ	350
猻	ㄙㄨㄣ	448
猼	ㄅㄛ	321
猼	ㄆㄛ	321
猽	ㄇㄧㄥ	308
猾	ㄏㄨㄚ	508
猿	ㄩㄢ	892
獀	ㄙㄡ	252
獁	ㄇㄚ	477
獂	ㄩㄢ	274
獃	ㄉㄞ	1818
獄	ㄩ	968
獅	ㄕ	1252
獆	ㄏㄠ	282
獉	ㄓㄣ	277
獊	ㄘㄤ	430
獋	ㄍㄠ	287
獋	ㄏㄠ	287
獌	ㄇㄢ	298
獍	ㄐㄧㄥ	536
獎	ㄐㄧㄤ	5549
獏	ㄇㄛ	380
獏	ㄇㄨ	380
獐	ㄓㄤ	580
獑	ㄔㄢ	270
獒	ㄠ	791
獓	ㄠ	302
獔	ㄏㄠ	156
獕	ㄘㄨㄟ	294
獖	ㄅㄣ	229
獖	ㄈㄣ	229
獗	ㄐㄩㄝ	547
獘	ㄅㄧ	265
獙	ㄅㄧ	374
獚	ㄏㄨㄤ	390
獛	ㄆㄨ	221
獜	ㄌㄧㄣ	297
獝	ㄩ	301
獞	ㄊㄨㄥ	168
獞	ㄓㄨㄤ	168
獟	ㄒㄧㄠ	357
獟	ㄧㄠ	357
獠	ㄌㄧㄠ	614
獡	ㄕㄨㄛ	311
獢	ㄒㄧㄠ	275
獣	ㄕㄡ	499
獥	ㄐㄧㄠ	371
獦	ㄌㄧㄝ	356
獦	ㄍㄜ	356
獦	ㄒㄧㄝ	356
獧	ㄐㄩㄢ	244
獨	ㄉㄨ	3006
獩	ㄏㄨㄟ	321
獪	ㄎㄨㄞ	378
獫	ㄒㄧㄢ	341
獬	ㄒㄧㄝ	561
獮	ㄒㄧㄢ	437
獯	ㄒㄩㄣ	562
獰	ㄋㄧㄥ	557
獲	ㄏㄨㄛ	4500
獳	ㄋㄡ	353
獴	ㄇㄥ	429
獵	ㄌㄧㄝ	1110
獶	ㄋㄠ	309
獶	ㄧㄡ	309
獷	ㄍㄨㄤ	473
獸	ㄕㄡ	2226
獹	ㄌㄨ	252
獺	ㄊㄚ	604
獻	ㄒㄧㄢ	1755
獼	ㄇㄧ	458
獽	ㄖㄤ	267
獾	ㄏㄨㄢ	662
獿	ㄋㄠ	291
玀	ㄌㄨㄛ	459
玁	ㄒㄧㄢ	348
玂	ㄑㄧ	297
玃	ㄐㄩㄝ	317
玄	ㄒㄩㄢ	2418
玅	ㄇㄧㄠ	59
玅	ㄒㄩㄢ	59
玆	ㄗ	114
率	ㄌㄩ	6025
率	ㄕㄨㄞ	1506
玈	ㄌㄨ	337
玉	ㄩ	6500
玊	ㄙㄨ	397
王	ㄨㄤ	21574
玌	ㄑㄧㄡ	239
玍	ㄍㄚ	605
玎	ㄉㄧㄥ	554
玏	ㄌㄜ	383
玐	ㄅㄚ	381
玒	ㄏㄨㄥ	332
玓	ㄉㄧ	631
玔	ㄔㄨㄢ	334
玕	ㄍㄢ	446
玖	ㄐㄧㄡ	1043
玗	ㄩ	428
玘	ㄑㄧ	554
玜	ㄍㄨㄥ	321
玝	ㄨ	315
玞	ㄈㄨ	436
玟	ㄇㄧㄣ	325
玟	ㄨㄣ	325
玠	ㄐㄧㄝ	542
玡	ㄧㄚ	471
玢	ㄈㄣ	525
玣	ㄅㄧㄢ	212
玤	ㄅㄤ	228
玥	ㄩㄝ	838
玦	ㄐㄩㄝ	528
玧	ㄇㄣ	340
玧	ㄩㄣ	340
玨	ㄐㄩㄝ	1
玩	ㄨㄢ	67947
玪	ㄌㄧㄣ	403
玪	ㄐㄧㄢ	403
玪	ㄑㄧㄢ	403
玪	ㄧㄣ	403
玫	ㄇㄟ	1085
玬	ㄉㄢ	384
玭	ㄆㄧㄣ	379
玲	ㄌㄧㄥ	2487
玳	ㄉㄞ	643
玴	ㄧ	240
玵	ㄍㄢ	406
玵	ㄢ	406
玶	ㄆㄧㄥ	382
玷	ㄉㄧㄢ	501
玸	ㄈㄨ	256
玹	ㄒㄩㄢ	534
玻	ㄅㄛ	852
玼	ㄘ	357
玽	ㄍㄡ	237
玾	ㄐㄧㄚ	285
玿	ㄕㄠ	261
珀	ㄆㄛ	739
珁	ㄘ	183
珂	ㄎㄜ	972
珃	ㄖㄢ	355
珄	ㄕㄥ	440
珅	ㄕㄣ	567
珆	ㄊㄞ	389
珆	ㄧ	389
珇	ㄗㄨ	344
珈	ㄐㄧㄚ	735
珉	ㄇㄧㄣ	812
珊	ㄕㄢ	1350
珋	ㄌㄧㄡ	331
珌	ㄅㄧ	361
珍	ㄓㄣ	2135
珎	ㄓㄣ	499
珏	ㄐㄩㄝ	859
珐	ㄈㄚ	60
珒	ㄐㄧㄣ	309
珓	ㄐㄧㄠ	364
珔	ㄐㄧㄢ	257
珕	ㄌㄧ	277
珖	ㄍㄨㄤ	366
珗	ㄒㄧㄢ	407
珘	ㄓㄡ	276
珙	ㄍㄨㄥ	521
珚	ㄧㄢ	238
珛	ㄒㄧㄡ	416
珜	ㄧㄤ	340
珝	ㄒㄩ	374
珞	ㄌㄨㄛ	772
珟	ㄙㄨ	252
珠	ㄓㄨ	2593
珡	ㄑㄧㄣ	393
珢	ㄎㄣ	324
珢	ㄧㄣ	324
珣	ㄒㄩㄣ	573
珤	ㄅㄠ	285
珥	ㄦ	587
珦	ㄒㄧㄤ	419
珧	ㄧㄠ	460
珨	ㄒㄧㄚ	410
珩	ㄏㄥ	665
珪	ㄍㄨㄟ	577
珫	ㄔㄨㄥ	297
珬	ㄒㄩ	257
班	ㄅㄢ	12762
珮	ㄆㄟ	140
珱	ㄧㄥ	223
珳	ㄨㄣ	303
珴	ㄜ	619
珵	ㄊㄧㄥ	436
珵	ㄔㄥ	436
珶	ㄉㄧ	354
珷	ㄨ	439
珸	ㄨ	405
珹	ㄔㄥ	417
珺	ㄐㄩㄣ	732
珻	ㄇㄟ	475
珼	ㄅㄟ	439
珽	ㄊㄧㄥ	440
現	ㄒㄧㄢ	7952
珿	ㄔㄨ	317
琀	ㄏㄢ	438
琁	ㄒㄩㄢ	398
琂	ㄧㄢ	405
球	ㄑㄧㄡ	9625
琄	ㄒㄩㄢ	366
琅	ㄌㄤ	774
理	ㄌㄧ	8676
琇	ㄒㄧㄡ	589
琈	ㄈㄨ	364
琉	ㄌㄧㄡ	742
琊	ㄧㄚ	469
琋	ㄒㄧ	386
琌	ㄌㄧㄥ	414
琍	ㄌㄧ	663
琓	ㄨㄢ	493
琔	ㄉㄧㄢ	325
琕	ㄅㄧㄥ	306
琕	ㄆㄧㄣ	306
琖	ㄓㄢ	313
琗	ㄘㄨㄟ	291
琗	ㄙㄜ	291
琘	ㄇㄧㄣ	258
琙	ㄩ	330
琚	ㄐㄩ	587
琛	ㄔㄣ	962
琜	ㄌㄞ	321
琝	ㄨㄣ	269
琞	ㄕㄥ	339
琞	ㄨㄤ	339
琟	ㄨㄟ	265
琟	ㄩ	265
琠	ㄉㄧㄢ	370
琡	ㄔㄨ	291
琢	ㄓㄨㄛ	776
琣	ㄅㄥ	356
琣	ㄆㄟ	356
琤	ㄔㄥ	509
琥	ㄏㄨ	655
琦	ㄑㄧ	1370
琧	ㄜ	266
琨	ㄎㄨㄣ	769
琩	ㄔㄤ	353
琪	ㄑㄧ	1699
琫	ㄅㄥ	318
琬	ㄨㄢ	649
琭	ㄌㄨ	402
琮	ㄘㄨㄥ	632
琯	ㄍㄨㄢ	516
琰	ㄧㄢ	768
琱	ㄉㄧㄠ	738
琲	ㄅㄟ	500
琳	ㄌㄧㄣ	2462
琴	ㄑㄧㄣ	3542
琵	ㄆㄧ	550
琶	ㄆㄚ	608
琸	ㄓㄨㄛ	326
琹	ㄑㄧㄣ	357
琺	ㄈㄚ	579
琽	ㄉㄨ	288
琾	ㄐㄧㄝ	481
琿	ㄏㄨㄣ	554
瑀	ㄩ	574
瑁	ㄇㄠ	585
瑂	ㄇㄟ	333
瑃	ㄔㄨㄣ	330
瑄	ㄒㄩㄢ	727
瑅	ㄊㄧ	437
瑆	ㄒㄧㄥ	458
瑇	ㄉㄞ	292
瑈	ㄖㄡ	360
瑉	ㄇㄧㄣ	359
瑊	ㄐㄧㄢ	409
瑋	ㄨㄟ	1172
瑌	ㄖㄨㄢ	193
瑍	ㄏㄨㄢ	336
瑎	ㄒㄧㄝ	272
瑏	ㄔㄨㄢ	448
瑐	ㄐㄧㄢ	339
瑑	ㄓㄨㄢ	356
瑒	ㄉㄤ	407
瑒	ㄔㄤ	407
瑒	ㄧㄤ	407
瑓	ㄌㄧㄢ	287
瑔	ㄑㄩㄢ	337
瑕	ㄒㄧㄚ	789
瑖	ㄉㄨㄢ	307
瑗	ㄩㄢ	577
瑘	ㄧㄚ	273
瑙	ㄋㄠ	623
瑚	ㄏㄨ	554
瑛	ㄧㄥ	1049
瑜	ㄩ	1281
瑝	ㄏㄨㄤ	456
瑞	ㄖㄨㄟ	3202
瑟	ㄙㄜ	1242
瑠	ㄌㄧㄡ	538
瑡	ㄕ	339
瑢	ㄖㄨㄥ	483
瑣	ㄙㄨㄛ	747
瑤	ㄧㄠ	1425
瑥	ㄨㄣ	356
瑦	ㄨ	376
瑧	ㄓㄣ	410
瑨	ㄐㄧㄣ	474
瑩	ㄧㄥ	1595
瑪	ㄇㄚ	1979
瑫	ㄊㄠ	312
瑬	ㄌㄧㄡ	407
瑭	ㄊㄤ	543
瑮	ㄌㄧ	346
瑯	ㄌㄤ	69
瑰	ㄍㄨㄟ	691
瑱	ㄊㄧㄢ	225
瑱	ㄓㄣ	225
瑲	ㄑㄧㄤ	309
瑳	ㄘㄨㄛ	367
瑴	ㄐㄩㄝ	335
瑵	ㄓㄠ	286
瑹	ㄊㄨ	295
瑹	ㄕㄨ	295
瑺	ㄔㄤ	488
瑻	ㄎㄨㄣ	187
瑼	ㄓㄨㄢ	242
瑽	ㄘㄨㄥ	1
瑾	ㄐㄧㄣ	1013
瑿	ㄧ	302
璀	ㄘㄨㄟ	574
璁	ㄘㄨㄥ	626
璂	ㄑㄧ	335
璃	ㄌㄧ	769
璄	ㄧㄥ	401
璅	ㄙㄨㄛ	291
璆	ㄑㄧㄡ	398
璇	ㄒㄩㄢ	1066
璈	ㄠ	399
璉	ㄌㄧㄢ	718
璊	ㄇㄣ	317
璋	ㄓㄤ	806
璌	ㄧㄣ	216
璏	ㄓ	270
璏	ㄨㄟ	270
璐	ㄌㄨ	1060
璑	ㄨ	443
璒	ㄉㄥ	294
璓	ㄒㄧㄡ	326
璔	ㄗㄥ	305
璕	ㄒㄩㄣ	340
璖	ㄑㄩ	254
璗	ㄉㄤ	345
璘	ㄌㄧㄣ	573
璙	ㄌㄧㄠ	237
璚	ㄐㄩㄝ	153
璚	ㄑㄩㄥ	153
璛	ㄙㄨ	267
璜	ㄏㄨㄤ	684
璝	ㄍㄨㄟ	385
璞	ㄆㄨ	784
璟	ㄐㄧㄥ	743
璠	ㄈㄢ	530
璡	ㄐㄧㄣ	372
璢	ㄌㄧㄡ	257
璣	ㄐㄧ	575
璥	ㄐㄧㄥ	301
璦	ㄞ	600
璧	ㄅㄧ	868
璨	ㄘㄢ	652
璩	ㄑㄩ	580
璪	ㄗㄠ	384
璫	ㄉㄤ	488
璬	ㄐㄧㄠ	258
璭	ㄍㄨㄣ	180
璮	ㄊㄢ	352
璯	ㄏㄨㄟ	385
環	ㄏㄨㄢ	3942
璱	ㄙㄜ	344
璲	ㄙㄨㄟ	334
璳	ㄊㄧㄢ	233
璵	ㄩ	504
璶	ㄐㄧㄣ	349
璷	ㄈㄨ	241
璷	ㄌㄨ	241
璸	ㄅㄧㄣ	307
璹	ㄕㄨ	338
璺	ㄨㄣ	527
璻	ㄗㄨㄟ	252
璼	ㄌㄢ	231
璽	ㄒㄧ	833
璾	ㄐㄧ	260
璾	ㄗ	260
璿	ㄒㄩㄢ	453
瓀	ㄖㄨㄢ	283
瓁	ㄨㄛ	571
瓂	ㄍㄞ	360
瓃	ㄌㄟ	249
瓄	ㄉㄨ	176
瓅	ㄌㄧ	415
瓆	ㄓ	249
瓇	ㄖㄡ	293
瓈	ㄌㄧ	355
瓉	ㄗㄢ	254
瓊	ㄑㄩㄥ	1681
瓋	ㄊㄧ	203
瓌	ㄍㄨㄟ	352
瓍	ㄙㄨㄟ	340
瓎	ㄌㄚ	261
瓏	ㄌㄨㄥ	774
瓐	ㄌㄨ	226
瓑	ㄌㄧ	410
瓓	ㄌㄢ	298
瓔	ㄧㄥ	628
瓕	ㄇㄧ	369
瓕	ㄒㄧ	369
瓖	ㄒㄧㄤ	28
瓗	ㄑㄩㄥ	206
瓗	ㄨㄟ	206
瓘	ㄍㄨㄢ	477
瓙	ㄉㄠ	474
瓚	ㄗㄢ	688
瓛	ㄏㄨㄢ	371
瓜	ㄍㄨㄚ	2391
瓝	ㄅㄛ	238
瓞	ㄉㄧㄝ	429
瓟	ㄅㄛ	398
瓟	ㄆㄠ	398
瓠	ㄏㄨ	531
瓡	ㄏㄨ	294
瓡	ㄓ	294
瓢	ㄆㄧㄠ	854
瓣	ㄅㄢ	1122
瓤	ㄖㄤ	652
瓥	ㄌㄧ	349
瓦	ㄨㄚ	3774
瓧	ㄕ	361
瓨	ㄏㄨㄥ	390
瓨	ㄒㄧㄤ	390
瓩	ㄑㄧㄢ	333
瓪	ㄅㄢ	279
瓫	ㄆㄣ	240
瓬	ㄈㄤ	360
瓭	ㄉㄢ	228
瓮	ㄨㄥ	553
瓰	ㄈㄣ	209
瓱	ㄇㄠ	200
瓲	ㄊㄨㄣ	177
瓲	ㄨㄚ	177
瓳	ㄏㄨ	202
瓴	ㄌㄧㄥ	585
瓵	ㄧ	265
瓶	ㄆㄧㄥ	3170
瓷	ㄘ	1286
瓸	ㄅㄞ	197
瓹	ㄐㄩㄢ	267
瓺	ㄔㄤ	212
瓻	ㄔ	276
瓼	ㄌㄧ	194
瓽	ㄉㄤ	288
瓾	ㄇㄥ	196
瓿	ㄅㄨ	552
瓿	ㄆㄡ	552
甀	ㄓㄨㄟ	283
甁	ㄆㄧㄥ	454
甂	ㄅㄧㄢ	265
甃	ㄓㄡ	430
甄	ㄓㄣ	1085
甆	ㄘ	295
甇	ㄧㄥ	197
甈	ㄑㄧ	272
甉	ㄒㄧㄢ	212
甊	ㄌㄡ	313
甋	ㄉㄧ	263
甌	ㄡ	675
甍	ㄇㄥ	485
甎	ㄓㄨㄢ	282
甎	ㄔㄨㄢ	282
甏	ㄅㄤ	524
甐	ㄌㄧㄣ	205
甑	ㄗㄥ	634
甒	ㄨ	310
甓	ㄆㄧ	519
甔	ㄉㄢ	258
甕	ㄨㄥ	753
甖	ㄧㄥ	235
甗	ㄧㄢ	390
甘	ㄍㄢ	10231
甙	ㄉㄞ	724
甚	ㄕㄣ	2969
甛	ㄊㄧㄢ	478
甜	ㄊㄧㄢ	2983
甝	ㄏㄢ	265
甞	ㄔㄤ	372
生	ㄕㄥ	21194
甠	ㄑㄧㄥ	294
甡	ㄕㄣ	497
產	ㄔㄢ	3493
産	ㄔㄢ	1
甤	ㄖㄨㄟ	290
甥	ㄕㄥ	544
甦	ㄙㄨ	759
甧	ㄕㄣ	254
用	ㄩㄥ	168923
甩	ㄕㄨㄞ	2465
甪	ㄌㄨ	149
甫	ㄈㄨ	1358
甬	ㄩㄥ	742
甭	ㄅㄥ	908
甮	ㄅㄥ	340
甯	ㄋㄧㄥ	1239
田	ㄊㄧㄢ	5643
由	ㄧㄡ	47431
甲	ㄐㄧㄚ	4514
申	ㄕㄣ	2956
甴	ㄓㄚ	578
甴	ㄧㄡ	578
甶	ㄈㄨ	352
男	ㄋㄢ	17698
甸	ㄉㄧㄢ	912
甹	ㄆㄧㄥ	263
町	ㄊㄧㄥ	811
甼	ㄊㄧㄥ	274
甽	ㄑㄩㄢ	413
甾	ㄗㄞ	679
甿	ㄇㄥ	353
畀	ㄅㄧ	798
畁	ㄅㄧ	347
畂	ㄌㄧㄡ	303
畃	ㄒㄩㄣ	218
畄	ㄌㄧㄡ	391
畆	ㄇㄨ	224
畇	ㄩㄣ	310
畈	ㄈㄢ	664
畉	ㄈㄨ	278
畊	ㄍㄥ	504
畋	ㄊㄧㄢ	548
界	ㄐㄧㄝ	4823
畍	ㄐㄧㄝ	258
畎	ㄑㄩㄢ	514
畏	ㄨㄟ	1027
畐	ㄅㄧ	494
畐	ㄈㄨ	494
畑	ㄊㄧㄢ	567
畓	ㄉㄨㄛ	203
畔	ㄆㄢ	1193
畕	ㄐㄧㄤ	258
畖	ㄨㄚ	272
畗	ㄈㄨ	382
畗	ㄉㄚ	382
畘	ㄋㄢ	332
留	ㄌㄧㄡ	10482
畚	ㄅㄣ	523
畛	ㄓㄣ	539
畜	ㄒㄩ	176
畜	ㄔㄨ	703
畝	ㄇㄨ	2028
畞	ㄇㄨ	366
畟	ㄘㄜ	299
畠	ㄊㄧㄢ	447
畡	ㄍㄞ	295
畢	ㄅㄧ	1903
畣	ㄉㄚ	326
畤	ㄓ	437
略	ㄌㄩㄝ	2821
畦	ㄑㄧ	705
畧	ㄌㄩㄝ	386
畨	ㄆㄢ	466
畨	ㄈㄢ	466
畩	ㄧ	472
番	ㄆㄢ	77
番	ㄈㄢ	1850
畫	ㄏㄨㄚ	10295
畬	ㄕㄜ	540
畬	ㄩ	540
畭	ㄩ	258
畮	ㄇㄨ	305
畯	ㄐㄩㄣ	398
異	ㄧ	2079
畱	ㄌㄧㄡ	597
畲	ㄕㄜ	640
畳	ㄉㄧㄝ	379
畵	ㄏㄨㄚ	8
當	ㄉㄤ	5383
當	ㄉㄤ	48446
畷	ㄔㄨㄛ	327
畸	ㄐㄧ	670
畹	ㄨㄢ	624
畺	ㄐㄧㄤ	326
畻	ㄔㄥ	367
畼	ㄔㄤ	442
畽	ㄊㄨㄢ	254
畾	ㄌㄟ	453
畿	ㄐㄧ	613
疀	ㄔㄚ	199
疁	ㄌㄧㄡ	357
疂	ㄉㄧㄝ	376
疃	ㄊㄨㄢ	676
疄	ㄌㄧㄣ	428
疅	ㄐㄧㄤ	192
疆	ㄐㄧㄤ	994
疇	ㄔㄡ	948
疈	ㄆㄧ	200
疉	ㄉㄧㄝ	291
疊	ㄉㄧㄝ	1519
疋	ㄆㄧ	509
疌	ㄐㄧㄝ	337
疌	ㄑㄧㄝ	337
疎	ㄕㄨ	387
疏	ㄕㄨ	1477
疐	ㄓ	305
疑	ㄧ	1619
疒	ㄋㄜ	464
疓	ㄋㄞ	296
疔	ㄉㄧㄥ	500
疕	ㄅㄧ	339
疘	ㄍㄤ	294
疙	ㄍㄜ	564
疚	ㄐㄧㄡ	612
疛	ㄓㄡ	226
疜	ㄒㄧㄚ	464
疝	ㄕㄢ	730
疞	ㄒㄩ	243
疠	ㄌㄧ	1
疢	ㄔㄣ	342
疣	ㄧㄡ	777
疤	ㄅㄚ	925
疥	ㄐㄧㄝ	523
疦	ㄐㄩㄝ	215
疦	ㄒㄩㄝ	215
疧	ㄓ	443
疨	ㄒㄧㄚ	370
疨	ㄧㄚ	370
疩	ㄘㄨㄟ	264
疪	ㄅㄧ	351
疫	ㄧ	801
疰	ㄓㄨ	443
疱	ㄆㄠ	200
疲	ㄆㄧ	905
疳	ㄍㄢ	556
疴	ㄎㄜ	200
疴	ㄑㄧㄚ	200
疴	ㄜ	200
疵	ㄘ	668
疶	ㄒㄧㄝ	223
疷	ㄓ	218
疸	ㄉㄢ	488
疹	ㄓㄣ	746
疺	ㄅㄧㄢ	329
疺	ㄈㄚ	329
疻	ㄓ	439
疼	ㄊㄥ	5121
疽	ㄐㄩ	596
疾	ㄐㄧ	1401
疿	ㄈㄟ	121
痀	ㄍㄡ	317
痀	ㄐㄩ	317
痁	ㄉㄧㄢ	326
痂	ㄐㄧㄚ	701
痃	ㄒㄩㄢ	419
痄	ㄓㄚ	320
病	ㄅㄧㄥ	9001
痆	ㄋㄧ	348
痆	ㄋㄧㄝ	348
痆	ㄋㄧㄢ	348
症	ㄓㄥ	2916
痊	ㄑㄩㄢ	510
痋	ㄊㄥ	509
痋	ㄔㄨㄥ	509
痌	ㄊㄨㄥ	521
痍	ㄧ	485
痎	ㄐㄧㄝ	310
痏	ㄨㄟ	394
痐	ㄏㄨㄟ	304
痑	ㄊㄢ	273
痑	ㄕ	273
痒	ㄧㄤ	90
痓	ㄔ	339
痔	ㄓ	814
痕	ㄏㄣ	1558
痗	ㄇㄟ	324
痘	ㄉㄡ	999
痙	ㄐㄧㄥ	607
痚	ㄒㄧㄠ	199
痛	ㄊㄨㄥ	7108
痜	ㄊㄨ	296
痝	ㄇㄤ	231
痞	ㄆㄧ	795
痟	ㄒㄧㄠ	326
痠	ㄙㄨㄢ	716
痡	ㄆㄨ	304
痢	ㄌㄧ	677
痣	ㄓ	1055
痤	ㄘㄨㄛ	534
痥	ㄉㄨㄛ	219
痦	ㄨ	467
痧	ㄕㄚ	598
痩	ㄕㄡ	475
痬	ㄧ	234
痭	ㄆㄥ	317
痮	ㄓㄤ	325
痯	ㄍㄨㄢ	236
痰	ㄊㄢ	1335
痱	ㄈㄟ	565
痲	ㄇㄚ	130
痳	ㄌㄧㄣ	2
痴	ㄔ	141
痵	ㄐㄧ	271
痶	ㄉㄧㄢ	265
痶	ㄊㄧㄢ	265
痷	ㄜ	326
痷	ㄢ	326
痷	ㄧㄝ	326
痸	ㄔ	249
痹	ㄅㄧ	762
痺	ㄅㄧ	173
痻	ㄇㄧㄣ	177
痼	ㄍㄨ	437
痽	ㄉㄨㄟ	356
痾	ㄎㄜ	506
痿	ㄨㄟ	614
瘀	ㄩ	817
瘁	ㄘㄨㄟ	612
瘂	ㄧㄚ	404
瘃	ㄓㄨ	348
瘇	ㄓㄨㄥ	320
瘈	ㄐㄧ	366
瘉	ㄩ	69
瘊	ㄏㄡ	411
瘋	ㄈㄥ	4303
瘌	ㄌㄚ	480
瘍	ㄧㄤ	577
瘎	ㄔㄣ	394
瘏	ㄊㄨ	313
瘐	ㄩ	427
瘑	ㄍㄨㄛ	402
瘒	ㄨㄣ	283
瘓	ㄏㄨㄢ	631
瘔	ㄎㄨ	390
瘕	ㄐㄧㄚ	490
瘖	ㄧㄣ	398
瘙	ㄙㄠ	453
瘚	ㄐㄩㄝ	233
瘛	ㄔ	549
瘜	ㄒㄧ	375
瘝	ㄍㄨㄢ	383
瘞	ㄧ	508
瘟	ㄨㄣ	795
瘠	ㄐㄧ	518
瘡	ㄔㄨㄤ	880
瘢	ㄅㄢ	558
瘣	ㄌㄟ	291
瘣	ㄏㄨㄟ	291
瘤	ㄌㄧㄡ	1612
瘥	ㄔㄞ	230
瘥	ㄘㄨㄛ	230
瘦	ㄕㄡ	4302
瘧	ㄋㄩㄝ	325
瘧	ㄧㄠ	325
瘨	ㄉㄧㄢ	339
瘩	ㄉㄚ	523
瘬	ㄓㄤ	363
瘭	ㄅㄧㄠ	310
瘮	ㄕㄣ	452
瘯	ㄘㄨ	409
瘰	ㄌㄨㄛ	443
瘱	ㄧ	192
瘲	ㄗㄨㄥ	364
瘳	ㄔㄡ	470
瘴	ㄓㄤ	601
瘵	ㄓㄞ	427
瘶	ㄙㄡ	186
瘷	ㄙㄜ	171
瘸	ㄑㄩㄝ	778
瘹	ㄉㄧㄠ	302
瘺	ㄌㄡ	721
瘻	ㄌㄡ	1
瘼	ㄇㄛ	447
瘽	ㄑㄧㄣ	423
癀	ㄏㄨㄤ	446
癁	ㄈㄨ	309
療	ㄌㄧㄠ	1012
癃	ㄌㄨㄥ	454
癄	ㄑㄧㄠ	191
癅	ㄌㄧㄡ	249
癆	ㄌㄠ	632
癇	ㄒㄧㄢ	589
癈	ㄈㄟ	449
癉	ㄉㄢ	221
癊	ㄧㄣ	326
癋	ㄏㄜ	327
癌	ㄞ	1657
癌	ㄧㄢ	1657
癍	ㄅㄢ	511
癎	ㄒㄧㄢ	481
癏	ㄍㄨㄢ	295
癐	ㄍㄨㄟ	360
癑	ㄋㄨㄥ	281
癒	ㄩ	686
癓	ㄨㄟ	345
癔	ㄧ	456
癕	ㄩㄥ	322
癖	ㄆㄧ	863
癗	ㄌㄟ	307
癘	ㄌㄧ	479
癙	ㄕㄨ	395
癚	ㄉㄢ	272
癛	ㄅㄧㄥ	277
癛	ㄌㄧㄣ	277
癜	ㄉㄧㄢ	569
癟	ㄅㄧㄝ	805
癠	ㄐㄧ	293
癡	ㄔ	1331
癢	ㄧㄤ	1741
癤	ㄐㄧㄝ	555
癥	ㄓㄥ	308
癦	ㄇㄥ	58
癧	ㄌㄧ	428
癨	ㄏㄨㄛ	262
癩	ㄌㄞ	679
癪	ㄐㄧ	260
癬	ㄒㄩㄢ	764
癭	ㄧㄥ	547
癮	ㄧㄣ	1241
癯	ㄑㄩ	504
癰	ㄩㄥ	635
癱	ㄊㄢ	838
癲	ㄉㄧㄢ	857
癴	ㄌㄨㄢ	250
癵	ㄌㄨㄢ	289
癶	ㄅㄛ	468
癸	ㄍㄨㄟ	753
癹	ㄅㄚ	354
発	ㄈㄚ	619
登	ㄉㄥ	3842
發	ㄈㄚ	65932
白	ㄅㄞ	16134
百	ㄅㄞ	5457
癿	ㄑㄧㄝ	454
皀	ㄅㄧ	343
皁	ㄗㄠ	541
皂	ㄗㄠ	930
皃	ㄇㄠ	325
的	ㄉㄜ	4726472
的	ㄉㄧ	48229
皅	ㄅㄚ	367
皅	ㄆㄚ	367
皆	ㄐㄧㄝ	3558
皇	ㄏㄨㄤ	2009
皈	ㄍㄨㄟ	548
皉	ㄘ	305
皊	ㄌㄧㄥ	403
皋	ㄍㄠ	740
皌	ㄇㄛ	334
皍	ㄐㄧ	329
皎	ㄐㄧㄠ	631
皏	ㄆㄥ	238
皐	ㄍㄠ	394
皒	ㄜ	740
皓	ㄏㄠ	1175
皔	ㄏㄢ	230
皕	ㄅㄧ	417
皖	ㄨㄢ	1038
皗	ㄔㄡ	221
皘	ㄑㄧㄢ	300
皙	ㄒㄧ	644
皚	ㄞ	566
皛	ㄆㄛ	505
皛	ㄐㄧㄠ	505
皛	ㄒㄧㄠ	505
皜	ㄏㄠ	409
皝	ㄏㄨㄤ	437
皞	ㄏㄠ	476
皟	ㄗㄜ	377
皠	ㄘㄨㄟ	361
皡	ㄏㄠ	292
皢	ㄒㄧㄠ	440
皣	ㄧㄝ	225
皤	ㄆㄛ	543
皥	ㄏㄠ	383
皦	ㄐㄧㄠ	398
皧	ㄞ	506
皨	ㄒㄧㄥ	348
皩	ㄏㄨㄤ	243
皪	ㄌㄧ	382
皫	ㄆㄧㄠ	253
皬	ㄏㄜ	451
皭	ㄐㄧㄠ	313
皮	ㄆㄧ	5866
皯	ㄍㄢ	478
皰	ㄆㄠ	649
皳	ㄑㄧㄡ	271
皴	ㄘㄨㄣ	572
皵	ㄑㄩㄝ	457
皶	ㄓㄚ	291
皷	ㄍㄨ	306
皸	ㄐㄩㄣ	390
皹	ㄐㄩㄣ	269
皺	ㄓㄡ	1303
皻	ㄓㄚ	182
皻	ㄘㄨ	182
皽	ㄓㄢ	306
皾	ㄉㄨ	206
皿	ㄇㄧㄣ	682
盀	ㄑㄧ	340
盁	ㄧㄥ	330
盂	ㄩ	616
盃	ㄅㄟ	2336
盄	ㄓㄠ	320
盅	ㄓㄨㄥ	820
盆	ㄆㄣ	1987
盇	ㄏㄜ	337
盈	ㄧㄥ	1774
盉	ㄏㄜ	420
益	ㄧ	2315
盋	ㄅㄛ	331
盌	ㄨㄢ	351
盍	ㄏㄜ	552
盎	ㄤ	638
盒	ㄏㄜ	2927
盓	ㄨ	322
盓	ㄩ	322
盔	ㄎㄨㄟ	819
盕	ㄈㄢ	269
盙	ㄈㄨ	297
盚	ㄑㄧㄡ	288
盛	ㄔㄥ	188
盛	ㄕㄥ	3575
盜	ㄉㄠ	2434
盝	ㄌㄨ	365
盞	ㄓㄢ	999
盟	ㄇㄥ	1994
盠	ㄌㄧ	314
盡	ㄐㄧㄣ	5462
盢	ㄒㄩ	309
監	ㄐㄧㄢ	74
監	ㄐㄧㄢ	1415
盤	ㄆㄢ	11414
盥	ㄍㄨㄢ	497
盦	ㄢ	421
盧	ㄌㄨ	2887
盨	ㄒㄩ	368
盩	ㄓㄡ	383
盪	ㄉㄤ	1126
盪	ㄊㄤ	11
盫	ㄢ	336
盬	ㄍㄨ	368
盭	ㄌㄧ	286
目	ㄇㄨ	2814
盯	ㄉㄧㄥ	1635
盰	ㄍㄢ	275
盱	ㄒㄩ	495
盲	ㄇㄤ	1373
盳	ㄇㄤ	378
盳	ㄨㄤ	378
直	ㄓ	5901
盵	ㄑㄧ	450
盶	ㄩㄢ	287
盷	ㄇㄧㄣ	339
盷	ㄊㄧㄢ	339
盷	ㄒㄧㄢ	339
相	ㄒㄧㄤ	6630
盹	ㄉㄨㄣ	639
盺	ㄒㄧㄣ	369
盻	ㄒㄧ	413
盼	ㄆㄢ	1863
盽	ㄈㄥ	294
盾	ㄉㄨㄣ	2255
盿	ㄇㄧㄣ	279
眀	ㄇㄧㄥ	539
省	ㄒㄧㄥ	728
省	ㄕㄥ	13835
眂	ㄕ	293
眃	ㄏㄨㄣ	275
眃	ㄩㄣ	275
眄	ㄇㄧㄢ	241
眅	ㄆㄢ	296
眆	ㄈㄤ	319
眇	ㄇㄧㄠ	529
眈	ㄉㄢ	444
眉	ㄇㄟ	1984
眊	ㄇㄠ	391
看	ㄎㄢ	24566
看	ㄎㄢ	221091
県	ㄒㄧㄢ	617
眎	ㄕ	405
眏	ㄧㄤ	365
眏	ㄧㄥ	365
眐	ㄓㄥ	314
眑	ㄧㄠ	236
眒	ㄕㄣ	306
眓	ㄏㄨㄛ	274
眔	ㄉㄚ	429
眕	ㄓㄣ	391
眖	ㄎㄨㄤ	266
眗	ㄎㄡ	265
眗	ㄐㄩ	265
眗	ㄒㄩ	265
眘	ㄕㄣ	412
眙	ㄧ	407
眚	ㄕㄥ	493
眛	ㄇㄟ	417
眜	ㄇㄛ	346
眜	ㄇㄧㄝ	346
眝	ㄓㄨ	254
眞	ㄓㄣ	47
真	ㄓㄣ	66051
眠	ㄇㄧㄢ	1301
眡	ㄕ	309
眢	ㄩㄢ	388
眣	ㄉㄧㄝ	243
眤	ㄋㄧ	381
眥	ㄗ	595
眦	ㄗ	155
眧	ㄔㄠ	310
眨	ㄓㄚ	1066
眩	ㄒㄩㄢ	774
眪	ㄅㄧㄥ	226
眪	ㄈㄤ	226
眫	ㄆㄢ	358
眫	ㄇㄧ	358
眭	ㄙㄨㄟ	555
眮	ㄊㄨㄥ	377
眯	ㄇㄧ	958
眰	ㄉㄧㄝ	393
眰	ㄓ	393
眱	ㄉㄧ	229
眲	ㄋㄜ	268
眳	ㄇㄧㄥ	423
眴	ㄒㄩㄢ	397
眵	ㄔ	391
眶	ㄎㄨㄤ	740
眷	ㄐㄩㄢ	753
眸	ㄇㄡ	990
眹	ㄓㄣ	376
眺	ㄊㄧㄠ	1021
眻	ㄧㄤ	340
眼	ㄧㄢ	7036
眽	ㄇㄛ	355
眾	ㄓㄨㄥ	1024
眿	ㄇㄛ	325
着	ㄓㄜ	80336
着	ㄓㄠ	4726
着	ㄓㄨㄛ	4726
睂	ㄇㄟ	296
睃	ㄐㄩㄢ	432
睃	ㄐㄩㄣ	432
睃	ㄙㄨㄛ	432
睄	ㄑㄧㄠ	336
睄	ㄒㄧㄠ	336
睄	ㄕㄠ	336
睅	ㄏㄢ	256
睆	ㄏㄨㄢ	393
睇	ㄉㄧ	5743
睈	ㄔㄥ	223
睉	ㄓㄨㄞ	239
睉	ㄘㄨㄛ	239
睊	ㄐㄩㄢ	275
睋	ㄜ	600
睌	ㄇㄢ	326
睍	ㄒㄧㄢ	7
睎	ㄒㄧ	376
睏	ㄎㄨㄣ	826
睒	ㄕㄢ	412
睓	ㄊㄧㄢ	209
睔	ㄌㄨㄣ	238
睔	ㄍㄨㄣ	238
睔	ㄏㄨㄢ	238
睕	ㄨㄢ	270
睖	ㄌㄧㄥ	303
睗	ㄕ	282
睘	ㄑㄩㄥ	363
睙	ㄌㄧㄝ	416
睚	ㄧㄚ	453
睚	ㄧㄞ	453
睛	ㄐㄧㄥ	904
睜	ㄓㄥ	1092
睝	ㄌㄧ	196
睞	ㄌㄞ	628
睟	ㄙㄨㄟ	341
睠	ㄐㄩㄢ	355
睡	ㄕㄨㄟ	22070
睢	ㄏㄨㄟ	191
睢	ㄙㄨㄟ	446
督	ㄉㄨ	967
睤	ㄅㄧ	238
睥	ㄅㄧ	474
睦	ㄇㄨ	820
睧	ㄏㄨㄣ	333
睨	ㄋㄧ	632
睩	ㄌㄨ	346
睪	ㄧ	614
睫	ㄐㄧㄝ	663
睬	ㄘㄞ	868
睭	ㄓㄡ	361
睮	ㄩ	277
睯	ㄏㄨㄣ	275
睰	ㄇㄚ	266
睱	ㄒㄧㄚ	426
睲	ㄒㄧㄥ	377
睳	ㄏㄨㄟ	354
睴	ㄍㄨㄣ	272
睵	ㄗㄞ	278
睶	ㄔㄨㄣ	260
睷	ㄐㄧㄢ	326
睸	ㄇㄟ	302
睹	ㄉㄨ	905
睺	ㄏㄡ	488
睻	ㄒㄩㄢ	245
睼	ㄊㄧㄢ	235
睽	ㄎㄨㄟ	480
睾	ㄍㄠ	366
睿	ㄖㄨㄟ	1239
瞀	ㄇㄠ	411
瞁	ㄒㄩ	312
瞂	ㄈㄚ	237
瞃	ㄨㄛ	219
瞄	ㄇㄧㄠ	1228
瞅	ㄔㄡ	1031
瞇	ㄇㄧ	219
瞈	ㄨㄥ	236
瞉	ㄎㄡ	255
瞉	ㄐㄧ	255
瞊	ㄉㄤ	218
瞋	ㄔㄣ	575
瞌	ㄎㄜ	484
瞍	ㄙㄡ	408
瞎	ㄒㄧㄚ	2877
瞏	ㄑㄩㄥ	298
瞐	ㄇㄛ	438
瞑	ㄇㄧㄥ	580
瞓	ㄒㄩㄣ	597
瞔	ㄗㄜ	220
瞕	ㄓㄤ	250
瞖	ㄧ	267
瞗	ㄉㄡ	214
瞗	ㄉㄧㄠ	214
瞘	ㄎㄡ	405
瞙	ㄇㄛ	311
瞚	ㄕㄨㄣ	266
瞛	ㄘㄨㄥ	306
瞜	ㄌㄡ	2
瞜	ㄌㄩ	2
瞝	ㄔ	197
瞞	ㄇㄢ	1117
瞟	ㄆㄧㄠ	907
瞠	ㄔㄥ	511
瞡	ㄍㄨㄟ	284
瞢	ㄇㄥ	463
瞣	ㄏㄨㄢ	250
瞤	ㄕㄨㄣ	169
瞤	ㄖㄨㄣ	169
瞥	ㄆㄧㄝ	952
瞦	ㄒㄧ	342
瞧	ㄑㄧㄠ	2011
瞨	ㄆㄨ	198
瞪	ㄉㄥ	1236
瞫	ㄕㄣ	291
瞬	ㄕㄨㄣ	983
瞭	ㄌㄧㄠ	1915
瞮	ㄔㄜ	316
瞯	ㄐㄧㄢ	300
瞯	ㄒㄧㄢ	300
瞰	ㄎㄢ	619
瞱	ㄧㄝ	295
瞲	ㄒㄩ	268
瞲	ㄒㄩㄝ	268
瞳	ㄊㄨㄥ	1158
瞴	ㄇㄡ	433
瞴	ㄇㄧ	433
瞴	ㄨ	433
瞵	ㄌㄧㄣ	387
瞶	ㄍㄨㄟ	329
瞶	ㄎㄨㄟ	329
瞶	ㄨㄟ	329
瞷	ㄐㄧㄢ	390
瞸	ㄧㄝ	277
瞹	ㄞ	402
瞺	ㄏㄨㄟ	416
瞻	ㄓㄢ	825
瞼	ㄐㄧㄢ	718
瞽	ㄍㄨ	561
瞾	ㄓㄠ	425
瞿	ㄐㄩ	47
瞿	ㄑㄩ	887
矀	ㄇㄟ	234
矁	ㄔㄡ	364
矂	ㄙㄠ	271
矃	ㄋㄧㄥ	262
矃	ㄔㄥ	262
矄	ㄒㄩㄣ	250
矅	ㄧㄠ	376
矆	ㄏㄨㄛ	320
矆	ㄒㄩㄝ	320
矆	ㄨㄛ	320
矆	ㄩㄝ	320
矇	ㄇㄥ	380
矉	ㄆㄧㄣ	286
矊	ㄇㄧㄢ	387
矋	ㄌㄧ	27
矌	ㄍㄨㄛ	276
矌	ㄎㄨㄤ	276
矍	ㄐㄩㄝ	542
矎	ㄒㄩㄢ	174
矏	ㄇㄧㄢ	239
矐	ㄏㄨㄛ	262
矑	ㄌㄨ	282
矒	ㄇㄥ	328
矓	ㄌㄨㄥ	483
矔	ㄍㄨㄢ	234
矕	ㄇㄢ	251
矖	ㄌㄧ	344
矖	ㄒㄧ	344
矗	ㄔㄨ	694
矘	ㄊㄤ	295
矙	ㄎㄢ	344
矚	ㄓㄨ	633
矛	ㄇㄠ	1066
矜	ㄐㄧㄣ	685
矝	ㄌㄧㄣ	411
矞	ㄩ	436
矟	ㄕㄨㄛ	357
矠	ㄓㄨㄛ	326
矠	ㄗㄜ	326
矡	ㄐㄩㄝ	281
矢	ㄕ	953
矣	ㄧ	2031
矤	ㄕㄣ	273
知	ㄓ	7594
矦	ㄏㄡ	296
矧	ㄕㄣ	439
矨	ㄧㄥ	240
矩	ㄐㄩ	1006
矪	ㄓㄡ	247
矬	ㄘㄨㄛ	514
短	ㄉㄨㄢ	6094
矮	ㄞ	1792
矯	ㄐㄧㄠ	525
矰	ㄗㄥ	368
矱	ㄏㄨㄛ	347
矲	ㄅㄚ	294
石	ㄉㄢ	71
石	ㄕ	7033
矴	ㄉㄧㄥ	313
矵	ㄉㄧㄠ	268
矵	ㄑㄧ	268
矷	ㄗ	335
矸	ㄍㄢ	592
矹	ㄨ	234
矺	ㄉㄚ	228
矺	ㄓㄜ	228
矻	ㄎㄨ	411
矼	ㄐㄧㄤ	358
矽	ㄒㄧ	649
砂	ㄕㄚ	1509
砃	ㄉㄢ	386
砄	ㄐㄩㄝ	283
砅	ㄌㄧ	280
砆	ㄈㄨ	319
砇	ㄇㄧㄣ	251
砈	ㄜ	265
砉	ㄏㄨㄚ	273
砉	ㄒㄩ	273
砊	ㄎㄤ	255
砋	ㄓ	255
砌	ㄑㄧ	958
砍	ㄎㄢ	3510
砎	ㄐㄧㄝ	261
砏	ㄅㄧㄣ	370
砏	ㄆㄧㄣ	370
砏	ㄈㄣ	370
砐	ㄜ	288
砑	ㄧㄚ	558
砒	ㄆㄧ	461
砓	ㄓㄜ	257
研	ㄧㄢ	2141
砕	ㄙㄨㄟ	463
砘	ㄉㄨㄣ	529
砝	ㄈㄚ	526
砟	ㄓㄚ	550
砠	ㄑㄩ	336
砡	ㄩ	370
砢	ㄌㄨㄛ	449
砣	ㄊㄨㄛ	694
砤	ㄊㄨㄛ	233
砥	ㄉㄧ	620
砦	ㄓㄞ	614
砧	ㄓㄣ	593
砨	ㄜ	217
砩	ㄈㄟ	293
砩	ㄈㄨ	293
砪	ㄇㄨ	249
砫	ㄓㄨ	357
砬	ㄌㄚ	730
砬	ㄌㄧ	730
砭	ㄅㄧㄢ	587
砮	ㄋㄨ	348
砯	ㄆㄧㄥ	353
砰	ㄆㄥ	722
砱	ㄌㄧㄥ	277
砲	ㄆㄠ	138
砳	ㄌㄜ	341
破	ㄆㄛ	8169
砵	ㄅㄛ	501
砶	ㄆㄛ	272
砷	ㄕㄣ	821
砸	ㄗㄚ	7715
砹	ㄞ	552
砼	ㄊㄨㄥ	879
砿	ㄎㄨㄤ	270
硂	ㄑㄩㄢ	338
硃	ㄓㄨ	746
硄	ㄍㄨㄤ	321
硄	ㄎㄨㄤ	321
硅	ㄍㄨㄟ	1363
硆	ㄜ	191
硇	ㄋㄠ	527
硈	ㄑㄧㄚ	263
硉	ㄌㄨ	281
硊	ㄍㄨㄟ	328
硊	ㄨㄟ	328
硋	ㄞ	265
硌	ㄍㄜ	638
硍	ㄎㄣ	315
硎	ㄒㄧㄥ	647
硏	ㄧㄢ	405
硐	ㄉㄨㄥ	633
硑	ㄆㄥ	295
硑	ㄆㄧㄥ	295
硒	ㄒㄧ	857
硜	ㄎㄥ	382
硝	ㄒㄧㄠ	785
硞	ㄎㄜ	319
硞	ㄎㄨ	319
硞	ㄑㄩㄝ	319
硟	ㄔㄢ	177
硠	ㄌㄤ	329
硡	ㄏㄨㄥ	234
硢	ㄩ	238
硣	ㄒㄧㄠ	274
硤	ㄒㄧㄚ	580
硥	ㄅㄤ	304
硥	ㄇㄤ	304
硦	ㄌㄨㄛ	259
硦	ㄌㄨㄥ	259
硧	ㄊㄨㄥ	301
硧	ㄩㄥ	301
硨	ㄔㄜ	538
硩	ㄔㄜ	264
硪	ㄜ	984
硪	ㄧ	984
硪	ㄨㄛ	984
硫	ㄌㄧㄡ	1101
硬	ㄧㄥ	5354
硭	ㄇㄤ	527
确	ㄑㄩㄝ	793
硯	ㄧㄢ	922
硰	ㄕㄚ	320
硱	ㄎㄨㄣ	266
硲	ㄩ	312
硴	ㄏㄨㄚ	333
硶	ㄔㄣ	423
硶	ㄘㄣ	423
硸	ㄋㄩㄝ	280
硹	ㄙㄨㄥ	243
硺	ㄓㄨㄛ	253
硻	ㄎㄥ	207
硼	ㄆㄥ	792
硽	ㄧㄢ	182
硾	ㄓㄨㄟ	307
硿	ㄎㄨㄥ	346
碀	ㄔㄥ	206
碁	ㄑㄧ	791
碂	ㄗㄨㄥ	292
碂	ㄘㄨㄥ	292
碃	ㄑㄧㄥ	393
碄	ㄌㄧㄣ	289
碅	ㄐㄩㄣ	267
碆	ㄅㄛ	292
碇	ㄉㄧㄥ	610
碈	ㄇㄧㄣ	315
碉	ㄉㄧㄠ	564
碊	ㄐㄧㄢ	258
碊	ㄓㄢ	258
碋	ㄏㄜ	254
碌	ㄌㄨ	724
碎	ㄙㄨㄟ	2186
碏	ㄑㄩㄝ	400
碐	ㄌㄥ	270
碑	ㄅㄟ	1319
碒	ㄧㄣ	247
碓	ㄉㄨㄟ	587
碔	ㄨ	314
碕	ㄑㄧ	3
碖	ㄌㄨㄣ	253
碗	ㄨㄢ	2641
碘	ㄉㄧㄢ	1031
碙	ㄋㄠ	392
碙	ㄍㄤ	392
碚	ㄅㄟ	590
碝	ㄖㄨㄢ	274
碞	ㄧㄢ	366
碟	ㄉㄧㄝ	2599
碠	ㄉㄧㄥ	303
碡	ㄉㄨ	325
碢	ㄊㄨㄛ	295
碣	ㄐㄧㄝ	514
碤	ㄧㄥ	283
碥	ㄅㄧㄢ	429
碦	ㄎㄜ	351
碧	ㄅㄧ	1981
碨	ㄨㄟ	295
碩	ㄕㄨㄛ	1316
碪	ㄓㄣ	339
碫	ㄉㄨㄢ	270
碬	ㄒㄧㄚ	244
碭	ㄉㄤ	557
碮	ㄉㄧ	254
碮	ㄊㄧ	254
碯	ㄋㄠ	258
碰	ㄆㄥ	3603
碱	ㄐㄧㄢ	90
碱	ㄒㄧㄢ	90
碲	ㄉㄧ	553
碳	ㄊㄢ	1471
碴	ㄔㄚ	637
碵	ㄊㄧㄢ	271
碸	ㄈㄥ	626
碹	ㄒㄩㄢ	420
確	ㄑㄩㄝ	1695
碻	ㄑㄩㄝ	306
碼	ㄇㄚ	4917
碽	ㄍㄨㄥ	303
碾	ㄋㄧㄢ	832
碿	ㄒㄧㄝ	248
碿	ㄙㄨ	248
磀	ㄜ	244
磁	ㄘ	1296
磂	ㄌㄧㄡ	260
磃	ㄊㄧ	257
磃	ㄙ	257
磄	ㄊㄤ	243
磅	ㄅㄤ	1281
磆	ㄍㄨ	353
磆	ㄎㄜ	353
磆	ㄏㄨㄚ	353
磇	ㄆㄧ	233
磈	ㄨㄟ	285
磉	ㄙㄤ	405
磊	ㄌㄟ	1661
磋	ㄘㄨㄛ	571
磌	ㄊㄧㄢ	321
磍	ㄑㄧㄚ	292
磍	ㄒㄧㄚ	292
磍	ㄧㄚ	292
磎	ㄒㄧ	312
磏	ㄌㄧㄢ	339
磐	ㄆㄢ	766
磑	ㄞ	173
磑	ㄨㄟ	173
磒	ㄩㄣ	250
磓	ㄉㄨㄟ	270
磓	ㄓㄨㄟ	270
磔	ㄓㄜ	504
磕	ㄎㄜ	1130
磖	ㄌㄚ	255
磙	ㄍㄨㄣ	434
磚	ㄓㄨㄢ	2519
磛	ㄔㄢ	252
磜	ㄑㄧ	322
磝	ㄑㄧㄠ	300
磝	ㄠ	300
磞	ㄆㄥ	343
磟	ㄌㄨ	250
磠	ㄌㄨ	273
磡	ㄎㄢ	473
磢	ㄔㄨㄤ	191
磣	ㄔㄣ	573
磤	ㄧㄣ	243
磥	ㄌㄟ	340
磦	ㄅㄧㄠ	331
磧	ㄑㄧ	616
磨	ㄇㄛ	1084
磨	ㄇㄛ	1625
磩	ㄑㄧ	255
磩	ㄓㄨ	255
磪	ㄘㄨㄟ	242
磫	ㄗㄨㄥ	232
磬	ㄑㄧㄥ	699
磭	ㄔㄨㄛ	263
磯	ㄐㄧ	771
磰	ㄕㄢ	190
磱	ㄌㄠ	337
磲	ㄑㄩ	393
磳	ㄗㄥ	327
磴	ㄉㄥ	540
磵	ㄐㄧㄢ	320
磶	ㄒㄧ	227
磷	ㄌㄧㄣ	1310
磸	ㄉㄧㄥ	219
磹	ㄉㄧㄢ	321
磺	ㄏㄨㄤ	719
磻	ㄆㄢ	437
磼	ㄕㄜ	263
磼	ㄗㄚ	263
磽	ㄑㄧㄠ	546
磾	ㄉㄧ	421
磿	ㄌㄧ	303
礀	ㄐㄧㄢ	462
礁	ㄐㄧㄠ	825
礂	ㄒㄧ	310
礄	ㄑㄧㄠ	417
礅	ㄉㄨㄣ	438
礇	ㄩ	258
礈	ㄓㄨㄟ	230
礉	ㄏㄜ	337
礉	ㄑㄧㄠ	337
礉	ㄠ	337
礊	ㄎㄜ	284
礊	ㄏㄨㄛ	284
礋	ㄗㄜ	328
礌	ㄌㄟ	404
礍	ㄎㄜ	240
礎	ㄔㄨ	649
礏	ㄧㄝ	294
礐	ㄏㄨ	226
礐	ㄑㄩㄝ	226
礑	ㄉㄤ	340
礒	ㄧ	324
礓	ㄐㄧㄤ	376
礔	ㄆㄧ	303
礕	ㄆㄧ	250
礖	ㄩ	283
礗	ㄆㄧㄣ	247
礘	ㄑㄧ	215
礘	ㄜ	215
礙	ㄞ	968
礚	ㄎㄜ	334
礛	ㄐㄧㄢ	325
礜	ㄩ	319
礝	ㄖㄨㄢ	217
礞	ㄇㄥ	360
礟	ㄆㄠ	269
礠	ㄘ	353
礡	ㄅㄛ	141
礣	ㄇㄚ	259
礤	ㄘㄚ	536
礥	ㄒㄧㄢ	247
礥	ㄒㄧㄣ	247
礦	ㄎㄨㄤ	3207
礧	ㄌㄟ	293
礨	ㄌㄟ	294
礩	ㄓ	314
礪	ㄌㄧ	661
礫	ㄌㄧ	644
礬	ㄈㄢ	664
礭	ㄑㄩㄝ	273
礮	ㄆㄠ	326
礯	ㄧㄥ	269
礰	ㄌㄧ	251
礱	ㄌㄨㄥ	561
礲	ㄌㄨㄥ	259
礴	ㄅㄛ	455
礵	ㄕㄨㄤ	327
礷	ㄌㄢ	316
礸	ㄗㄢ	264
礹	ㄧㄢ	256
示	ㄕ	1414
礻	ㄕ	599
礽	ㄖㄥ	478
社	ㄕㄜ	3888
礿	ㄩㄝ	332
祀	ㄙ	776
祁	ㄑㄧ	1146
祂	ㄊㄚ	381
祄	ㄒㄧㄝ	327
祅	ㄧㄠ	456
祆	ㄒㄧㄢ	474
祇	ㄑㄧ	3129
祈	ㄑㄧ	965
祉	ㄓ	613
祊	ㄅㄥ	420
祋	ㄉㄨㄟ	274
祌	ㄓㄨㄥ	457
祌	ㄔㄨㄥ	457
祍	ㄖㄣ	279
祏	ㄕ	424
祐	ㄧㄡ	214
祑	ㄓ	268
祒	ㄊㄧㄠ	231
祓	ㄈㄨ	479
祔	ㄈㄨ	430
祕	ㄅㄧ	121
祕	ㄇㄧ	1093
祖	ㄗㄨ	2424
祗	ㄓ	740
祘	ㄙㄨㄢ	469
祙	ㄇㄟ	395
祚	ㄗㄨㄛ	722
祛	ㄑㄩ	1053
祜	ㄏㄨ	640
祝	ㄓㄨ	4863
神	ㄕㄣ	10317
祟	ㄙㄨㄟ	649
祠	ㄘ	1004
祡	ㄔㄞ	353
祣	ㄌㄩ	374
祤	ㄩ	420
祥	ㄒㄧㄤ	2668
祦	ㄨ	418
祧	ㄊㄧㄠ	452
票	ㄆㄧㄠ	9081
祩	ㄓㄨ	308
祪	ㄍㄨㄟ	215
祫	ㄒㄧㄚ	454
祬	ㄓ	324
祭	ㄐㄧ	1447
祭	ㄓㄞ	15
祮	ㄍㄠ	266
祰	ㄍㄠ	333
祱	ㄌㄟ	265
祱	ㄕㄨㄟ	265
祲	ㄐㄧㄣ	367
祳	ㄕㄣ	258
祴	ㄍㄞ	371
祵	ㄎㄨㄣ	249
祶	ㄉㄧ	300
祹	ㄊㄠ	424
祺	ㄑㄧ	979
祻	ㄍㄨ	349
祼	ㄍㄨㄢ	177
祽	ㄗㄨㄟ	226
祾	ㄌㄧㄥ	418
祿	ㄌㄨ	1275
禀	ㄅㄧㄥ	50
禁	ㄐㄧㄣ	117
禁	ㄐㄧㄣ	2219
禂	ㄉㄠ	301
禃	ㄓ	381
禇	ㄔㄨ	488
禈	ㄏㄨㄟ	288
禉	ㄧㄡ	281
禊	ㄒㄧ	473
禋	ㄧㄣ	417
禌	ㄗ	380
禍	ㄏㄨㄛ	1542
禎	ㄓㄣ	822
福	ㄈㄨ	4741
禐	ㄩㄢ	298
禑	ㄨ	326
禒	ㄒㄧㄢ	278
禓	ㄕㄤ	336
禓	ㄧㄤ	336
禔	ㄊㄧ	431
禕	ㄧ	612
禖	ㄇㄟ	378
禗	ㄙ	319
禘	ㄉㄧ	432
禚	ㄓㄨㄛ	451
禛	ㄓㄣ	610
禜	ㄩㄥ	317
禝	ㄐㄧ	321
禞	ㄍㄠ	327
禟	ㄊㄤ	391
禠	ㄙ	295
禡	ㄇㄚ	361
禢	ㄊㄚ	342
禤	ㄒㄩㄢ	502
禥	ㄑㄧ	369
禦	ㄩ	812
禧	ㄒㄧ	832
禨	ㄐㄧ	355
禩	ㄙ	421
禪	ㄔㄢ	1356
禪	ㄕㄢ	71
禫	ㄊㄢ	342
禬	ㄍㄨㄟ	327
禭	ㄙㄨㄟ	261
禮	ㄌㄧ	3112
禯	ㄋㄨㄥ	264
禰	ㄇㄧ	800
禱	ㄉㄠ	678
禲	ㄌㄧ	247
禳	ㄖㄤ	552
禴	ㄩㄝ	311
禵	ㄊㄧ	464
禶	ㄗㄢ	277
禷	ㄌㄟ	359
禸	ㄖㄡ	509
禹	ㄩ	1216
禺	ㄡ	211
禺	ㄩ	211
离	ㄌㄧ	130
离	ㄔ	130
禽	ㄑㄧㄣ	1049
禾	ㄏㄜ	1296
禿	ㄊㄨ	906
秀	ㄒㄧㄡ	5885
私	ㄙ	2026
秂	ㄖㄣ	707
秄	ㄗ	394
秅	ㄋㄚ	254
秅	ㄔㄚ	254
秆	ㄍㄢ	100
秇	ㄓ	384
秇	ㄧ	384
秈	ㄒㄧㄢ	576
秉	ㄅㄧㄥ	1002
秊	ㄋㄧㄢ	346
秋	ㄑㄧㄡ	4650
种	ㄔㄨㄥ	1669
秎	ㄈㄣ	258
秏	ㄏㄠ	394
秐	ㄩㄣ	233
科	ㄎㄜ	6641
秒	ㄇㄧㄠ	6051
秓	ㄓ	233
秔	ㄐㄧㄥ	300
秕	ㄅㄧ	479
秖	ㄓ	404
秗	ㄩ	215
秘	ㄅㄧ	80
秘	ㄇㄧ	718
秙	ㄎㄨ	279
秚	ㄅㄢ	238
秛	ㄆㄧ	235
秜	ㄋㄧ	230
秝	ㄌㄧ	325
秞	ㄧㄡ	334
租	ㄗㄨ	5095
秠	ㄆㄧ	280
秡	ㄅㄛ	379
秢	ㄌㄧㄥ	197
秣	ㄇㄛ	583
秤	ㄔㄥ	1017
秥	ㄋㄧㄢ	315
秦	ㄑㄧㄣ	4653
秧	ㄧㄤ	756
秨	ㄗㄨㄛ	310
秩	ㄓ	703
秪	ㄓ	413
秫	ㄕㄨ	524
秬	ㄐㄩ	378
秭	ㄗ	448
秮	ㄏㄨㄛ	296
积	ㄓ	5
秱	ㄊㄨㄥ	322
秲	ㄓ	255
秲	ㄕ	255
秳	ㄎㄨㄛ	282
秳	ㄏㄨㄛ	282
秵	ㄧㄣ	286
秶	ㄗ	322
秷	ㄓ	397
秸	ㄐㄧㄝ	632
秹	ㄖㄣ	321
秺	ㄉㄨ	362
移	ㄧ	1905
秿	ㄅㄨ	306
秿	ㄆㄨ	306
秿	ㄈㄨ	306
稀	ㄒㄧ	1491
稁	ㄎㄠ	217
稂	ㄌㄤ	396
稃	ㄈㄨ	421
稄	ㄒㄩㄣ	246
稄	ㄗㄜ	246
稅	ㄕㄨㄟ	3523
稇	ㄎㄨㄣ	212
稈	ㄍㄢ	667
稉	ㄐㄧㄥ	289
稊	ㄊㄧ	369
程	ㄔㄥ	3991
稌	ㄊㄨ	298
稍	ㄕㄠ	2689
稐	ㄌㄨㄣ	226
稑	ㄌㄨ	284
稒	ㄍㄨ	250
稓	ㄗㄨㄛ	267
稔	ㄖㄣ	612
稕	ㄓㄨㄣ	259
稖	ㄅㄤ	240
稗	ㄅㄞ	577
稘	ㄐㄧ	258
稘	ㄑㄧ	258
稙	ㄓ	346
稚	ㄓ	814
稛	ㄎㄨㄣ	210
稜	ㄌㄥ	916
稝	ㄆㄥ	266
稞	ㄎㄜ	477
稟	ㄅㄧㄥ	726
稠	ㄔㄡ	1001
稡	ㄗㄨ	278
稡	ㄗㄨㄟ	278
稡	ㄙㄨ	278
稢	ㄩ	263
稦	ㄧ	241
稧	ㄑㄧㄝ	275
稧	ㄒㄧ	275
稨	ㄅㄧㄢ	171
稩	ㄐㄧ	236
稪	ㄈㄨ	248
稫	ㄅㄧ	239
稫	ㄆㄧ	239
稬	ㄋㄨㄛ	254
稭	ㄐㄧㄝ	308
種	ㄓㄨㄥ	2469
種	ㄓㄨㄥ	9875
稯	ㄗㄨㄥ	255
稰	ㄒㄩ	314
稱	ㄔㄣ	4924
稱	ㄔㄥ	4924
稲	ㄉㄠ	515
稴	ㄌㄧㄢ	259
稴	ㄐㄧㄢ	259
稴	ㄒㄧㄢ	259
稵	ㄐㄧㄡ	363
稵	ㄗ	363
稶	ㄩ	206
稷	ㄐㄧ	608
稸	ㄒㄩ	277
稹	ㄓㄣ	561
稺	ㄓ	269
稻	ㄉㄠ	1142
稼	ㄐㄧㄚ	739
稽	ㄐㄧ	686
稽	ㄑㄧ	36
稾	ㄍㄠ	325
稿	ㄍㄠ	2500
穀	ㄍㄨ	839
穁	ㄖㄨㄥ	186
穂	ㄙㄨㄟ	535
穃	ㄖㄨㄥ	258
穄	ㄐㄧ	350
穅	ㄎㄤ	273
穆	ㄇㄨ	1837
穇	ㄕㄢ	310
穈	ㄇㄣ	332
穉	ㄊㄧ	344
穉	ㄓ	344
穉	ㄔ	344
穊	ㄐㄧ	393
穋	ㄌㄨ	295
穌	ㄙㄨ	580
積	ㄐㄧ	2130
穎	ㄧㄥ	1752
穏	ㄨㄣ	501
穐	ㄑㄧㄡ	271
穓	ㄧ	335
穔	ㄏㄨㄤ	222
穕	ㄑㄧㄝ	187
穖	ㄐㄧ	298
穗	ㄙㄨㄟ	1451
穘	ㄒㄧㄠ	341
穘	ㄖㄠ	341
穙	ㄆㄨ	208
穚	ㄐㄧㄠ	262
穛	ㄅㄛ	255
穛	ㄓㄨㄛ	255
穜	ㄊㄨㄥ	450
穟	ㄙㄨㄟ	326
穠	ㄋㄨㄥ	480
穡	ㄙㄜ	581
穢	ㄏㄨㄟ	738
穣	ㄖㄤ	335
穤	ㄋㄨㄛ	312
穥	ㄩ	246
穦	ㄆㄧㄣ	333
穧	ㄐㄧ	261
穨	ㄊㄨㄟ	281
穩	ㄨㄣ	3653
穪	ㄅㄧㄝ	295
穪	ㄔㄥ	295
穫	ㄏㄨㄛ	884
穬	ㄎㄨㄤ	319
穭	ㄌㄩ	385
穮	ㄅㄧㄠ	300
穯	ㄙㄜ	257
穰	ㄖㄤ	547
穱	ㄐㄩㄝ	305
穱	ㄓㄨㄛ	305
穲	ㄌㄧ	230
穳	ㄗㄢ	210
穳	ㄘㄨㄢ	210
穴	ㄒㄩㄝ	1757
穵	ㄨㄚ	285
究	ㄐㄧㄡ	955
穸	ㄒㄧ	529
穹	ㄑㄩㄥ	685
空	ㄎㄨㄥ	2380
空	ㄎㄨㄥ	9519
穻	ㄩ	366
穼	ㄕㄣ	435
穽	ㄐㄧㄥ	325
穾	ㄧㄠ	274
穿	ㄔㄨㄢ	15112
窀	ㄓㄨㄣ	506
突	ㄊㄨ	1562
窂	ㄌㄠ	340
窄	ㄓㄞ	1661
窅	ㄧㄠ	438
窆	ㄅㄧㄢ	538
窇	ㄅㄠ	351
窈	ㄧㄠ	590
窉	ㄅㄧㄥ	377
窊	ㄨㄚ	388
窋	ㄓㄨ	385
窌	ㄐㄧㄠ	309
窏	ㄨ	174
窐	ㄍㄨㄟ	341
窐	ㄨㄚ	341
窑	ㄧㄠ	210
窒	ㄓ	659
窓	ㄔㄨㄤ	470
窔	ㄧㄠ	315
窕	ㄊㄧㄠ	555
窖	ㄐㄧㄠ	801
窗	ㄔㄨㄤ	2555
窘	ㄐㄩㄥ	755
窙	ㄒㄧㄠ	250
窚	ㄔㄥ	337
窛	ㄎㄡ	375
窞	ㄉㄢ	493
窟	ㄎㄨ	900
窠	ㄎㄜ	593
窡	ㄓㄨㄛ	314
窢	ㄒㄩ	266
窣	ㄙㄨ	557
窤	ㄍㄨㄢ	223
窨	ㄒㄩㄣ	281
窨	ㄧㄣ	281
窩	ㄨㄛ	3005
窪	ㄨㄚ	870
窫	ㄧㄚ	360
窫	ㄧㄝ	360
窬	ㄩ	548
窮	ㄑㄩㄥ	5191
窯	ㄧㄠ	1302
窰	ㄧㄠ	360
窱	ㄊㄧㄠ	262
窲	ㄔㄠ	190
窳	ㄩ	546
窴	ㄊㄧㄢ	327
窵	ㄉㄧㄠ	319
窶	ㄐㄩ	529
窷	ㄌㄧㄠ	483
窸	ㄒㄧ	557
窹	ㄨ	438
窺	ㄎㄨㄟ	978
窻	ㄔㄨㄤ	363
窼	ㄎㄜ	263
窼	ㄓㄠ	263
窽	ㄎㄨㄢ	241
窾	ㄎㄨㄢ	186
窾	ㄘㄨㄢ	186
窿	ㄌㄨㄥ	611
竀	ㄔㄥ	201
竁	ㄘㄨㄟ	248
竂	ㄆㄧㄠ	334
竃	ㄗㄠ	299
竄	ㄘㄨㄢ	1311
竅	ㄑㄧㄠ	1046
竆	ㄑㄩㄥ	284
竇	ㄉㄡ	1247
竈	ㄗㄠ	1248
竉	ㄌㄨㄥ	329
竊	ㄑㄧㄝ	938
立	ㄌㄧ	5812
竌	ㄔㄨ	151
竍	ㄕ	299
竎	ㄈㄨ	229
竏	ㄑㄧㄢ	236
竐	ㄔㄨ	210
竑	ㄏㄨㄥ	486
竒	ㄑㄧ	416
竓	ㄏㄠ	215
竕	ㄈㄣ	230
竗	ㄇㄧㄠ	301
竘	ㄎㄡ	244
竘	ㄑㄩ	244
站	ㄓㄢ	14617
竚	ㄓㄨ	280
竛	ㄌㄧㄥ	228
竜	ㄌㄨㄥ	553
竝	ㄅㄧㄥ	438
竟	ㄐㄧㄥ	5305
章	ㄓㄤ	6662
竡	ㄅㄞ	320
竢	ㄙ	328
竣	ㄐㄩㄣ	633
竤	ㄏㄨㄥ	311
童	ㄊㄨㄥ	2334
竦	ㄙㄨㄥ	636
竧	ㄐㄧㄥ	243
竧	ㄓㄣ	243
竨	ㄉㄧㄠ	325
竩	ㄧ	192
竪	ㄕㄨ	90
竫	ㄐㄧㄥ	306
竬	ㄑㄩ	198
竭	ㄐㄧㄝ	854
竮	ㄆㄧㄥ	289
端	ㄉㄨㄢ	4699
竰	ㄕㄠ	211
竱	ㄓㄨㄢ	202
竲	ㄘㄥ	282
竳	ㄉㄥ	295
竴	ㄘㄨㄣ	503
竵	ㄏㄨㄚ	345
竵	ㄨㄞ	345
競	ㄐㄧㄥ	1377
竷	ㄎㄢ	424
竸	ㄐㄧㄥ	342
竹	ㄓㄨ	3072
竺	ㄉㄨ	390
竺	ㄓㄨ	390
竻	ㄌㄜ	397
竻	ㄐㄧㄣ	397
竼	ㄆㄥ	303
竽	ㄩ	577
竾	ㄔ	568
竿	ㄍㄢ	917
笀	ㄇㄤ	464
笁	ㄓㄨ	462
笂	ㄨㄢ	491
笄	ㄐㄧ	609
笅	ㄒㄧㄠ	467
笆	ㄅㄚ	634
笈	ㄐㄧ	608
笉	ㄑㄧㄣ	504
笊	ㄓㄠ	547
笋	ㄙㄨㄣ	100
笌	ㄧㄚ	434
笍	ㄓㄨㄟ	279
笍	ㄖㄨㄟ	279
笎	ㄩㄢ	321
笏	ㄏㄨ	605
笐	ㄍㄤ	288
笑	ㄒㄧㄠ	15411
笒	ㄏㄢ	396
笒	ㄐㄧㄣ	396
笒	ㄘㄣ	396
笓	ㄆㄧ	525
笖	ㄧ	472
笗	ㄉㄨㄥ	412
笘	ㄕㄢ	438
笙	ㄕㄥ	892
笚	ㄉㄚ	377
笚	ㄋㄚ	377
笚	ㄒㄧㄚ	377
笛	ㄉㄧ	1139
笜	ㄓㄨ	253
笝	ㄋㄚ	330
笞	ㄔ	598
笟	ㄍㄨ	497
笠	ㄌㄧ	806
笡	ㄑㄧㄝ	305
笢	ㄇㄧㄣ	505
笣	ㄅㄠ	444
笤	ㄊㄧㄠ	551
笥	ㄙ	636
符	ㄈㄨ	2150
笧	ㄕㄢ	295
笧	ㄘㄜ	295
笨	ㄅㄣ	6121
笩	ㄆㄟ	490
笪	ㄉㄚ	594
笫	ㄗ	625
第	ㄉㄧ	25378
笭	ㄌㄧㄥ	365
笮	ㄗㄜ	586
笯	ㄋㄨ	331
笰	ㄈㄨ	278
笱	ㄍㄡ	602
笲	ㄈㄢ	300
笳	ㄐㄧㄚ	581
笴	ㄍㄢ	352
笵	ㄈㄢ	415
笶	ㄕ	523
笸	ㄆㄛ	549
笹	ㄊㄧ	525
笻	ㄑㄩㄥ	197
笿	ㄌㄨㄛ	319
筀	ㄍㄨㄟ	276
筁	ㄑㄩ	373
筂	ㄔ	315
筃	ㄧㄣ	399
筄	ㄧㄠ	236
筅	ㄒㄧㄢ	502
筆	ㄅㄧ	4124
筇	ㄑㄩㄥ	534
筈	ㄍㄨㄚ	359
等	ㄉㄥ	183329
筊	ㄐㄧㄠ	191
筋	ㄐㄧㄣ	1393
筌	ㄑㄩㄢ	522
筍	ㄙㄨㄣ	1007
筎	ㄖㄨ	470
筏	ㄈㄚ	679
筐	ㄎㄨㄤ	920
筑	ㄓㄨ	381
筒	ㄊㄨㄥ	1458
筓	ㄐㄧ	293
答	ㄉㄚ	1947
筕	ㄏㄤ	333
策	ㄘㄜ	1666
筗	ㄓㄨㄥ	421
筘	ㄎㄡ	508
筞	ㄘㄜ	279
筟	ㄈㄨ	311
筠	ㄩㄣ	857
筡	ㄊㄨ	241
筢	ㄆㄚ	376
筣	ㄌㄧ	390
筤	ㄌㄤ	273
筥	ㄐㄩ	362
筦	ㄍㄨㄢ	382
筧	ㄐㄧㄢ	610
筨	ㄏㄢ	234
筩	ㄊㄨㄥ	345
筪	ㄒㄧㄚ	223
筫	ㄓ	269
筬	ㄔㄥ	383
筭	ㄙㄨㄢ	396
筮	ㄕ	554
筯	ㄓㄨ	363
筰	ㄗㄨㄛ	418
筱	ㄒㄧㄠ	1167
筲	ㄕㄠ	398
筳	ㄊㄧㄥ	361
筴	ㄘㄜ	3
筵	ㄧㄢ	685
筶	ㄍㄠ	328
筷	ㄎㄨㄞ	749
筸	ㄍㄢ	312
筺	ㄎㄨㄤ	221
筻	ㄍㄤ	345
筽	ㄛ	330
箁	ㄅㄨ	288
箁	ㄆㄡ	288
箁	ㄆㄨ	288
箁	ㄈㄨ	288
箂	ㄌㄞ	359
箃	ㄗㄡ	298
箄	ㄅㄟ	25
箄	ㄅㄧ	25
箄	ㄆㄞ	25
箅	ㄅㄧ	480
箆	ㄅㄧ	273
箇	ㄍㄜ	1506
箈	ㄊㄞ	194
箈	ㄔ	194
箉	ㄉㄞ	366
箉	ㄍㄨㄞ	366
箊	ㄩ	359
箋	ㄐㄧㄢ	794
箌	ㄉㄠ	591
箌	ㄓㄠ	591
箍	ㄍㄨ	840
箎	ㄔ	331
箏	ㄓㄥ	870
箐	ㄑㄧㄥ	696
箑	ㄕㄚ	363
箒	ㄓㄡ	355
箓	ㄌㄨ	10
箔	ㄅㄛ	646
箕	ㄐㄧ	670
箖	ㄌㄧㄣ	391
算	ㄙㄨㄢ	30805
箘	ㄐㄩㄣ	350
箙	ㄈㄨ	390
箚	ㄓㄚ	289
箛	ㄍㄨ	518
箜	ㄎㄨㄥ	554
箝	ㄑㄧㄢ	501
箞	ㄑㄧㄢ	401
箟	ㄐㄩㄣ	377
箠	ㄔㄨㄟ	6
管	ㄍㄨㄢ	15911
箢	ㄨㄢ	397
箢	ㄩㄢ	397
箣	ㄘㄜ	426
箤	ㄗㄨ	331
箥	ㄅㄛ	371
箬	ㄖㄨㄛ	617
箭	ㄐㄧㄢ	2003
箮	ㄒㄩㄢ	450
箯	ㄅㄧㄢ	326
箰	ㄙㄨㄣ	449
箱	ㄒㄧㄤ	4036
箲	ㄒㄧㄢ	280
箳	ㄆㄧㄥ	248
箴	ㄓㄣ	621
箵	ㄒㄧㄥ	291
箵	ㄕㄥ	291
箶	ㄏㄨ	391
箷	ㄕ	354
箷	ㄧ	354
箸	ㄓㄨ	612
箹	ㄔㄨㄛ	490
箹	ㄧㄠ	490
箹	ㄩㄝ	490
箺	ㄔㄨㄣ	258
箻	ㄌㄩ	426
箼	ㄨ	474
箽	ㄉㄨㄥ	344
箾	ㄕㄨㄛ	317
箿	ㄐㄧ	257
節	ㄐㄧㄝ	6130
篁	ㄏㄨㄤ	630
篂	ㄒㄧㄥ	397
篃	ㄇㄟ	395
範	ㄈㄢ	1416
篅	ㄉㄨㄢ	297
篅	ㄔㄨㄢ	297
篆	ㄓㄨㄢ	699
篇	ㄆㄧㄢ	7811
篈	ㄈㄥ	407
築	ㄓㄨ	1241
篊	ㄏㄨㄤ	334
篊	ㄏㄨㄥ	334
篋	ㄑㄧㄝ	546
篌	ㄏㄡ	425
篍	ㄑㄧㄡ	349
篎	ㄇㄧㄠ	286
篏	ㄑㄧㄢ	253
篒	ㄧ	324
篔	ㄩㄣ	526
篕	ㄏㄜ	269
篖	ㄊㄤ	269
篗	ㄩㄝ	287
篘	ㄔㄡ	334
篙	ㄍㄠ	609
篚	ㄈㄟ	427
篛	ㄖㄨㄛ	354
篜	ㄓㄥ	340
篝	ㄍㄡ	480
篞	ㄋㄧㄝ	283
篟	ㄑㄧㄢ	362
篠	ㄒㄧㄠ	517
篡	ㄘㄨㄢ	633
篢	ㄍㄨㄥ	332
篣	ㄆㄤ	254
篣	ㄆㄥ	254
篤	ㄉㄨ	841
篥	ㄌㄧ	442
篦	ㄅㄧ	560
篧	ㄓㄨㄛ	265
篨	ㄔㄨ	429
篩	ㄕㄞ	995
篪	ㄔ	605
篫	ㄓㄨ	218
篬	ㄑㄧㄤ	350
篬	ㄘㄤ	350
篭	ㄌㄨㄥ	290
篰	ㄅㄨ	371
篱	ㄌㄧ	90
篲	ㄏㄨㄟ	159
篳	ㄅㄧ	530
篴	ㄉㄧ	345
篵	ㄘㄨㄥ	364
篶	ㄧㄢ	260
篷	ㄆㄥ	726
篸	ㄗㄢ	368
篸	ㄘㄢ	368
篸	ㄘㄣ	368
篹	ㄓㄨㄢ	300
篺	ㄆㄧ	553
篻	ㄅㄧㄠ	243
篻	ㄆㄧㄠ	243
篼	ㄉㄡ	514
篽	ㄩ	351
篾	ㄇㄧㄝ	543
篿	ㄊㄨㄢ	294
篿	ㄓㄨㄢ	294
簀	ㄗㄜ	469
簁	ㄒㄧ	328
簂	ㄍㄨㄛ	252
簂	ㄍㄨㄟ	252
簃	ㄧ	441
簄	ㄏㄨ	244
簅	ㄔㄢ	205
簆	ㄎㄡ	281
簇	ㄘㄨ	960
簈	ㄆㄧㄥ	270
簉	ㄗㄠ	351
簊	ㄐㄧ	341
簋	ㄍㄨㄟ	531
簌	ㄙㄨ	535
簍	ㄌㄡ	678
簎	ㄐㄧ	207
簎	ㄘㄜ	207
簏	ㄌㄨ	446
簐	ㄋㄧㄢ	204
簑	ㄙㄨㄛ	527
簒	ㄘㄨㄢ	298
簓	ㄉㄧㄠ	269
簔	ㄙㄨㄛ	253
簕	ㄌㄜ	458
簗	ㄓㄨ	322
簘	ㄒㄧㄠ	363
簙	ㄅㄛ	358
簚	ㄇㄧ	240
簛	ㄕㄞ	273
簛	ㄙ	273
簜	ㄉㄤ	379
簝	ㄌㄧㄠ	267
簞	ㄉㄢ	576
簟	ㄉㄧㄢ	586
簠	ㄈㄨ	408
簡	ㄐㄧㄢ	2119
簢	ㄇㄧㄣ	215
簣	ㄎㄨㄟ	607
簤	ㄉㄞ	356
簥	ㄐㄧㄠ	308
簦	ㄉㄥ	509
簧	ㄏㄨㄤ	754
簨	ㄙㄨㄣ	465
簩	ㄌㄠ	417
簪	ㄗㄢ	722
簫	ㄒㄧㄠ	973
簬	ㄌㄨ	486
簭	ㄕ	494
簮	ㄗㄢ	407
簰	ㄆㄞ	454
簳	ㄍㄢ	382
簴	ㄐㄩ	265
簵	ㄉㄨ	391
簶	ㄌㄨ	273
簷	ㄧㄢ	440
簸	ㄅㄛ	268
簹	ㄉㄤ	531
簺	ㄙㄞ	366
簻	ㄎㄜ	379
簼	ㄌㄨㄥ	252
簽	ㄑㄧㄢ	5402
簾	ㄌㄧㄢ	1118
簿	ㄅㄨ	1034
籀	ㄓㄡ	468
籃	ㄌㄢ	1238
籄	ㄎㄨㄟ	255
籅	ㄩ	275
籆	ㄩㄝ	284
籇	ㄏㄠ	355
籈	ㄐㄧㄢ	277
籈	ㄓㄣ	277
籉	ㄊㄞ	251
籊	ㄊㄧ	277
籋	ㄇㄧ	258
籋	ㄋㄧㄝ	258
籌	ㄔㄡ	1388
籍	ㄐㄧ	1980
籏	ㄑㄧ	271
籐	ㄊㄥ	450
籑	ㄓㄨㄢ	343
籒	ㄓㄡ	276
籓	ㄈㄢ	483
籔	ㄙㄡ	349
籕	ㄓㄡ	248
籖	ㄑㄧㄢ	334
籗	ㄓㄨㄛ	277
籘	ㄊㄥ	336
籙	ㄌㄨ	555
籚	ㄌㄨ	261
籛	ㄐㄧㄢ	339
籜	ㄊㄨㄛ	503
籝	ㄧㄥ	289
籞	ㄩ	277
籟	ㄌㄞ	616
籠	ㄌㄨㄥ	1360
籢	ㄌㄧㄢ	212
籣	ㄌㄢ	422
籤	ㄑㄧㄢ	659
籥	ㄩㄝ	129
籦	ㄓㄨㄥ	411
籧	ㄑㄩ	302
籩	ㄅㄧㄢ	611
籪	ㄉㄨㄢ	491
籫	ㄗㄨㄢ	288
籬	ㄌㄧ	733
籭	ㄙ	259
籮	ㄌㄨㄛ	621
籮	ㄕ	35
籯	ㄧㄥ	315
籰	ㄩㄝ	271
籱	ㄓㄨㄛ	243
籲	ㄩ	820
米	ㄇㄧ	16910
籴	ㄉㄧ	50
籴	ㄗㄚ	50
籵	ㄈㄢ	304
籶	ㄕㄣ	210
籷	ㄓㄜ	186
籸	ㄕㄣ	207
籹	ㄋㄩ	642
籺	ㄏㄜ	334
籼	ㄒㄧㄢ	100
籽	ㄗ	1071
籾	ㄋㄧ	274
籿	ㄘㄨㄣ	380
粀	ㄓㄤ	270
粁	ㄑㄧㄢ	294
粂	ㄓㄞ	322
粃	ㄅㄧ	327
粃	ㄆㄧ	327
粄	ㄅㄢ	478
粅	ㄨ	492
粆	ㄔㄠ	300
粆	ㄕㄚ	300
粇	ㄎㄤ	364
粇	ㄐㄧㄥ	364
粈	ㄖㄡ	374
粉	ㄈㄣ	5189
粊	ㄅㄧ	298
粋	ㄘㄨㄟ	409
粌	ㄧㄣ	328
粍	ㄓㄜ	407
粐	ㄏㄨ	357
粑	ㄅㄚ	642
粒	ㄌㄧ	1988
粓	ㄍㄢ	394
粔	ㄐㄩ	384
粕	ㄆㄛ	678
粖	ㄇㄛ	388
粗	ㄘㄨ	2966
粘	ㄋㄧㄢ	206
粘	ㄓㄢ	1858
粙	ㄓㄡ	379
粚	ㄌㄧ	244
粛	ㄙㄨ	381
粞	ㄒㄧ	553
粟	ㄙㄨ	947
粠	ㄏㄨㄥ	376
粡	ㄊㄨㄥ	470
粢	ㄗ	540
粣	ㄘㄜ	272
粣	ㄙㄜ	272
粥	ㄓㄡ	2258
粥	ㄩ	23
粦	ㄌㄧㄣ	375
粧	ㄓㄨㄤ	87
粨	ㄅㄞ	458
粫	ㄦ	347
粭	ㄏㄜ	280
粯	ㄒㄧㄢ	394
粰	ㄈㄨ	371
粱	ㄌㄧㄤ	707
粲	ㄘㄢ	642
粳	ㄐㄧㄥ	554
粴	ㄌㄧ	305
粵	ㄩㄝ	1679
粶	ㄌㄨ	407
粷	ㄐㄩ	322
粸	ㄑㄧ	292
粹	ㄘㄨㄟ	739
粺	ㄅㄞ	430
粻	ㄓㄤ	328
粼	ㄌㄧㄣ	570
粽	ㄗㄨㄥ	878
精	ㄐㄧㄥ	4307
粿	ㄍㄨㄛ	558
糀	ㄏㄨㄚ	517
糂	ㄙㄢ	277
糃	ㄊㄤ	258
糄	ㄅㄧㄢ	240
糅	ㄖㄡ	519
糆	ㄇㄧㄢ	279
糇	ㄏㄡ	200
糈	ㄒㄩ	379
糉	ㄗㄨㄥ	279
糊	ㄏㄨ	733
糋	ㄐㄧㄢ	251
糌	ㄗㄢ	351
糍	ㄘ	579
糎	ㄌㄧ	274
糏	ㄒㄧㄝ	222
糐	ㄈㄨ	224
糑	ㄋㄨㄛ	210
糒	ㄅㄟ	310
糓	ㄍㄨ	293
糔	ㄒㄧㄡ	231
糕	ㄍㄠ	1038
糖	ㄊㄤ	3360
糗	ㄑㄧㄡ	732
糘	ㄐㄧㄚ	407
糙	ㄘㄠ	822
糚	ㄓㄨㄤ	370
糛	ㄊㄤ	335
糜	ㄇㄟ	40
糜	ㄇㄧ	790
糝	ㄙㄢ	580
糞	ㄈㄣ	1413
糟	ㄗㄠ	1353
糠	ㄎㄤ	777
糡	ㄐㄧㄤ	219
糢	ㄇㄛ	507
糣	ㄙㄢ	179
糤	ㄙㄢ	258
糥	ㄋㄨㄛ	354
糦	ㄒㄧ	308
糧	ㄌㄧㄤ	1725
糨	ㄐㄧㄤ	392
糩	ㄎㄨㄞ	304
糪	ㄅㄛ	255
糫	ㄏㄨㄢ	206
糬	ㄕㄨ	430
糭	ㄗㄨㄥ	297
糮	ㄒㄧㄢ	238
糯	ㄋㄨㄛ	790
糰	ㄊㄨㄢ	640
糱	ㄋㄧㄝ	232
糲	ㄌㄧ	555
糳	ㄗㄨㄛ	267
糴	ㄉㄧ	499
糵	ㄋㄧㄝ	358
糶	ㄊㄧㄠ	549
糷	ㄌㄢ	256
糸	ㄇㄧ	867
糹	ㄙ	564
糺	ㄐㄧㄡ	186
系	ㄒㄧ	17862
糼	ㄍㄨㄥ	447
糽	ㄓㄥ	231
糾	ㄐㄧㄡ	872
糿	ㄧㄡ	254
紀	ㄐㄧ	2304
紁	ㄔㄚ	320
紂	ㄓㄡ	633
紃	ㄒㄩㄣ	360
約	ㄧㄠ	124
約	ㄩㄝ	12299
紅	ㄏㄨㄥ	13909
紆	ㄩ	570
紇	ㄍㄜ	261
紇	ㄏㄜ	261
紈	ㄨㄢ	570
紉	ㄖㄣ	586
紊	ㄨㄣ	672
紋	ㄨㄣ	1948
紌	ㄑㄧㄡ	232
納	ㄋㄚ	2923
紎	ㄗ	204
紏	ㄊㄡ	317
紐	ㄋㄧㄡ	824
紑	ㄈㄡ	470
紒	ㄐㄧ	492
紒	ㄐㄧㄝ	492
紓	ㄕㄨ	623
純	ㄔㄨㄣ	5317
紕	ㄆㄧ	460
紖	ㄓㄣ	244
紗	ㄕㄚ	1452
紘	ㄏㄨㄥ	487
紙	ㄓ	4488
級	ㄐㄧ	18324
紛	ㄈㄣ	898
紜	ㄩㄣ	570
紝	ㄖㄣ	465
紞	ㄉㄢ	396
紟	ㄐㄧㄣ	506
素	ㄙㄨ	5812
紡	ㄈㄤ	979
索	ㄙㄨㄛ	3094
紣	ㄘㄨㄟ	289
紤	ㄐㄧㄡ	298
紥	ㄗㄚ	488
紨	ㄈㄨ	396
紩	ㄓ	375
紪	ㄘ	363
紫	ㄗ	3936
紬	ㄔㄡ	5
紭	ㄏㄨㄥ	397
紮	ㄗㄚ	1722
累	ㄌㄟ	1411
累	ㄌㄟ	12698
細	ㄒㄧ	4021
紱	ㄈㄨ	535
紲	ㄒㄧㄝ	478
紳	ㄕㄣ	710
紴	ㄅㄛ	366
紴	ㄅㄧ	366
紵	ㄓㄨ	413
紶	ㄑㄩ	543
紷	ㄌㄧㄥ	420
紸	ㄓㄨ	604
紹	ㄕㄠ	1446
紺	ㄍㄢ	655
紻	ㄧㄤ	274
紼	ㄈㄨ	490
紽	ㄊㄨㄛ	307
紾	ㄓㄣ	520
紿	ㄉㄞ	503
絀	ㄔㄨ	601
絁	ㄕ	334
終	ㄓㄨㄥ	2740
絃	ㄒㄧㄢ	890
組	ㄗㄨ	23345
絅	ㄐㄩㄥ	1
絆	ㄅㄢ	1040
絇	ㄑㄩ	312
絈	ㄇㄛ	266
絉	ㄕㄨ	287
絊	ㄗㄨㄟ	294
絋	ㄎㄨㄤ	285
経	ㄐㄧㄥ	561
絍	ㄖㄣ	365
絎	ㄏㄤ	531
絏	ㄒㄧㄝ	305
結	ㄐㄧㄝ	218
結	ㄐㄧㄝ	4140
絑	ㄓㄨ	318
絒	ㄔㄡ	295
絓	ㄍㄨㄚ	168
絓	ㄎㄨㄚ	168
絔	ㄅㄞ	534
絔	ㄇㄛ	534
絕	ㄐㄩㄝ	3273
絖	ㄎㄨㄤ	302
絗	ㄏㄨ	404
絘	ㄘ	423
絙	ㄍㄥ	335
絙	ㄏㄨㄢ	335
絚	ㄍㄥ	264
絛	ㄉㄧ	328
絛	ㄊㄠ	328
絜	ㄐㄧㄝ	231
絜	ㄒㄧㄝ	231
絝	ㄎㄨ	523
絞	ㄐㄧㄠ	966
絟	ㄑㄩㄢ	390
絠	ㄍㄞ	571
絠	ㄞ	571
絡	ㄌㄨㄛ	1124
絢	ㄒㄩㄢ	740
絣	ㄅㄧㄥ	370
絤	ㄒㄧㄢ	290
絥	ㄈㄨ	325
給	ㄍㄟ	183346
給	ㄐㄧ	9650
絧	ㄉㄨㄥ	406
絧	ㄊㄨㄥ	406
絨	ㄖㄨㄥ	1062
絩	ㄉㄠ	284
絩	ㄉㄧㄠ	284
絩	ㄊㄧㄠ	284
絪	ㄧㄣ	464
絫	ㄌㄟ	338
絬	ㄒㄧㄝ	275
絭	ㄐㄩㄢ	271
絮	ㄒㄩ	874
絯	ㄍㄞ	522
絯	ㄏㄞ	522
絰	ㄉㄧㄝ	389
統	ㄊㄨㄥ	1530
絲	ㄙ	3369
絳	ㄐㄧㄤ	826
絴	ㄒㄧㄤ	276
絵	ㄏㄨㄟ	555
絶	ㄐㄩㄝ	4
絸	ㄐㄧㄢ	424
絹	ㄐㄩㄢ	925
絺	ㄔ	6
絻	ㄇㄧㄢ	354
絼	ㄓㄣ	205
絽	ㄌㄩ	333
絾	ㄔㄥ	462
絿	ㄑㄧㄡ	411
綀	ㄕㄨ	419
綁	ㄅㄤ	1781
綂	ㄊㄨㄥ	281
綃	ㄒㄧㄠ	642
綄	ㄏㄨㄢ	563
綄	ㄨㄢ	563
綅	ㄑㄧㄣ	411
綆	ㄍㄥ	551
綇	ㄒㄧㄡ	350
綈	ㄊㄧ	536
綉	ㄊㄡ	130
綉	ㄒㄧㄡ	130
綊	ㄒㄧㄝ	312
綋	ㄏㄨㄥ	467
綌	ㄒㄧ	327
綍	ㄈㄨ	450
綎	ㄊㄧㄥ	439
綏	ㄙㄨㄟ	745
綑	ㄎㄨㄣ	310
綒	ㄈㄨ	297
經	ㄐㄧㄥ	14255
綔	ㄏㄨ	483
綕	ㄓ	421
綖	ㄧㄢ	381
綗	ㄐㄩㄥ	317
綘	ㄈㄥ	441
継	ㄐㄧ	481
続	ㄒㄩ	572
綛	ㄖㄣ	360
綜	ㄗㄨㄥ	946
綝	ㄔㄣ	434
綝	ㄕㄣ	434
綞	ㄉㄨㄛ	528
綟	ㄌㄧ	316
綟	ㄌㄧㄝ	316
綠	ㄌㄨ	41
綠	ㄌㄩ	5535
綡	ㄌㄧㄤ	342
綢	ㄔㄡ	781
綣	ㄑㄩㄢ	644
綤	ㄕㄠ	259
綥	ㄑㄧ	245
綦	ㄑㄧ	585
綧	ㄓㄨㄣ	271
綨	ㄑㄧ	390
綩	ㄨㄢ	332
綪	ㄑㄧㄢ	527
綫	ㄒㄧㄢ	1200
綬	ㄕㄡ	643
維	ㄨㄟ	3278
綮	ㄑㄧ	461
綯	ㄊㄠ	370
綰	ㄨㄢ	770
綱	ㄍㄤ	1157
網	ㄨㄤ	22245
綳	ㄅㄥ	90
綴	ㄓㄨㄟ	860
綴	ㄔㄨㄛ	45
綵	ㄘㄞ	615
綶	ㄍㄨㄛ	503
綷	ㄗㄨ	397
綷	ㄘㄨㄟ	397
綸	ㄌㄨㄣ	970
綹	ㄌㄧㄡ	619
綺	ㄑㄧ	1140
綻	ㄓㄢ	720
綼	ㄅㄧ	384
綽	ㄔㄠ	46
綽	ㄔㄨㄛ	867
綾	ㄌㄧㄥ	850
綿	ㄇㄧㄢ	1094
緀	ㄑㄧ	345
緁	ㄐㄧㄝ	339
緂	ㄊㄢ	361
緂	ㄊㄧㄢ	361
緂	ㄔㄢ	361
緃	ㄗㄨㄥ	398
緄	ㄍㄨㄣ	579
緅	ㄗㄡ	280
緆	ㄒㄧ	263
緇	ㄗ	718
緈	ㄒㄧㄥ	641
緉	ㄌㄧㄤ	355
緊	ㄐㄧㄣ	5530
緋	ㄈㄟ	898
緌	ㄖㄨㄟ	371
緍	ㄇㄧㄣ	478
緎	ㄩ	297
総	ㄗㄨㄥ	539
緑	ㄌㄩ	3
緒	ㄒㄩ	1052
緓	ㄧㄥ	257
緕	ㄗ	296
緖	ㄒㄩ	365
緗	ㄒㄧㄤ	660
緘	ㄐㄧㄢ	624
緙	ㄎㄜ	559
線	ㄒㄧㄢ	17279
緛	ㄖㄨㄢ	347
緜	ㄇㄧㄢ	338
緝	ㄐㄧ	316
緝	ㄑㄧ	316
緞	ㄉㄨㄢ	753
緟	ㄓㄨㄥ	461
緟	ㄔㄨㄥ	461
締	ㄉㄧ	675
緡	ㄇㄧㄣ	543
緢	ㄇㄠ	449
緢	ㄇㄧㄠ	449
緣	ㄩㄢ	2958
緤	ㄒㄧㄝ	365
緥	ㄅㄠ	427
緦	ㄙ	563
緧	ㄑㄧㄡ	205
編	ㄅㄧㄢ	3777
緩	ㄏㄨㄢ	1684
緪	ㄍㄥ	281
緫	ㄘㄨㄥ	368
緬	ㄇㄧㄢ	822
緭	ㄨㄟ	365
緮	ㄈㄨ	335
緯	ㄨㄟ	1044
緰	ㄩ	259
緱	ㄍㄡ	553
緲	ㄇㄧㄠ	633
緳	ㄒㄧㄝ	417
練	ㄌㄧㄢ	9551
緵	ㄗㄨㄥ	387
緶	ㄅㄧㄢ	514
緷	ㄍㄨㄣ	314
緷	ㄩㄣ	314
緸	ㄧㄣ	277
緹	ㄊㄧ	794
緺	ㄍㄨㄚ	371
緻	ㄓ	913
緼	ㄨㄣ	352
緼	ㄩㄣ	352
緽	ㄔㄥ	243
緾	ㄔㄢ	430
緿	ㄉㄞ	319
縀	ㄒㄧㄚ	296
縁	ㄩㄢ	455
縂	ㄗㄨㄥ	586
縃	ㄒㄩ	263
縄	ㄕㄥ	440
縅	ㄨㄟ	298
縈	ㄧㄥ	761
縉	ㄐㄧㄣ	639
縊	ㄧ	577
縋	ㄓㄨㄟ	575
縌	ㄋㄧ	509
縍	ㄅㄤ	283
縎	ㄍㄨ	351
縎	ㄏㄨ	351
縏	ㄆㄢ	289
縐	ㄓㄡ	633
縑	ㄐㄧㄢ	528
縒	ㄘ	307
縒	ㄘㄨㄛ	307
縒	ㄙㄨㄛ	307
縓	ㄑㄩㄢ	285
縔	ㄕㄨㄤ	233
縕	ㄩㄣ	206
縖	ㄒㄧㄚ	451
縗	ㄘㄨㄟ	411
縘	ㄒㄧ	361
縙	ㄖㄨㄥ	210
縚	ㄊㄠ	207
縛	ㄈㄨ	845
縜	ㄩㄣ	224
縝	ㄓㄣ	615
縞	ㄍㄠ	586
縟	ㄖㄨ	529
縠	ㄏㄨ	421
縡	ㄗㄞ	420
縢	ㄊㄥ	385
縣	ㄒㄧㄢ	8575
縤	ㄙㄨ	360
縥	ㄓㄣ	200
縦	ㄗㄨㄥ	399
縧	ㄊㄠ	100
縩	ㄘㄞ	390
縪	ㄅㄧ	266
縫	ㄈㄥ	725
縫	ㄈㄥ	1087
縬	ㄘㄨ	203
縭	ㄌㄧ	597
縮	ㄙㄨㄛ	1722
縯	ㄧㄣ	174
縰	ㄒㄧ	287
縱	ㄗㄨㄥ	1603
縲	ㄌㄟ	531
縳	ㄓㄨㄢ	1
縴	ㄑㄧㄢ	458
縵	ㄇㄢ	614
縶	ㄓ	477
縷	ㄌㄩ	910
縸	ㄇㄛ	416
縸	ㄇㄨ	416
縹	ㄆㄧㄠ	582
縺	ㄌㄧㄢ	343
縻	ㄇㄧ	485
縼	ㄒㄩㄢ	443
總	ㄗㄨㄥ	29524
績	ㄐㄧ	802
縿	ㄕㄢ	334
繀	ㄘㄨㄟ	358
繀	ㄙㄨㄟ	358
繁	ㄈㄢ	1454
繂	ㄌㄩ	322
繃	ㄅㄥ	397
繄	ㄧ	355
繅	ㄙㄠ	553
繆	ㄇㄡ	523
繆	ㄇㄧㄠ	523
繇	ㄓㄡ	197
繇	ㄧㄠ	197
繇	ㄧㄡ	197
繈	ㄑㄧㄤ	46
繉	ㄏㄨㄣ	256
繊	ㄒㄧㄢ	379
繋	ㄒㄧ	528
繌	ㄕㄚ	525
繌	ㄗㄨㄥ	525
繍	ㄒㄧㄡ	434
繎	ㄖㄢ	523
繏	ㄒㄩㄢ	410
繐	ㄙㄨㄟ	476
繑	ㄐㄩㄝ	368
繑	ㄑㄧㄠ	368
繒	ㄗㄥ	284
繓	ㄗㄨㄛ	335
織	ㄓ	1324
繕	ㄕㄢ	637
繖	ㄙㄢ	461
繗	ㄌㄧㄣ	289
繘	ㄩ	432
繙	ㄈㄢ	124
繚	ㄌㄧㄠ	620
繛	ㄔㄨㄛ	357
繜	ㄗㄨㄣ	345
繝	ㄐㄧㄢ	374
繞	ㄖㄠ	2652
繟	ㄔㄢ	298
繠	ㄖㄨㄟ	349
繡	ㄒㄧㄡ	1635
繢	ㄏㄨㄟ	505
繣	ㄏㄨㄚ	352
繥	ㄒㄧ	448
繦	ㄑㄧㄤ	420
繧	ㄨㄣ	440
繨	ㄉㄚ	318
繩	ㄕㄥ	1403
繪	ㄏㄨㄟ	1220
繫	ㄐㄧ	786
繫	ㄒㄧ	786
繬	ㄙㄜ	264
繭	ㄐㄧㄢ	905
繮	ㄐㄧㄤ	620
繯	ㄏㄨㄢ	493
繰	ㄑㄧㄠ	236
繰	ㄙㄠ	236
繱	ㄘㄨㄥ	333
繲	ㄒㄧㄝ	499
繳	ㄐㄧㄠ	1303
繴	ㄅㄧ	522
繵	ㄉㄢ	356
繵	ㄊㄢ	356
繵	ㄔㄢ	356
繶	ㄧ	400
繷	ㄋㄨㄥ	335
繸	ㄙㄨㄟ	1
繹	ㄧ	620
繺	ㄕㄞ	400
繻	ㄒㄩ	549
繼	ㄐㄧ	3499
繽	ㄅㄧㄣ	661
繾	ㄑㄧㄢ	587
繿	ㄌㄢ	14
纀	ㄆㄨ	468
纀	ㄈㄨ	468
纁	ㄒㄩㄣ	3
纂	ㄗㄨㄢ	682
纃	ㄑㄧ	369
纄	ㄆㄥ	284
纅	ㄌㄧ	298
纅	ㄧㄠ	298
纆	ㄇㄛ	398
纇	ㄌㄟ	415
纈	ㄒㄧㄝ	629
纉	ㄗㄨㄢ	298
纊	ㄎㄨㄤ	491
纋	ㄧㄡ	473
續	ㄒㄩ	2189
纍	ㄌㄟ	580
纎	ㄒㄧㄢ	318
纏	ㄔㄢ	1476
纐	ㄐㄧㄠ	248
纑	ㄌㄨ	299
纒	ㄔㄢ	324
纓	ㄧㄥ	719
纔	ㄘㄞ	1558
纕	ㄒㄧㄤ	354
纖	ㄒㄧㄢ	1233
纗	ㄗㄨㄟ	265
纘	ㄗㄨㄢ	463
纙	ㄌㄨㄛ	370
纚	ㄒㄧ	395
纛	ㄉㄠ	511
纜	ㄌㄢ	798
纝	ㄌㄟ	252
纞	ㄌㄧㄢ	550
缶	ㄈㄡ	654
缷	ㄒㄧㄝ	419
缸	ㄍㄤ	1369
缹	ㄈㄡ	292
缺	ㄑㄩㄝ	4801
缻	ㄈㄡ	308
缽	ㄅㄛ	510
缾	ㄆㄧㄥ	1
缿	ㄒㄧㄤ	224
罁	ㄍㄤ	296
罃	ㄧㄥ	332
罄	ㄑㄧㄥ	672
罅	ㄒㄧㄚ	599
罆	ㄍㄨㄢ	283
罇	ㄗㄨㄣ	319
罈	ㄊㄢ	694
罉	ㄔㄥ	48
罊	ㄑㄧ	272
罋	ㄨㄥ	222
罌	ㄧㄥ	583
罍	ㄌㄟ	456
罎	ㄊㄢ	100
罏	ㄌㄨ	300
罐	ㄍㄨㄢ	1602
网	ㄨㄤ	100
罒	ㄨㄤ	594
罔	ㄨㄤ	715
罕	ㄏㄢ	874
罖	ㄌㄨㄛ	428
罘	ㄈㄨ	681
罙	ㄇㄧ	568
罛	ㄍㄨ	373
罜	ㄉㄨ	370
罜	ㄓㄨ	370
罝	ㄐㄩ	383
罞	ㄇㄠ	346
罟	ㄍㄨ	542
罠	ㄇㄧㄣ	418
罡	ㄍㄤ	767
罣	ㄍㄨㄚ	433
罤	ㄊㄧ	262
罤	ㄎㄨㄣ	262
罥	ㄐㄩㄢ	416
罦	ㄈㄨ	1
罧	ㄕㄣ	319
罨	ㄧㄢ	532
罩	ㄓㄠ	1546
罪	ㄗㄨㄟ	3394
罫	ㄍㄨㄚ	383
罬	ㄓㄨㄛ	273
罭	ㄩ	279
置	ㄓ	2417
罯	ㄢ	328
罰	ㄈㄚ	2113
罱	ㄋㄢ	539
罱	ㄌㄢ	539
署	ㄕㄨ	1419
罳	ㄙ	327
罵	ㄇㄚ	10009
罶	ㄌㄧㄡ	404
罷	ㄅㄚ	21
罷	ㄅㄚ	2070
罸	ㄈㄚ	326
罹	ㄌㄧ	602
罺	ㄔㄠ	289
罻	ㄨㄟ	275
罼	ㄅㄧ	278
罽	ㄐㄧ	445
罾	ㄗㄥ	526
罿	ㄊㄨㄥ	324
羀	ㄌㄧㄡ	334
羂	ㄐㄩㄢ	350
羃	ㄇㄧ	297
羄	ㄓㄠ	293
羅	ㄌㄨㄛ	8706
羆	ㄆㄧ	576
羇	ㄐㄧ	336
羈	ㄐㄧ	759
羉	ㄌㄨㄢ	401
羊	ㄧㄤ	4742
羋	ㄇㄧ	576
羌	ㄑㄧㄤ	805
羍	ㄉㄚ	386
美	ㄇㄟ	18573
羏	ㄒㄧㄤ	367
羏	ㄧㄤ	367
羐	ㄧㄡ	374
羑	ㄧㄡ	450
羒	ㄈㄣ	298
羓	ㄅㄚ	318
羔	ㄍㄠ	617
羕	ㄧㄤ	418
羖	ㄍㄨ	367
羗	ㄑㄧㄤ	347
羘	ㄗㄤ	259
羙	ㄇㄟ	635
羙	ㄍㄠ	635
羚	ㄌㄧㄥ	747
羛	ㄒㄧ	280
羛	ㄧ	280
羜	ㄓㄨ	254
羝	ㄉㄧ	557
羞	ㄒㄧㄡ	1159
羠	ㄧ	256
羡	ㄧ	89
羢	ㄖㄨㄥ	301
羣	ㄑㄩㄣ	14339
群	ㄑㄩㄣ	1000
羥	ㄑㄧㄤ	719
羦	ㄏㄨㄢ	167
羧	ㄙㄨㄛ	634
羨	ㄒㄧㄢ	940
義	ㄧ	3385
羫	ㄎㄤ	374
羫	ㄑㄧㄤ	374
羬	ㄑㄧㄢ	276
羬	ㄒㄧㄢ	276
羬	ㄧㄢ	276
羭	ㄩ	261
羮	ㄍㄥ	393
羯	ㄐㄧㄝ	653
羰	ㄊㄤ	547
羱	ㄩㄢ	364
羲	ㄒㄧ	736
羳	ㄈㄢ	197
羴	ㄕㄢ	372
羵	ㄈㄣ	249
羶	ㄕㄢ	583
羷	ㄌㄧㄢ	173
羸	ㄌㄟ	585
羹	ㄍㄥ	938
羺	ㄋㄡ	244
羻	ㄑㄧㄤ	194
羼	ㄔㄢ	440
羽	ㄩ	2502
羾	ㄍㄨㄥ	266
羿	ㄧ	686
翀	ㄔㄨㄥ	624
翁	ㄨㄥ	1766
翂	ㄈㄣ	292
翃	ㄏㄨㄥ	448
翄	ㄔ	325
翅	ㄔ	1123
翆	ㄘㄨㄟ	339
翇	ㄈㄨ	190
翈	ㄒㄧㄚ	311
翉	ㄅㄣ	346
翊	ㄧ	808
翋	ㄌㄚ	426
翌	ㄧ	658
翍	ㄅㄧ	286
翍	ㄆㄛ	286
翍	ㄆㄧ	286
翎	ㄌㄧㄥ	927
翏	ㄌㄧㄡ	304
翐	ㄓ	254
翑	ㄑㄩ	260
習	ㄒㄧ	1425
翓	ㄒㄧㄝ	205
翔	ㄒㄧㄤ	2080
翕	ㄒㄧ	546
翖	ㄒㄧ	199
翗	ㄎㄜ	302
翛	ㄕㄨ	464
翜	ㄕㄚ	256
翝	ㄏㄨㄥ	221
翞	ㄐㄧㄤ	201
翟	ㄉㄧ	638
翟	ㄓㄞ	638
翠	ㄘㄨㄟ	1907
翡	ㄈㄟ	736
翢	ㄉㄠ	222
翢	ㄓㄡ	222
翣	ㄕㄚ	330
翤	ㄔ	228
翥	ㄓㄨ	517
翦	ㄐㄧㄢ	653
翧	ㄒㄩㄢ	328
翨	ㄔ	237
翩	ㄆㄧㄢ	649
翪	ㄗㄨㄥ	284
翫	ㄨㄢ	501
翬	ㄏㄨㄟ	455
翭	ㄏㄡ	381
翮	ㄏㄜ	542
翯	ㄏㄜ	433
翰	ㄏㄢ	1091
翱	ㄠ	651
翲	ㄆㄧㄠ	316
翳	ㄧ	630
翴	ㄌㄧㄢ	337
翵	ㄏㄡ	326
翵	ㄑㄩ	326
翶	ㄠ	340
翷	ㄌㄧㄣ	259
翸	ㄆㄣ	326
翹	ㄑㄧㄠ	73
翹	ㄑㄧㄠ	1393
翺	ㄠ	391
翻	ㄈㄢ	6606
翼	ㄧ	1963
翽	ㄏㄨㄟ	316
翾	ㄒㄩㄢ	506
翿	ㄉㄠ	319
耀	ㄧㄠ	1760
老	ㄌㄠ	40818
考	ㄎㄠ	17459
耄	ㄇㄠ	560
者	ㄓㄜ	30711
耆	ㄑㄧ	658
耇	ㄍㄡ	341
耈	ㄍㄡ	296
耉	ㄍㄡ	260
耊	ㄉㄧㄝ	277
耋	ㄉㄧㄝ	459
而	ㄦ	136709
耍	ㄕㄨㄚ	6036
耎	ㄖㄨㄢ	362
耏	ㄦ	343
耐	ㄋㄞ	3321
耑	ㄓㄨㄢ	94
耒	ㄌㄟ	591
耓	ㄊㄧㄥ	283
耔	ㄗ	565
耕	ㄍㄥ	1142
耖	ㄔㄠ	372
耗	ㄏㄠ	1832
耘	ㄩㄣ	680
耙	ㄅㄚ	386
耙	ㄆㄚ	386
耚	ㄆㄧ	262
耛	ㄔ	235
耛	ㄧ	235
耜	ㄙ	493
耝	ㄑㄩ	239
耝	ㄔㄨ	239
耞	ㄐㄧㄚ	325
耟	ㄐㄩ	380
耠	ㄏㄨㄛ	352
耡	ㄔㄨ	76
耣	ㄌㄨㄣ	286
耤	ㄐㄧ	99
耥	ㄊㄤ	376
耦	ㄡ	641
耨	ㄋㄡ	629
耩	ㄐㄧㄤ	510
耪	ㄆㄤ	562
耫	ㄓㄚ	218
耫	ㄗㄜ	218
耬	ㄌㄡ	474
耭	ㄐㄧ	356
耮	ㄌㄠ	391
耯	ㄏㄨㄛ	218
耰	ㄧㄡ	344
耱	ㄇㄛ	450
耲	ㄏㄨㄞ	365
耳	ㄦ	2562
耴	ㄧ	252
耵	ㄉㄧㄥ	406
耶	ㄧㄝ	392
耶	ㄧㄝ	3525
耷	ㄉㄚ	560
耹	ㄑㄧㄣ	319
耺	ㄧㄥ	208
耺	ㄩㄣ	208
耻	ㄔ	80
耼	ㄉㄢ	335
耽	ㄉㄢ	669
耾	ㄏㄨㄥ	284
耿	ㄍㄥ	1355
聀	ㄓ	278
聃	ㄉㄢ	518
聄	ㄓㄣ	307
聅	ㄔㄜ	380
聆	ㄌㄧㄥ	725
聇	ㄓㄥ	234
聈	ㄧㄡ	249
聉	ㄊㄨㄟ	196
聉	ㄓㄨㄛ	196
聉	ㄨㄚ	196
聊	ㄌㄧㄠ	16780
聎	ㄊㄧㄠ	233
聏	ㄋㄩ	301
聏	ㄦ	301
聐	ㄧㄚ	278
聑	ㄊㄧㄝ	321
聑	ㄓㄜ	321
聒	ㄍㄨㄛ	491
聕	ㄏㄠ	231
聖	ㄕㄥ	3441
聗	ㄌㄧㄝ	329
聘	ㄆㄧㄣ	1266
聙	ㄐㄧㄥ	433
聚	ㄐㄩ	3090
聛	ㄅㄧ	286
聜	ㄉㄧ	220
聝	ㄍㄨㄛ	291
聞	ㄨㄣ	3378
聟	ㄒㄩ	238
聠	ㄆㄧㄥ	258
聡	ㄘㄨㄥ	477
聢	ㄉㄧㄥ	312
聤	ㄊㄧㄥ	354
聥	ㄐㄩ	224
聦	ㄘㄨㄥ	318
聧	ㄎㄨㄟ	275
聨	ㄌㄧㄢ	348
聫	ㄌㄧㄢ	267
聬	ㄨㄥ	238
聭	ㄎㄨㄟ	211
聮	ㄌㄧㄢ	312
聯	ㄌㄧㄢ	3995
聰	ㄘㄨㄥ	1473
聱	ㄠ	353
聲	ㄕㄥ	8130
聳	ㄙㄨㄥ	942
聴	ㄊㄧㄥ	538
聵	ㄎㄨㄟ	557
聶	ㄋㄧㄝ	1576
職	ㄓ	1871
聸	ㄉㄢ	238
聹	ㄋㄧㄥ	434
聺	ㄑㄧㄝ	218
聻	ㄋㄧ	319
聻	ㄐㄧㄢ	319
聼	ㄊㄧㄥ	616
聽	ㄊㄧㄥ	1607
聽	ㄊㄧㄥ	30525
聾	ㄌㄨㄥ	853
聿	ㄩ	716
肁	ㄓㄠ	351
肂	ㄙ	337
肄	ㄧ	456
肅	ㄙㄨ	933
肆	ㄙ	1043
肇	ㄓㄠ	871
肈	ㄓㄠ	389
肉	ㄖㄡ	7258
肊	ㄧ	331
肋	ㄌㄜ	928
肋	ㄌㄟ	928
肌	ㄐㄧ	1681
肍	ㄑㄧㄡ	268
肎	ㄎㄣ	333
肏	ㄘㄠ	794
肐	ㄍㄜ	263
肑	ㄅㄛ	374
肑	ㄉㄧ	374
肒	ㄏㄨㄢ	276
肓	ㄏㄨㄤ	599
肔	ㄧ	318
肕	ㄖㄣ	326
肖	ㄒㄧㄠ	3397
肗	ㄖㄨ	267
肘	ㄓㄡ	957
肙	ㄩㄢ	312
肚	ㄉㄨ	129
肚	ㄉㄨ	1162
肛	ㄍㄤ	790
肜	ㄖㄨㄥ	518
肝	ㄍㄢ	2309
肞	ㄔㄚ	315
肟	ㄨㄛ	656
股	ㄍㄨ	17578
肢	ㄓ	823
肣	ㄏㄢ	311
肣	ㄑㄧㄣ	311
肥	ㄈㄟ	3614
肦	ㄈㄣ	286
肧	ㄆㄟ	346
肨	ㄆㄤ	314
肨	ㄈㄥ	314
肩	ㄐㄧㄢ	1934
肪	ㄈㄤ	632
肫	ㄓㄨㄣ	578
肬	ㄧㄡ	282
肭	ㄋㄚ	499
肮	ㄍㄤ	90
肮	ㄏㄤ	90
肮	ㄤ	90
肯	ㄎㄣ	3459
肰	ㄖㄢ	271
肱	ㄍㄨㄥ	650
育	ㄩ	1670
肳	ㄨㄣ	267
肴	ㄧㄠ	614
肵	ㄐㄧㄣ	302
肶	ㄅㄧ	382
肶	ㄆㄧ	382
肷	ㄑㄧㄢ	531
肷	ㄒㄩ	531
肸	ㄒㄧ	382
肹	ㄒㄧ	375
肺	ㄈㄟ	2423
肼	ㄐㄧㄥ	602
肽	ㄊㄞ	968
胂	ㄕㄣ	571
胃	ㄨㄟ	3015
胄	ㄓㄡ	633
胅	ㄉㄧㄝ	239
胆	ㄉㄚ	100
胆	ㄉㄢ	1
胆	ㄉㄢ	100
胆	ㄊㄢ	100
胇	ㄅㄧ	90
胇	ㄈㄟ	90
胈	ㄅㄚ	296
胉	ㄅㄛ	254
胊	ㄑㄩ	195
胋	ㄊㄧㄢ	243
背	ㄅㄟ	323
背	ㄅㄟ	6141
胍	ㄍㄨㄚ	643
胎	ㄊㄞ	1726
胏	ㄗ	302
胐	ㄎㄨ	343
胑	ㄓ	345
胒	ㄋㄧ	385
胓	ㄆㄥ	220
胓	ㄆㄧㄥ	220
胔	ㄗ	336
胕	ㄈㄨ	352
胕	ㄓㄡ	352
胖	ㄆㄤ	5537
胗	ㄓㄣ	558
胘	ㄒㄧㄢ	288
胙	ㄗㄨㄛ	525
胚	ㄆㄟ	887
胛	ㄐㄧㄚ	555
胜	ㄑㄧㄥ	679
胜	ㄒㄧㄥ	679
胜	ㄕㄥ	679
胝	ㄓ	560
胞	ㄅㄠ	941
胟	ㄇㄨ	255
胠	ㄑㄩ	346
胡	ㄏㄨ	6830
胢	ㄎㄜ	308
胣	ㄔ	341
胤	ㄧㄣ	1033
胥	ㄒㄩ	846
胦	ㄧㄤ	293
胩	ㄎㄚ	514
胬	ㄋㄨ	502
胬	ㄋㄩ	502
胭	ㄧㄢ	552
胮	ㄆㄤ	286
胯	ㄎㄨㄚ	752
胰	ㄧ	799
胱	ㄍㄨㄤ	598
胲	ㄏㄞ	413
胳	ㄍㄜ	517
胴	ㄉㄨㄥ	492
胵	ㄓ	317
胵	ㄔ	317
胶	ㄐㄧㄠ	100
胶	ㄒㄧㄠ	100
胷	ㄒㄩㄥ	285
胸	ㄒㄩㄥ	2632
胹	ㄦ	273
胺	ㄢ	1065
胻	ㄏㄥ	318
胼	ㄆㄧㄢ	439
能	ㄋㄥ	162177
胾	ㄗ	305
胿	ㄍㄨㄟ	278
胿	ㄎㄨㄟ	278
脀	ㄓㄥ	334
脀	ㄔㄥ	334
脁	ㄊㄧㄠ	389
脂	ㄓ	1380
脃	ㄘㄨㄟ	516
脄	ㄇㄟ	250
脅	ㄒㄧㄝ	829
脆	ㄘㄨㄟ	1309
脇	ㄒㄧㄝ	445
脈	ㄇㄛ	897
脈	ㄇㄞ	897
脉	ㄇㄞ	800
脊	ㄐㄧ	912
脌	ㄋㄧㄣ	27
脎	ㄙㄚ	370
脒	ㄇㄧ	534
脕	ㄨㄢ	494
脕	ㄨㄣ	494
脖	ㄅㄛ	826
脗	ㄨㄣ	423
脘	ㄍㄨㄢ	602
脙	ㄒㄧㄡ	455
脚	ㄐㄧㄠ	100
脚	ㄐㄩㄝ	100
脛	ㄐㄧㄥ	709
脜	ㄧㄡ	405
脝	ㄏㄥ	427
脞	ㄘㄨㄛ	410
脟	ㄆㄠ	440
脟	ㄌㄧㄝ	440
脟	ㄌㄨㄢ	440
脠	ㄔㄢ	420
脠	ㄕㄢ	420
脡	ㄊㄧㄥ	474
脢	ㄇㄟ	470
脣	ㄔㄨㄣ	1714
脤	ㄕㄣ	421
脥	ㄑㄧㄢ	444
脦	ㄊㄜ	428
脧	ㄐㄩㄢ	446
脨	ㄐㄧ	454
脨	ㄘㄨ	454
脩	ㄒㄧㄡ	640
脪	ㄒㄧㄣ	432
脪	ㄔ	432
脫	ㄊㄨㄛ	3598
脬	ㄆㄠ	418
脭	ㄔㄥ	425
脮	ㄊㄨㄟ	384
脮	ㄋㄟ	384
脯	ㄆㄨ	338
脯	ㄈㄨ	338
脰	ㄉㄡ	460
脲	ㄋㄧㄠ	754
脳	ㄋㄠ	530
脴	ㄆㄧ	349
脹	ㄓㄤ	1117
脺	ㄘㄨㄟ	412
脺	ㄙㄨㄟ	412
脻	ㄐㄧㄝ	342
脼	ㄌㄤ	351
脼	ㄌㄧㄤ	351
脽	ㄕㄨㄟ	430
脾	ㄆㄧ	1210
脿	ㄅㄧㄠ	514
腀	ㄌㄨㄣ	301
腁	ㄆㄧㄢ	358
腂	ㄌㄟ	377
腂	ㄍㄨㄛ	377
腂	ㄏㄨㄚ	377
腃	ㄎㄨㄟ	378
腃	ㄐㄩㄢ	378
腃	ㄑㄩㄢ	378
腄	ㄏㄡ	446
腄	ㄔㄨㄞ	446
腄	ㄔㄨㄟ	446
腅	ㄉㄢ	314
腆	ㄊㄧㄢ	558
腇	ㄋㄟ	345
腈	ㄐㄧㄥ	607
腉	ㄋㄞ	341
腊	ㄒㄧ	608
腋	ㄧㄝ	686
腌	ㄚ	774
腌	ㄤ	774
腌	ㄧㄢ	774
腍	ㄖㄣ	370
腎	ㄕㄣ	2056
腏	ㄓㄨㄟ	294
腏	ㄔㄨㄛ	294
腐	ㄈㄨ	1176
腑	ㄈㄨ	659
腒	ㄐㄩ	309
腓	ㄈㄟ	624
腔	ㄑㄧㄤ	1561
腕	ㄨㄢ	1072
腖	ㄉㄨㄥ	554
腘	ㄍㄨㄛ	57
腙	ㄗㄨㄥ	502
腚	ㄉㄧㄥ	684
腛	ㄨㄛ	291
腜	ㄇㄟ	371
腝	ㄋㄠ	375
腝	ㄋㄣ	375
腝	ㄋㄧ	375
腝	ㄖㄨㄢ	375
腝	ㄦ	375
腞	ㄉㄨㄣ	329
腞	ㄊㄨ	329
腞	ㄓㄨㄢ	329
腟	ㄔ	352
腠	ㄘㄡ	444
腡	ㄌㄨㄛ	355
腢	ㄡ	303
腣	ㄉㄧ	302
腤	ㄢ	331
腥	ㄒㄧㄥ	941
腦	ㄋㄠ	3111
腧	ㄕㄨ	443
腨	ㄕㄨㄢ	335
腩	ㄋㄢ	600
腪	ㄩㄣ	290
腫	ㄓㄨㄥ	1602
腬	ㄖㄡ	280
腭	ㄜ	100
腮	ㄙㄞ	896
腯	ㄊㄨ	352
腰	ㄧㄠ	3402
腱	ㄐㄧㄢ	611
腲	ㄨㄟ	275
腳	ㄐㄧㄠ	6394
腳	ㄐㄩㄝ	65
腴	ㄩ	555
腵	ㄐㄧㄚ	362
腶	ㄉㄨㄢ	306
腷	ㄅㄧ	383
腸	ㄔㄤ	1662
腹	ㄈㄨ	1626
腺	ㄒㄧㄢ	1048
腿	ㄊㄨㄟ	4878
膀	ㄅㄤ	641
膀	ㄆㄤ	20
膁	ㄑㄧㄢ	299
膁	ㄒㄧㄢ	299
膁	ㄧㄢ	299
膂	ㄌㄩ	443
膃	ㄨㄚ	336
膄	ㄙㄡ	373
膅	ㄊㄤ	221
膆	ㄙㄨ	233
膇	ㄓㄨㄟ	296
膈	ㄍㄜ	672
膉	ㄧ	269
膊	ㄅㄛ	919
膋	ㄌㄧㄠ	299
膌	ㄐㄧ	306
膍	ㄆㄧ	351
膎	ㄒㄧㄝ	269
膏	ㄍㄠ	1477
膐	ㄌㄩ	233
膒	ㄡ	286
膓	ㄔㄤ	287
膔	ㄅㄧㄠ	129
膔	ㄌㄨ	129
膕	ㄍㄨㄛ	325
膖	ㄆㄤ	269
膗	ㄔㄨㄞ	248
膘	ㄅㄧㄠ	706
膙	ㄐㄧㄤ	282
膚	ㄈㄨ	1005
膛	ㄊㄤ	690
膜	ㄇㄛ	3077
膝	ㄒㄧ	1070
膞	ㄓㄨㄢ	308
膞	ㄔㄨㄢ	308
膞	ㄔㄨㄣ	308
膟	ㄌㄩ	221
膠	ㄐㄧㄠ	2184
膡	ㄧㄥ	171
膢	ㄌㄩ	291
膣	ㄓ	385
膤	ㄒㄩㄝ	467
膥	ㄔㄨㄣ	18
膦	ㄌㄧㄣ	625
膧	ㄊㄨㄥ	298
膨	ㄆㄥ	741
膩	ㄋㄧ	1799
膪	ㄓㄚ	296
膪	ㄓㄞ	296
膪	ㄔㄨㄞ	296
膫	ㄌㄧㄠ	300
膬	ㄘㄨㄟ	408
膭	ㄉㄨㄟ	221
膭	ㄍㄨㄟ	221
膭	ㄎㄨㄟ	221
膮	ㄒㄧㄠ	412
膰	ㄈㄢ	400
膱	ㄓ	228
膲	ㄐㄧㄠ	275
膳	ㄕㄢ	763
膴	ㄏㄨ	325
膵	ㄘㄨㄟ	293
膶	ㄖㄨㄣ	75
膷	ㄒㄧㄤ	429
膸	ㄙㄨㄟ	340
膸	ㄨㄟ	340
膹	ㄈㄣ	249
膺	ㄧㄥ	608
膻	ㄕㄢ	439
膼	ㄓㄨㄚ	309
膽	ㄉㄢ	1840
膾	ㄎㄨㄞ	527
膿	ㄋㄨㄥ	930
臀	ㄊㄨㄣ	1068
臁	ㄌㄧㄢ	544
臂	ㄅㄧ	1431
臃	ㄩㄥ	539
臄	ㄐㄩㄝ	277
臅	ㄔㄨ	264
臆	ㄧ	561
臇	ㄐㄩㄢ	237
臈	ㄌㄚ	360
臉	ㄌㄧㄢ	8259
臊	ㄙㄠ	310
臋	ㄊㄨㄣ	387
臌	ㄍㄨ	481
臍	ㄑㄧ	818
臎	ㄘㄨㄟ	313
臏	ㄅㄧㄣ	602
臐	ㄒㄩㄣ	228
臑	ㄋㄠ	423
臒	ㄨㄛ	409
臒	ㄩㄝ	409
臓	ㄗㄤ	417
臔	ㄒㄧㄢ	337
臕	ㄅㄧㄠ	246
臖	ㄒㄧㄥ	303
臗	ㄎㄨㄢ	394
臘	ㄌㄚ	942
臙	ㄧㄢ	164
臚	ㄌㄨ	586
臛	ㄏㄨㄛ	346
臝	ㄌㄨㄛ	316
臞	ㄑㄩ	357
臟	ㄗㄤ	1553
臠	ㄌㄨㄢ	453
臡	ㄋㄧ	292
臡	ㄌㄨㄢ	292
臢	ㄗㄚ	207
臢	ㄗㄤ	207
臣	ㄔㄣ	2177
臤	ㄑㄧㄢ	279
臤	ㄑㄧㄣ	279
臤	ㄒㄧㄢ	279
臥	ㄨㄛ	1422
臦	ㄍㄨㄤ	416
臦	ㄐㄩㄥ	416
臧	ㄗㄤ	937
臨	ㄌㄧㄣ	2660
臩	ㄍㄨㄤ	389
臩	ㄐㄩㄥ	389
自	ㄗ	15317
臫	ㄐㄧㄠ	568
臬	ㄋㄧㄝ	474
臭	ㄒㄧㄡ	169
臭	ㄔㄡ	3212
臮	ㄐㄧ	342
臯	ㄍㄠ	493
臰	ㄔㄡ	387
臱	ㄅㄧㄢ	427
臱	ㄇㄧㄢ	427
臲	ㄋㄧㄝ	293
至	ㄓ	18700
致	ㄓ	3426
臵	ㄍㄜ	377
臶	ㄐㄧㄢ	307
臷	ㄉㄧㄝ	284
臷	ㄓ	284
臸	ㄐㄧㄣ	488
臸	ㄓ	488
臹	ㄒㄧㄡ	207
臺	ㄊㄞ	11268
臻	ㄓㄣ	1021
臼	ㄐㄧㄡ	700
臽	ㄒㄧㄢ	333
臾	ㄩ	482
臿	ㄔㄚ	362
舀	ㄧㄠ	760
舁	ㄩ	447
舂	ㄔㄨㄥ	600
舃	ㄒㄧ	348
舄	ㄒㄧ	489
舅	ㄐㄧㄡ	907
與	ㄩ	20396
與	ㄩ	183568
興	ㄒㄧㄥ	845
興	ㄒㄧㄥ	3380
舉	ㄐㄩ	2981
舊	ㄐㄧㄡ	6348
舋	ㄒㄧㄣ	84
舌	ㄕㄜ	1625
舍	ㄕㄜ	2234
舎	ㄕㄜ	524
舏	ㄐㄧㄡ	197
舐	ㄕ	594
舑	ㄊㄢ	300
舒	ㄕㄨ	2517
舓	ㄕ	280
舔	ㄊㄧㄢ	2123
舕	ㄊㄢ	245
舖	ㄆㄨ	427
舗	ㄆㄨ	134
舘	ㄍㄨㄢ	3
舙	ㄏㄨㄚ	363
舙	ㄑㄧ	363
舚	ㄊㄧㄢ	389
舛	ㄔㄨㄢ	667
舜	ㄕㄨㄣ	1099
舝	ㄒㄧㄚ	273
舞	ㄨ	4113
舟	ㄓㄡ	1639
舠	ㄉㄠ	350
舡	ㄍㄤ	402
舢	ㄕㄢ	418
舤	ㄈㄢ	301
舥	ㄆㄚ	503
舦	ㄊㄞ	271
舧	ㄈㄢ	283
舨	ㄅㄢ	505
舩	ㄈㄢ	283
舩	ㄔㄨㄢ	283
航	ㄏㄤ	1921
舫	ㄈㄤ	686
般	ㄅㄢ	5441
舭	ㄅㄧ	466
舮	ㄌㄨ	248
舯	ㄓㄨㄥ	526
舲	ㄌㄧㄥ	427
舳	ㄓㄨ	525
舴	ㄗㄜ	513
舵	ㄉㄨㄛ	769
舶	ㄅㄛ	669
舷	ㄒㄧㄢ	657
舸	ㄍㄜ	672
船	ㄔㄨㄢ	4964
舺	ㄒㄧㄚ	426
舼	ㄏㄨㄥ	284
舼	ㄑㄩㄥ	284
舽	ㄆㄤ	307
舽	ㄈㄥ	307
舾	ㄒㄧ	527
舿	ㄎㄨㄚ	329
艀	ㄈㄨ	215
艁	ㄗㄠ	275
艂	ㄈㄥ	439
艃	ㄌㄧ	247
艄	ㄕㄠ	531
艅	ㄩ	393
艆	ㄌㄤ	226
艇	ㄊㄧㄥ	988
艉	ㄨㄟ	580
艊	ㄅㄛ	208
艋	ㄇㄥ	537
艌	ㄋㄧㄢ	328
艌	ㄑㄧㄢ	328
艎	ㄏㄨㄤ	329
艏	ㄕㄡ	532
艐	ㄎㄜ	285
艐	ㄐㄧㄝ	285
艐	ㄗㄨㄥ	285
艑	ㄅㄧㄢ	295
艒	ㄇㄛ	358
艒	ㄇㄨ	358
艓	ㄉㄧㄝ	261
艔	ㄉㄠ	10
艕	ㄅㄤ	260
艖	ㄔㄚ	333
艗	ㄧ	241
艘	ㄙㄡ	1377
艙	ㄘㄤ	1326
艚	ㄘㄠ	545
艛	ㄌㄡ	253
艜	ㄉㄞ	294
艝	ㄒㄩㄝ	264
艞	ㄊㄧㄠ	221
艞	ㄧㄠ	221
艟	ㄔㄨㄥ	465
艡	ㄉㄤ	287
艢	ㄑㄧㄤ	288
艣	ㄌㄨ	55
艤	ㄧ	439
艥	ㄐㄧ	186
艦	ㄐㄧㄢ	1394
艧	ㄏㄨㄛ	430
艧	ㄨㄛ	430
艨	ㄇㄥ	516
艩	ㄑㄧ	316
艪	ㄌㄨ	229
艫	ㄌㄨ	577
艬	ㄔㄢ	245
艭	ㄕㄨㄤ	276
艮	ㄍㄣ	405
良	ㄌㄧㄤ	3628
艱	ㄐㄧㄢ	772
色	ㄕㄞ	85
色	ㄙㄜ	8407
艴	ㄈㄨ	386
艵	ㄆㄧㄥ	251
艶	ㄧㄢ	472
艷	ㄧㄢ	819
艸	ㄘㄠ	447
艹	ㄘㄠ	837
艻	ㄌㄜ	352
艼	ㄉㄧㄥ	401
艼	ㄊㄧㄥ	401
艽	ㄐㄧㄠ	569
艽	ㄑㄧㄡ	569
艾	ㄞ	3431
艿	ㄋㄞ	622
芀	ㄊㄧㄠ	316
芁	ㄐㄧㄠ	277
芃	ㄆㄥ	588
芄	ㄨㄢ	590
芅	ㄧ	354
芆	ㄔㄚ	261
芆	ㄔㄞ	261
芇	ㄇㄧㄢ	277
芉	ㄍㄢ	450
芊	ㄑㄧㄢ	729
芋	ㄩ	727
芌	ㄩ	220
芍	ㄕㄠ	641
芎	ㄑㄩㄥ	598
芎	ㄒㄩㄥ	598
芏	ㄉㄨ	639
芐	ㄏㄨ	611
芐	ㄒㄧㄚ	611
芑	ㄑㄧ	562
芒	ㄇㄤ	1194
芓	ㄗ	476
芔	ㄏㄨㄟ	375
芕	ㄙㄨㄟ	293
芖	ㄓ	316
芘	ㄆㄧ	575
芙	ㄈㄨ	1050
芚	ㄊㄨㄣ	287
芛	ㄨㄟ	325
芜	ㄨ	90
芝	ㄓ	1797
芞	ㄑㄧ	472
芟	ㄕㄢ	578
芠	ㄨㄣ	625
芡	ㄑㄧㄢ	651
芢	ㄖㄣ	429
芣	ㄈㄡ	679
芤	ㄎㄡ	558
芥	ㄐㄧㄝ	709
芦	ㄏㄨ	89
芧	ㄒㄩ	348
芨	ㄐㄧ	574
芩	ㄑㄧㄣ	647
芪	ㄑㄧ	644
芪	ㄔ	644
芫	ㄩㄢ	631
芬	ㄈㄣ	2058
芭	ㄅㄚ	930
芮	ㄖㄨㄟ	883
芯	ㄒㄧㄣ	94
芯	ㄒㄧㄣ	1788
芰	ㄐㄧ	614
花	ㄏㄨㄚ	24645
芲	ㄏㄨㄚ	387
芳	ㄈㄤ	3222
芴	ㄨ	561
芵	ㄐㄩㄝ	291
芶	ㄍㄡ	479
芷	ㄓ	991
芸	ㄩㄣ	1460
芹	ㄑㄧㄣ	985
芺	ㄠ	345
芻	ㄔㄨ	604
芼	ㄇㄠ	436
芽	ㄧㄚ	1322
芾	ㄈㄟ	331
芾	ㄈㄨ	331
芿	ㄖㄥ	396
苀	ㄏㄤ	318
苁	ㄘㄨㄥ	100
苂	ㄧㄣ	261
苃	ㄧㄡ	546
苄	ㄅㄧㄢ	664
苅	ㄧ	381
苉	ㄆㄧ	323
苊	ㄜ	603
苐	ㄉㄧ	498
苐	ㄊㄧ	498
苑	ㄩㄢ	2189
苒	ㄖㄢ	646
苓	ㄌㄧㄥ	775
苔	ㄊㄞ	454
苕	ㄊㄧㄠ	629
苕	ㄕㄠ	629
苖	ㄉㄧ	440
苗	ㄇㄧㄠ	2505
苙	ㄌㄧ	328
苚	ㄩㄥ	503
苛	ㄎㄜ	774
苜	ㄇㄨ	538
苝	ㄅㄟ	490
苞	ㄅㄠ	827
苟	ㄍㄡ	996
苠	ㄇㄧㄣ	434
苡	ㄧ	710
苢	ㄧ	366
苣	ㄐㄩ	641
苤	ㄆㄧㄝ	565
若	ㄖㄨㄛ	12123
苦	ㄎㄨ	5885
苧	ㄓㄨ	597
苨	ㄋㄧ	425
苩	ㄅㄛ	515
苩	ㄆㄚ	515
苪	ㄅㄧㄥ	378
苫	ㄕㄢ	604
苬	ㄒㄧㄡ	216
苭	ㄧㄠ	221
苮	ㄒㄧㄢ	421
苯	ㄅㄣ	1408
苰	ㄏㄨㄥ	297
英	ㄧㄥ	5454
苲	ㄓㄚ	283
苲	ㄗㄨㄛ	283
苳	ㄉㄨㄥ	421
苴	ㄐㄩ	565
苵	ㄉㄧㄝ	297
苶	ㄋㄧㄝ	414
苷	ㄍㄢ	831
苸	ㄏㄨ	501
苹	ㄆㄧㄥ	626
苺	ㄇㄟ	92
苻	ㄈㄨ	565
苼	ㄕㄥ	577
苼	ㄖㄨㄟ	577
苽	ㄍㄨ	538
苽	ㄍㄨㄚ	538
苾	ㄅㄧ	542
苿	ㄨㄟ	450
茀	ㄈㄨ	417
茁	ㄓㄨㄛ	576
茂	ㄇㄠ	1689
范	ㄈㄢ	3041
茄	ㄐㄧㄚ	55
茄	ㄑㄧㄝ	1040
茅	ㄇㄠ	1184
茆	ㄇㄠ	315
茇	ㄅㄚ	458
茈	ㄗ	554
茉	ㄇㄛ	762
茊	ㄗ	252
茋	ㄉㄧ	346
茌	ㄔ	473
茍	ㄐㄧ	30
茖	ㄍㄜ	421
茗	ㄇㄧㄥ	1062
茘	ㄌㄧ	329
茙	ㄖㄨㄥ	269
茚	ㄧㄣ	540
茛	ㄍㄣ	492
茜	ㄑㄧㄢ	1195
茜	ㄒㄧ	1195
茝	ㄓ	380
茝	ㄔㄞ	380
茞	ㄔㄣ	340
茟	ㄨㄟ	240
茟	ㄩ	240
茠	ㄒㄧㄡ	347
茡	ㄗ	424
茢	ㄌㄧㄝ	329
茣	ㄨ	263
茤	ㄉㄨㄛ	586
茤	ㄐㄧ	586
茥	ㄍㄨㄟ	234
茦	ㄘㄜ	236
茧	ㄔㄨㄥ	9
茨	ㄘ	1154
茩	ㄍㄡ	416
茪	ㄍㄨㄤ	448
茫	ㄇㄤ	786
茬	ㄔㄚ	975
茭	ㄐㄧㄠ	538
茮	ㄋㄧㄠ	369
茮	ㄐㄧㄠ	369
茯	ㄈㄨ	508
茰	ㄩ	205
茱	ㄓㄨ	651
茲	ㄗ	1754
茳	ㄐㄧㄤ	519
茴	ㄏㄨㄟ	625
茵	ㄧㄣ	1034
茶	ㄔㄚ	5688
茷	ㄈㄚ	318
茸	ㄖㄨㄥ	773
茹	ㄖㄨ	1335
茺	ㄔㄨㄥ	462
茻	ㄇㄤ	389
茻	ㄇㄨ	389
茼	ㄊㄨㄥ	582
茽	ㄓㄨㄥ	509
茾	ㄑㄧㄢ	256
茿	ㄓㄨ	346
荀	ㄒㄩㄣ	809
荁	ㄏㄨㄢ	313
荂	ㄈㄨ	338
荃	ㄑㄩㄢ	833
荄	ㄍㄞ	446
荅	ㄉㄚ	253
荇	ㄒㄧㄥ	621
荈	ㄔㄨㄢ	418
草	ㄘㄠ	8713
荊	ㄐㄧㄥ	1139
荋	ㄦ	424
荌	ㄢ	451
荍	ㄕㄡ	412
荎	ㄔ	303
荏	ㄖㄣ	589
荐	ㄐㄧㄢ	657
荑	ㄊㄧ	279
荑	ㄧ	279
荒	ㄏㄨㄤ	1393
荓	ㄆㄥ	316
荓	ㄆㄧㄥ	316
荔	ㄌㄧ	820
荕	ㄐㄧㄣ	334
荖	ㄌㄠ	549
荖	ㄔㄚ	549
荗	ㄕㄨ	385
荘	ㄓㄨㄤ	512
荢	ㄗ	430
荣	ㄘㄜ	1
荰	ㄉㄨ	387
荱	ㄨㄟ	411
荲	ㄌㄧ	369
荳	ㄉㄡ	247
荴	ㄈㄨ	309
荵	ㄖㄣ	366
荶	ㄧㄣ	379
荷	ㄏㄜ	406
荷	ㄏㄜ	1622
荸	ㄅㄧ	382
荹	ㄅㄨ	473
荹	ㄆㄨ	473
荺	ㄩㄣ	296
荻	ㄉㄧ	768
荼	ㄊㄨ	828
荽	ㄙㄨㄟ	495
荾	ㄙㄨㄟ	261
荿	ㄔㄥ	524
莀	ㄋㄨㄥ	328
莀	ㄔㄣ	328
莁	ㄨ	412
莂	ㄅㄧㄝ	587
莃	ㄒㄧ	489
莄	ㄍㄥ	466
莅	ㄌㄧ	410
莆	ㄆㄨ	660
莇	ㄓㄨ	376
莈	ㄇㄛ	599
莉	ㄌㄧ	1865
莊	ㄓㄨㄤ	4027
莋	ㄐㄧ	576
莋	ㄗㄨㄛ	576
莌	ㄊㄨㄛ	251
莍	ㄑㄧㄡ	347
莎	ㄕㄚ	706
莎	ㄙㄨㄛ	706
莏	ㄙㄨㄛ	317
莐	ㄔㄣ	365
莑	ㄆㄥ	288
莑	ㄈㄥ	288
莒	ㄐㄩ	629
莓	ㄇㄟ	739
莔	ㄇㄥ	578
莕	ㄒㄧㄥ	426
莖	ㄐㄧㄥ	1120
莗	ㄔㄜ	359
莘	ㄒㄧㄣ	410
莘	ㄕㄣ	410
莙	ㄐㄩㄣ	443
莚	ㄧㄢ	311
莛	ㄊㄧㄥ	503
莜	ㄉㄧ	616
莜	ㄉㄧㄠ	616
莜	ㄧㄡ	616
莝	ㄘㄨㄛ	320
莞	ㄍㄨㄢ	279
莞	ㄨㄢ	279
莟	ㄏㄢ	342
莠	ㄧㄡ	520
莡	ㄘㄨㄛ	228
莢	ㄐㄧㄚ	677
莣	ㄨㄤ	640
莤	ㄙㄨ	337
莤	ㄧㄡ	337
莥	ㄋㄧㄡ	289
莥	ㄖㄡ	289
莦	ㄕㄠ	333
莧	ㄒㄧㄢ	639
莨	ㄌㄤ	543
莩	ㄆㄧㄠ	273
莩	ㄈㄨ	273
莪	ㄜ	1267
莫	ㄇㄛ	5358
莬	ㄇㄧㄢ	345
莬	ㄨㄢ	345
莬	ㄨㄣ	345
莭	ㄐㄧㄝ	372
莮	ㄋㄢ	588
莯	ㄇㄨ	422
莰	ㄎㄢ	430
莵	ㄊㄨ	384
莽	ㄇㄤ	806
莾	ㄇㄤ	313
莿	ㄘ	398
菀	ㄨㄢ	665
菁	ㄐㄧㄥ	1041
菂	ㄉㄧ	707
菃	ㄑㄩ	336
菄	ㄉㄨㄥ	364
菅	ㄐㄧㄢ	668
菆	ㄗㄡ	300
菇	ㄍㄨ	958
菈	ㄌㄚ	632
菉	ㄌㄨ	430
菊	ㄐㄩ	1802
菋	ㄨㄟ	585
菌	ㄐㄩㄣ	976
菍	ㄋㄧㄝ	433
菍	ㄖㄣ	433
菎	ㄎㄨㄣ	306
菏	ㄏㄜ	613
菐	ㄆㄨ	279
菑	ㄗ	537
菒	ㄍㄠ	241
菓	ㄍㄨㄛ	596
菔	ㄈㄨ	596
菕	ㄌㄨㄣ	276
菖	ㄔㄤ	502
菗	ㄔㄡ	443
菘	ㄙㄨㄥ	614
菙	ㄔㄨㄟ	276
菚	ㄓㄢ	241
菛	ㄇㄣ	574
菜	ㄘㄞ	8482
菝	ㄅㄚ	509
菞	ㄌㄧ	212
菟	ㄊㄨ	608
菠	ㄅㄛ	572
菡	ㄏㄢ	709
菢	ㄅㄠ	506
菣	ㄑㄧㄣ	224
菤	ㄐㄩㄢ	443
菥	ㄒㄧ	502
菥	ㄙ	502
菦	ㄑㄧㄣ	431
菧	ㄉㄧ	390
菨	ㄐㄧㄝ	312
菨	ㄕㄚ	312
菩	ㄆㄨ	642
菪	ㄉㄤ	551
菫	ㄐㄧㄣ	29
菬	ㄑㄧㄠ	280
菬	ㄓㄠ	280
菭	ㄊㄞ	319
菭	ㄓ	319
菭	ㄔ	319
菮	ㄍㄥ	264
華	ㄏㄨㄚ	80
華	ㄏㄨㄚ	7906
菰	ㄍㄨ	610
菱	ㄌㄧㄥ	1074
菲	ㄈㄟ	26
菲	ㄈㄟ	2545
菳	ㄐㄧㄣ	393
菳	ㄑㄧㄣ	393
菴	ㄢ	1022
菵	ㄨㄤ	313
菶	ㄅㄥ	359
菷	ㄓㄡ	220
菸	ㄧㄢ	1701
菸	ㄩ	17
菹	ㄗㄨ	556
菺	ㄐㄧㄢ	374
菻	ㄌㄧㄣ	451
菼	ㄊㄢ	350
菽	ㄕㄨ	596
菾	ㄊㄧㄢ	358
菿	ㄉㄠ	689
萀	ㄏㄨ	274
萁	ㄑㄧ	595
萂	ㄏㄜ	481
萃	ㄘㄨㄟ	782
萄	ㄊㄠ	602
萅	ㄔㄨㄣ	235
萆	ㄅㄧ	540
萇	ㄔㄤ	631
萈	ㄏㄨㄢ	251
萉	ㄈㄟ	402
萉	ㄈㄨ	402
萊	ㄌㄞ	1920
萋	ㄑㄧ	504
萌	ㄇㄥ	1749
萍	ㄆㄧㄥ	2048
萎	ㄨㄟ	364
萏	ㄉㄢ	468
萐	ㄕㄚ	349
萑	ㄊㄨㄟ	52
萑	ㄏㄨㄢ	261
萑	ㄓㄨㄟ	209
萒	ㄐㄩㄢ	239
萒	ㄧㄢ	239
萓	ㄧ	307
萔	ㄊㄧㄠ	200
萕	ㄑㄧ	278
萖	ㄨㄢ	284
萗	ㄘㄜ	230
萘	ㄋㄞ	699
萛	ㄐㄧㄡ	295
萜	ㄊㄧㄝ	621
萟	ㄧ	202
萠	ㄇㄥ	500
萢	ㄆㄠ	515
萣	ㄉㄧㄥ	536
萩	ㄑㄧㄡ	532
萪	ㄎㄜ	391
萫	ㄒㄧㄤ	451
萬	ㄨㄢ	26364
萭	ㄐㄩ	427
萭	ㄩ	427
萮	ㄩ	370
萯	ㄅㄟ	382
萯	ㄈㄨ	382
萰	ㄌㄧㄢ	207
萱	ㄒㄩㄢ	1094
萲	ㄒㄩㄢ	236
萳	ㄋㄢ	376
萴	ㄗㄜ	278
萵	ㄨㄛ	551
萶	ㄔㄨㄣ	330
萷	ㄒㄧㄠ	335
萷	ㄕㄠ	335
萷	ㄕㄨㄛ	335
萸	ㄩ	616
萹	ㄆㄧㄢ	26
萺	ㄇㄠ	357
萺	ㄇㄨ	357
萻	ㄢ	328
萼	ㄜ	676
落	ㄌㄚ	307
落	ㄌㄨㄛ	5838
萾	ㄧㄥ	272
萿	ㄎㄨㄛ	566
萿	ㄏㄨㄛ	566
葀	ㄎㄨㄛ	310
葁	ㄐㄧㄤ	336
葂	ㄇㄧㄢ	306
葃	ㄗㄜ	474
葃	ㄗㄨㄛ	474
葄	ㄗㄨㄛ	299
葅	ㄗㄨ	311
葆	ㄅㄠ	799
葇	ㄖㄡ	381
葈	ㄒㄧ	224
葉	ㄕㄜ	76
葉	ㄧㄝ	7534
葊	ㄢ	244
葋	ㄑㄩ	239
葌	ㄐㄧㄢ	256
葍	ㄈㄨ	395
葎	ㄌㄩ	455
葏	ㄐㄧㄥ	224
葐	ㄆㄣ	286
葐	ㄈㄣ	286
葑	ㄈㄥ	619
葒	ㄏㄨㄥ	600
葓	ㄏㄨㄥ	340
葔	ㄏㄡ	498
葕	ㄧㄢ	278
葖	ㄊㄨ	408
著	ㄓㄨ	4115
葘	ㄗ	269
葙	ㄒㄧㄤ	593
葚	ㄕㄣ	261
葚	ㄖㄣ	261
葛	ㄍㄜ	1095
葜	ㄑㄧㄚ	522
葝	ㄐㄧㄥ	355
葝	ㄑㄧㄥ	355
葞	ㄇㄧ	246
葟	ㄏㄨㄤ	282
葠	ㄕㄣ	300
葡	ㄆㄨ	845
葢	ㄍㄞ	367
董	ㄉㄨㄥ	3319
葤	ㄓㄡ	332
葥	ㄑㄧㄢ	426
葦	ㄨㄟ	953
葧	ㄅㄛ	273
葨	ㄨㄟ	291
葩	ㄆㄚ	595
葪	ㄐㄧ	193
葫	ㄏㄨ	586
葬	ㄗㄤ	1237
葭	ㄐㄧㄚ	661
葮	ㄉㄨㄢ	454
葯	ㄧㄠ	613
葰	ㄐㄩㄣ	537
葰	ㄙㄨㄛ	537
葰	ㄙㄨㄟ	537
葱	ㄔㄨㄤ	340
葱	ㄘㄨㄥ	340
葲	ㄑㄩㄢ	330
葳	ㄨㄟ	652
葴	ㄓㄣ	286
葵	ㄎㄨㄟ	1131
葶	ㄊㄧㄥ	568
葷	ㄏㄨㄣ	554
葷	ㄒㄩㄣ	554
葸	ㄒㄧ	457
葹	ㄕ	344
葺	ㄑㄧ	503
葻	ㄌㄢ	374
葼	ㄗㄨㄥ	269
葽	ㄧㄠ	635
葾	ㄩㄢ	374
葿	ㄇㄟ	326
蒀	ㄩㄣ	253
蒁	ㄕㄨ	305
蒂	ㄉㄧ	1625
蒃	ㄓㄨㄢ	272
蒄	ㄍㄨㄢ	400
蒆	ㄒㄩㄝ	224
蒈	ㄎㄞ	377
蒍	ㄎㄨㄟ	509
蒍	ㄏㄨㄚ	509
蒍	ㄜ	509
蒍	ㄨㄟ	509
蒎	ㄆㄞ	493
蒏	ㄧㄡ	272
蒐	ㄙㄡ	1921
蒑	ㄧㄣ	273
蒒	ㄕ	356
蒓	ㄔㄨㄣ	301
蒔	ㄕ	623
蒕	ㄩㄣ	209
蒖	ㄓㄣ	474
蒗	ㄌㄤ	485
蒘	ㄋㄚ	244
蒘	ㄖㄨ	244
蒙	ㄇㄥ	141
蒙	ㄇㄥ	563
蒙	ㄇㄥ	2111
蒚	ㄌㄧ	362
蒛	ㄑㄩㄝ	471
蒜	ㄙㄨㄢ	1177
蒝	ㄏㄨㄢ	521
蒝	ㄩㄢ	521
蒞	ㄌㄧ	640
蒟	ㄐㄩ	400
蒠	ㄒㄧ	401
蒡	ㄅㄤ	394
蒢	ㄔㄨ	440
蒣	ㄒㄩ	339
蒣	ㄕㄨ	339
蒤	ㄊㄨ	399
蒥	ㄌㄧㄡ	378
蒦	ㄏㄨㄛ	545
蒧	ㄉㄧㄢ	295
蒨	ㄑㄧㄢ	467
蒩	ㄐㄧ	368
蒩	ㄐㄩ	368
蒩	ㄗㄨ	368
蒪	ㄆㄛ	259
蒫	ㄘㄨㄛ	226
蒬	ㄩㄢ	232
蒭	ㄔㄨ	277
蒮	ㄩ	251
蒯	ㄎㄨㄞ	626
蒰	ㄆㄢ	225
蒱	ㄆㄨ	350
蒲	ㄆㄨ	1324
蒳	ㄋㄚ	411
蒴	ㄕㄨㄛ	465
蒵	ㄒㄧ	246
蒶	ㄈㄣ	481
蒷	ㄩㄣ	257
蒸	ㄓㄥ	2169
蒹	ㄐㄧㄢ	437
蒺	ㄐㄧ	400
蒻	ㄖㄨㄛ	406
蒼	ㄘㄤ	1621
蒽	ㄣ	724
蒾	ㄇㄧ	525
蒿	ㄏㄠ	793
蓀	ㄙㄨㄣ	601
蓁	ㄓㄣ	536
蓂	ㄇㄧㄥ	442
蓃	ㄙㄡ	271
蓄	ㄒㄩ	1115
蓅	ㄌㄧㄡ	598
蓆	ㄒㄧ	701
蓇	ㄍㄨ	422
蓈	ㄌㄤ	324
蓉	ㄖㄨㄥ	1545
蓊	ㄨㄥ	458
蓋	ㄍㄜ	204
蓋	ㄍㄞ	4900
蓌	ㄘㄨㄛ	206
蓍	ㄕ	505
蓎	ㄊㄤ	283
蓏	ㄌㄨㄛ	336
蓐	ㄖㄨ	490
蓑	ㄙㄨㄛ	571
蓒	ㄒㄩㄢ	446
蓓	ㄅㄟ	839
蓔	ㄓㄨㄛ	174
蓔	ㄧㄠ	174
蓕	ㄍㄨㄟ	310
蓖	ㄅㄧ	597
蓗	ㄗㄨㄥ	390
蓘	ㄍㄨㄣ	304
蓙	ㄗㄨㄛ	509
蓚	ㄊㄧㄠ	286
蓛	ㄘㄜ	193
蓜	ㄆㄟ	513
蓤	ㄌㄥ	340
蓤	ㄌㄧㄥ	340
蓧	ㄉㄧㄠ	437
蓨	ㄊㄧㄠ	326
蓨	ㄒㄧㄡ	326
蓩	ㄇㄠ	256
蓪	ㄊㄨㄥ	353
蓫	ㄓㄨ	297
蓬	ㄆㄥ	1105
蓭	ㄢ	308
蓮	ㄌㄧㄢ	2228
蓯	ㄘㄨㄥ	632
蓰	ㄒㄧ	387
蓱	ㄆㄧㄥ	397
蓲	ㄈㄨ	268
蓲	ㄑㄧㄡ	268
蓲	ㄒㄩ	268
蓲	ㄡ	268
蓳	ㄐㄧㄣ	352
蓴	ㄔㄨㄣ	623
蓵	ㄐㄧㄝ	292
蓶	ㄨㄟ	509
蓷	ㄊㄨㄟ	368
蓸	ㄘㄠ	319
蓹	ㄩ	345
蓺	ㄧ	317
蓻	ㄐㄩ	283
蓻	ㄗ	283
蓼	ㄌㄧㄠ	309
蓼	ㄌㄨ	309
蓽	ㄅㄧ	534
蓾	ㄌㄨ	219
蓿	ㄒㄩ	510
蔀	ㄅㄨ	490
蔁	ㄓㄤ	273
蔃	ㄑㄧㄤ	375
蔄	ㄇㄢ	316
蔅	ㄧㄢ	221
蔆	ㄌㄧㄥ	150
蔇	ㄐㄧ	501
蔈	ㄅㄧㄠ	269
蔈	ㄆㄧㄠ	269
蔉	ㄍㄨㄣ	370
蔊	ㄏㄢ	369
蔋	ㄉㄧ	318
蔌	ㄙㄨ	463
蔍	ㄌㄨ	348
蔍	ㄘㄨ	348
蔎	ㄕㄜ	366
蔏	ㄕㄤ	315
蔐	ㄉㄧ	250
蔑	ㄇㄧㄝ	619
蔒	ㄒㄩㄣ	244
蔓	ㄇㄢ	496
蔔	ㄅㄛ	983
蔕	ㄉㄧ	404
蔖	ㄓㄚ	243
蔖	ㄘㄨ	243
蔖	ㄘㄨㄛ	243
蔗	ㄓㄜ	691
蔘	ㄕㄣ	853
蔙	ㄒㄩㄢ	385
蔚	ㄨㄟ	1067
蔚	ㄩ	56
蔛	ㄏㄨ	247
蔜	ㄠ	278
蔝	ㄇㄧ	364
蔞	ㄌㄡ	527
蔟	ㄘㄨ	528
蔠	ㄓㄨㄥ	548
蔡	ㄘㄞ	3374
蔢	ㄅㄛ	486
蔢	ㄆㄛ	486
蔣	ㄐㄧㄤ	3297
蔤	ㄇㄧ	384
蔥	ㄘㄨㄥ	1615
蔦	ㄋㄧㄠ	601
蔧	ㄏㄨㄟ	252
蔨	ㄐㄩㄢ	304
蔨	ㄐㄩㄣ	304
蔩	ㄧㄣ	225
蔪	ㄐㄧㄢ	294
蔪	ㄕㄢ	294
蔫	ㄋㄧㄢ	755
蔬	ㄕㄨ	686
蔭	ㄧㄣ	928
蔮	ㄍㄨㄛ	291
蔯	ㄔㄣ	436
蔰	ㄏㄨ	193
蔱	ㄕㄚ	405
蔲	ㄎㄡ	350
蔳	ㄑㄧㄢ	262
蔴	ㄇㄚ	445
蔵	ㄘㄤ	533
蔸	ㄉㄡ	621
蔻	ㄎㄡ	680
蔽	ㄅㄧ	790
蔾	ㄌㄧ	325
蔿	ㄨㄟ	427
蕀	ㄐㄧ	308
蕁	ㄊㄢ	702
蕁	ㄑㄧㄢ	702
蕁	ㄒㄩㄣ	702
蕂	ㄕㄥ	276
蕃	ㄈㄢ	702
蕄	ㄇㄥ	259
蕅	ㄡ	471
蕆	ㄔㄢ	457
蕇	ㄉㄧㄢ	276
蕈	ㄒㄩㄣ	555
蕉	ㄐㄧㄠ	810
蕊	ㄖㄨㄟ	1136
蕋	ㄖㄨㄟ	304
蕌	ㄌㄟ	283
蕍	ㄩ	290
蕎	ㄑㄧㄠ	608
蕏	ㄔㄨ	480
蕐	ㄏㄨㄚ	383
蕑	ㄐㄧㄢ	314
蕒	ㄇㄞ	457
蕓	ㄩㄣ	483
蕔	ㄅㄠ	380
蕕	ㄧㄡ	587
蕖	ㄑㄩ	528
蕗	ㄌㄨ	564
蕘	ㄖㄠ	443
蕙	ㄏㄨㄟ	858
蕚	ㄜ	269
蕛	ㄊㄧ	269
蕜	ㄈㄟ	530
蕝	ㄐㄩㄝ	497
蕞	ㄗㄨㄟ	671
蕟	ㄈㄚ	493
蕟	ㄈㄟ	493
蕠	ㄖㄨ	309
蕡	ㄈㄣ	395
蕢	ㄎㄨㄟ	454
蕣	ㄕㄨㄣ	394
蕤	ㄖㄨㄟ	541
蕥	ㄧㄚ	501
蕦	ㄒㄩ	288
蕧	ㄈㄨ	264
蕨	ㄐㄩㄝ	626
蕩	ㄉㄤ	958
蕪	ㄨ	762
蕫	ㄉㄨㄥ	377
蕬	ㄙ	376
蕭	ㄒㄧㄠ	2948
蕮	ㄒㄧ	199
蕯	ㄌㄨㄥ	353
蕱	ㄕㄠ	211
蕱	ㄕㄨㄛ	211
蕳	ㄐㄧㄢ	417
蕵	ㄙㄨㄣ	240
蕶	ㄌㄧㄥ	527
蕷	ㄩ	394
蕸	ㄒㄧㄚ	347
蕹	ㄨㄥ	509
蕺	ㄐㄧ	460
蕻	ㄏㄨㄥ	481
蕼	ㄙ	328
蕽	ㄋㄨㄥ	231
蕾	ㄌㄟ	1553
蕿	ㄒㄩㄢ	250
薀	ㄩㄣ	446
薁	ㄩ	337
薂	ㄒㄧ	215
薂	ㄒㄧㄠ	215
薃	ㄏㄠ	305
薄	ㄅㄛ	302
薄	ㄅㄛ	2418
薄	ㄅㄠ	302
薅	ㄏㄠ	550
薆	ㄞ	645
薇	ㄨㄟ	1872
薈	ㄏㄨㄟ	729
薉	ㄨㄟ	303
薊	ㄐㄧ	743
薋	ㄗ	356
薋	ㄘ	356
薌	ㄒㄧㄤ	607
薍	ㄌㄨㄢ	527
薍	ㄨㄢ	527
薎	ㄇㄧㄝ	290
薏	ㄧ	621
薐	ㄌㄥ	323
薑	ㄐㄧㄤ	2029
薒	ㄘㄢ	263
薓	ㄕㄣ	286
薔	ㄑㄧㄤ	744
薕	ㄌㄧㄢ	325
薖	ㄎㄜ	369
薗	ㄩㄢ	367
薘	ㄉㄚ	410
薙	ㄊㄧ	309
薚	ㄊㄤ	303
薛	ㄒㄩㄝ	2686
薜	ㄅㄧ	604
薝	ㄓㄢ	326
薞	ㄙㄨㄣ	280
薟	ㄌㄧㄢ	534
薟	ㄎㄢ	534
薟	ㄒㄧㄢ	534
薟	ㄧㄢ	534
薠	ㄈㄢ	476
薡	ㄉㄧㄥ	388
薢	ㄒㄧㄠ	435
薣	ㄍㄨ	328
薤	ㄒㄧㄝ	525
薥	ㄓㄨ	269
薥	ㄕㄨ	269
薦	ㄐㄧㄢ	1106
薧	ㄎㄠ	260
薨	ㄏㄨㄥ	600
薩	ㄙㄚ	2761
薪	ㄒㄧㄣ	1212
薫	ㄒㄩㄣ	496
薬	ㄧㄠ	509
薯	ㄕㄨ	811
薰	ㄒㄩㄣ	1679
薱	ㄉㄨㄟ	538
薲	ㄆㄧㄣ	266
薳	ㄨㄟ	4
薴	ㄋㄧㄥ	78
薵	ㄉㄠ	297
薵	ㄓㄡ	297
薵	ㄔㄡ	297
薶	ㄇㄞ	321
薷	ㄖㄨ	516
薸	ㄆㄧㄠ	438
薹	ㄊㄞ	752
薺	ㄐㄧ	500
薺	ㄑㄧ	56
薻	ㄗㄠ	237
薼	ㄔㄣ	320
薽	ㄓㄣ	261
薾	ㄦ	399
薿	ㄋㄧ	392
藀	ㄧㄥ	249
藁	ㄍㄠ	522
藂	ㄘㄨㄥ	361
藃	ㄏㄜ	219
藃	ㄏㄠ	219
藃	ㄒㄧㄠ	219
藄	ㄑㄧ	284
藅	ㄈㄚ	309
藆	ㄐㄧㄢ	195
藇	ㄒㄩ	316
藈	ㄎㄨㄟ	285
藉	ㄐㄧ	3042
藉	ㄐㄧㄝ	3042
藊	ㄅㄧㄢ	267
藋	ㄉㄧㄠ	320
藌	ㄇㄧ	437
藍	ㄌㄢ	8584
藎	ㄐㄧㄣ	553
藏	ㄗㄤ	1782
藏	ㄘㄤ	1782
藐	ㄇㄧㄠ	625
藑	ㄑㄩㄥ	244
藒	ㄑㄧㄝ	437
藕	ㄡ	1203
藖	ㄑㄧㄢ	262
藖	ㄒㄧㄢ	262
藗	ㄙㄨ	220
藘	ㄌㄩ	305
藙	ㄧ	353
藚	ㄒㄩ	158
藛	ㄒㄧㄝ	384
藜	ㄌㄧ	652
藝	ㄧ	2063
藞	ㄌㄚ	374
藟	ㄌㄟ	388
藠	ㄐㄧㄠ	428
藡	ㄉㄧ	274
藢	ㄓ	251
藣	ㄅㄟ	223
藤	ㄊㄥ	1664
藥	ㄧㄠ	8784
藦	ㄇㄛ	427
藧	ㄏㄨㄢ	310
藨	ㄅㄧㄠ	406
藩	ㄈㄢ	817
藪	ㄙㄡ	588
藫	ㄊㄢ	248
藬	ㄊㄨㄟ	248
藭	ㄑㄩㄥ	264
藮	ㄑㄧㄠ	222
藯	ㄨㄟ	390
藰	ㄌㄧㄡ	334
藱	ㄏㄨㄟ	167
藲	ㄕㄨ	285
藲	ㄡ	285
藳	ㄍㄠ	293
藶	ㄌㄧ	530
藷	ㄕㄨ	1
藸	ㄓㄚ	471
藸	ㄓㄨ	471
藸	ㄔㄨ	471
藹	ㄞ	617
藺	ㄌㄧㄣ	735
藻	ㄗㄠ	1014
藼	ㄒㄩㄢ	229
藽	ㄑㄧㄣ	452
藾	ㄌㄞ	414
藿	ㄏㄨㄛ	538
蘀	ㄊㄨㄛ	491
蘁	ㄨ	274
蘂	ㄖㄨㄟ	375
蘃	ㄖㄨㄟ	173
蘄	ㄑㄧ	556
蘅	ㄏㄥ	630
蘆	ㄌㄨ	1013
蘇	ㄙㄨ	5450
蘈	ㄊㄨㄟ	373
蘉	ㄇㄤ	248
蘉	ㄇㄥ	248
蘊	ㄩㄣ	1053
蘋	ㄆㄧㄣ	412
蘋	ㄆㄧㄥ	412
蘌	ㄩ	200
蘍	ㄒㄩㄣ	201
蘎	ㄐㄧ	194
蘏	ㄐㄩㄥ	307
蘐	ㄒㄩㄢ	313
蘑	ㄇㄛ	639
蘓	ㄙㄨ	323
蘕	ㄆㄥ	217
蘗	ㄋㄧㄝ	3
蘘	ㄖㄤ	401
蘙	ㄧ	271
蘚	ㄒㄧㄢ	616
蘛	ㄩ	183
蘜	ㄐㄩ	243
蘝	ㄌㄧㄢ	250
蘞	ㄌㄧㄢ	432
蘟	ㄧㄣ	326
蘠	ㄑㄧㄤ	310
蘡	ㄧㄥ	281
蘢	ㄌㄨㄥ	588
蘣	ㄊㄡ	245
蘤	ㄨㄟ	322
蘥	ㄩㄝ	263
蘦	ㄌㄧㄥ	272
蘧	ㄑㄩ	545
蘨	ㄧㄠ	234
蘩	ㄈㄢ	553
蘪	ㄇㄟ	315
蘫	ㄌㄢ	441
蘫	ㄏㄢ	441
蘬	ㄍㄨㄟ	285
蘬	ㄎㄨㄟ	285
蘬	ㄏㄨㄟ	285
蘭	ㄌㄢ	5072
蘮	ㄐㄧ	189
蘯	ㄉㄤ	295
蘰	ㄇㄢ	428
蘱	ㄌㄟ	320
蘲	ㄌㄟ	199
蘳	ㄏㄨㄟ	210
蘴	ㄈㄥ	278
蘴	ㄙㄨㄥ	278
蘵	ㄓ	265
蘶	ㄨㄟ	340
蘸	ㄓㄢ	1035
蘹	ㄏㄨㄞ	358
蘺	ㄌㄧ	573
蘻	ㄐㄧ	271
蘼	ㄇㄧ	606
蘽	ㄌㄟ	272
蘾	ㄏㄨㄞ	432
蘿	ㄌㄨㄛ	1016
虀	ㄐㄧ	317
虁	ㄎㄨㄟ	244
虂	ㄌㄨ	394
虃	ㄐㄧㄢ	201
虆	ㄌㄟ	499
虇	ㄑㄩㄢ	187
虈	ㄒㄧㄠ	297
虉	ㄧ	274
虊	ㄌㄨㄢ	193
虋	ㄇㄣ	242
虌	ㄅㄧㄝ	274
虍	ㄏㄨ	193
虎	ㄏㄨ	3753
虐	ㄋㄩㄝ	1449
虑	ㄅㄧ	1
虒	ㄙ	413
虓	ㄒㄧㄠ	439
虔	ㄑㄧㄢ	669
處	ㄔㄨ	2940
處	ㄔㄨ	11760
虖	ㄏㄨ	334
虗	ㄒㄩ	343
虘	ㄘㄨㄛ	270
虙	ㄈㄨ	305
虛	ㄒㄩ	2838
虜	ㄌㄨ	776
虝	ㄏㄨ	219
虞	ㄩ	1245
號	ㄏㄠ	712
號	ㄏㄠ	70535
虠	ㄏㄠ	220
虠	ㄐㄧㄠ	220
虡	ㄐㄩ	340
虢	ㄍㄨㄛ	621
虣	ㄅㄠ	243
虤	ㄧㄢ	339
虥	ㄓㄢ	208
虦	ㄓㄢ	224
虧	ㄎㄨㄟ	5763
虨	ㄅㄧㄣ	251
虩	ㄒㄧ	358
虪	ㄕㄨ	214
虫	ㄏㄨㄟ	1159
虫	ㄔㄨㄥ	1159
虬	ㄑㄧㄡ	100
虭	ㄉㄠ	289
虭	ㄉㄧㄠ	289
虮	ㄐㄧ	100
虯	ㄑㄧㄡ	653
虰	ㄉㄧㄥ	337
虰	ㄔㄥ	337
虱	ㄕ	131
虳	ㄐㄩㄝ	342
虴	ㄓㄜ	306
虵	ㄕㄜ	442
虶	ㄩ	271
虷	ㄍㄢ	408
虸	ㄗ	401
虹	ㄏㄨㄥ	1802
虹	ㄐㄧㄤ	18
虺	ㄏㄨㄟ	286
虻	ㄇㄥ	628
虼	ㄍㄜ	559
蚄	ㄅㄤ	295
蚄	ㄈㄤ	295
蚅	ㄜ	299
蚆	ㄅㄚ	378
蚇	ㄔ	290
蚈	ㄑㄧㄢ	299
蚉	ㄨㄣ	326
蚊	ㄨㄣ	1462
蚋	ㄖㄨㄟ	545
蚌	ㄅㄤ	388
蚌	ㄅㄥ	388
蚍	ㄆㄧ	521
蚎	ㄩㄝ	328
蚏	ㄩㄝ	372
蚐	ㄐㄩㄣ	331
蚑	ㄑㄧ	334
蚒	ㄊㄨㄥ	239
蚓	ㄧㄣ	586
蚔	ㄑㄧ	300
蚖	ㄩㄢ	366
蚗	ㄐㄩㄝ	336
蚗	ㄑㄩㄝ	336
蚘	ㄏㄨㄟ	339
蚙	ㄑㄧㄢ	225
蚙	ㄑㄧㄣ	225
蚚	ㄑㄧ	364
蚛	ㄓㄨㄥ	351
蚜	ㄧㄚ	670
蚝	ㄏㄠ	569
蚝	ㄘ	569
蚞	ㄇㄨ	279
蚟	ㄨㄤ	349
蚠	ㄈㄣ	256
蚡	ㄈㄣ	435
蚢	ㄏㄤ	245
蚣	ㄍㄨㄥ	544
蚤	ㄗㄠ	628
蚥	ㄈㄨ	276
蚦	ㄖㄢ	348
蚧	ㄐㄧㄝ	606
蚨	ㄈㄨ	579
蚩	ㄔ	593
蚪	ㄉㄡ	575
蚫	ㄅㄠ	241
蚫	ㄆㄠ	241
蚭	ㄋㄧ	241
蚮	ㄊㄜ	314
蚯	ㄑㄧㄡ	532
蚰	ㄧㄡ	545
蚱	ㄓㄚ	541
蚲	ㄆㄧㄥ	233
蚳	ㄔ	336
蚴	ㄧㄡ	608
蚵	ㄜ	560
蚶	ㄏㄢ	562
蚷	ㄐㄩ	426
蚸	ㄌㄧ	206
蚹	ㄈㄨ	264
蚺	ㄖㄢ	521
蚻	ㄓㄚ	250
蚼	ㄍㄡ	252
蚼	ㄑㄩ	252
蚼	ㄒㄩ	252
蚽	ㄆㄧ	253
蚾	ㄅㄛ	317
蚾	ㄆㄧ	317
蚿	ㄒㄧㄢ	394
蛀	ㄓㄨ	624
蛁	ㄉㄧㄠ	288
蛂	ㄅㄧㄝ	244
蛃	ㄅㄧㄥ	272
蛄	ㄍㄨ	561
蛅	ㄖㄢ	277
蛆	ㄑㄩ	839
蛇	ㄕㄜ	2858
蛈	ㄊㄧㄝ	300
蛉	ㄌㄧㄥ	592
蛋	ㄉㄢ	3617
蛌	ㄍㄨ	259
蛍	ㄧㄥ	455
蛐	ㄑㄩ	595
蛑	ㄇㄡ	545
蛒	ㄌㄨㄛ	242
蛒	ㄍㄜ	242
蛓	ㄘ	287
蛔	ㄏㄨㄟ	625
蛕	ㄏㄨㄟ	267
蛖	ㄅㄤ	249
蛖	ㄇㄤ	249
蛗	ㄈㄨ	226
蛘	ㄧㄤ	603
蛙	ㄨㄚ	1054
蛚	ㄌㄧㄝ	250
蛛	ㄓㄨ	701
蛜	ㄧ	343
蛝	ㄒㄧㄢ	198
蛞	ㄎㄨㄛ	551
蛟	ㄐㄧㄠ	781
蛠	ㄌㄧ	207
蛡	ㄒㄩ	194
蛡	ㄧ	194
蛢	ㄆㄧㄥ	249
蛣	ㄐㄧㄝ	287
蛤	ㄍㄜ	466
蛤	ㄏㄚ	466
蛥	ㄕㄜ	305
蛦	ㄧ	279
蛧	ㄨㄤ	422
蛨	ㄇㄛ	231
蛩	ㄑㄩㄥ	608
蛪	ㄋㄧ	256
蛪	ㄑㄧㄝ	256
蛫	ㄍㄨㄟ	291
蛬	ㄑㄩㄥ	251
蛭	ㄓ	649
蛯	ㄌㄠ	470
蛵	ㄒㄧㄥ	182
蛶	ㄐㄧㄝ	174
蛷	ㄑㄧㄡ	224
蛸	ㄒㄧㄠ	248
蛸	ㄕㄠ	248
蛹	ㄩㄥ	735
蛺	ㄐㄧㄚ	538
蛻	ㄊㄨㄟ	689
蛼	ㄔㄜ	292
蛽	ㄅㄞ	247
蛾	ㄜ	970
蛿	ㄏㄢ	256
蜀	ㄕㄨ	1206
蜁	ㄒㄩㄢ	242
蜂	ㄈㄥ	1161
蜃	ㄕㄣ	681
蜄	ㄓㄣ	226
蜄	ㄕㄣ	226
蜅	ㄈㄨ	250
蜆	ㄒㄧㄢ	615
蜇	ㄓㄜ	315
蜈	ㄨ	629
蜉	ㄈㄨ	420
蜊	ㄌㄧ	421
蜋	ㄌㄤ	314
蜋	ㄌㄧㄤ	314
蜌	ㄅㄧ	262
蜍	ㄔㄨ	398
蜎	ㄩㄢ	369
蜏	ㄧㄡ	166
蜐	ㄐㄧㄝ	233
蜑	ㄉㄢ	435
蜒	ㄧㄢ	570
蜓	ㄊㄧㄥ	592
蜔	ㄉㄧㄢ	236
蜖	ㄏㄨㄟ	220
蜘	ㄓ	553
蜙	ㄙㄨㄥ	228
蜚	ㄈㄟ	544
蜛	ㄐㄩ	290
蜜	ㄇㄧ	1632
蜝	ㄑㄧ	225
蜞	ㄑㄧ	494
蜟	ㄩ	245
蜠	ㄐㄩㄣ	241
蜡	ㄑㄩ	284
蜡	ㄓㄚ	284
蜢	ㄇㄥ	448
蜣	ㄑㄧㄤ	360
蜤	ㄒㄧ	256
蜤	ㄙ	256
蜥	ㄒㄧ	624
蜦	ㄌㄨㄣ	233
蜧	ㄌㄧ	247
蜨	ㄉㄧㄝ	295
蜩	ㄊㄧㄠ	488
蜪	ㄊㄠ	279
蜫	ㄎㄨㄣ	231
蜬	ㄏㄢ	235
蜭	ㄏㄢ	193
蜮	ㄩ	447
蜯	ㄅㄤ	406
蜰	ㄈㄟ	331
蜱	ㄆㄧ	566
蜲	ㄨㄟ	239
蜳	ㄉㄨㄣ	254
蜳	ㄊㄨㄣ	254
蜴	ㄧ	454
蜵	ㄩㄢ	203
蜵	ㄩㄣ	203
蜶	ㄙㄨㄛ	257
蜷	ㄑㄩㄢ	699
蜸	ㄑㄧㄢ	221
蜹	ㄖㄨㄟ	280
蜹	ㄨㄟ	280
蜺	ㄋㄧ	103
蜻	ㄑㄧㄥ	509
蜼	ㄊㄨㄥ	314
蜼	ㄨㄟ	314
蜽	ㄌㄧㄤ	263
蜾	ㄍㄨㄛ	431
蜿	ㄨㄢ	538
蝀	ㄉㄨㄥ	380
蝁	ㄜ	231
蝂	ㄅㄢ	494
蝃	ㄉㄧ	349
蝅	ㄘㄢ	252
蝆	ㄧㄤ	192
蝋	ㄌㄚ	329
蝌	ㄎㄜ	483
蝍	ㄐㄧ	275
蝎	ㄏㄜ	99
蝎	ㄒㄧㄝ	1
蝏	ㄊㄧㄥ	328
蝐	ㄇㄠ	256
蝑	ㄒㄧㄝ	230
蝑	ㄒㄩ	230
蝒	ㄇㄧㄢ	297
蝓	ㄩ	372
蝔	ㄐㄧㄝ	188
蝕	ㄕ	977
蝖	ㄒㄩㄢ	215
蝗	ㄏㄨㄤ	710
蝘	ㄧㄢ	325
蝙	ㄅㄧㄢ	452
蝚	ㄋㄠ	265
蝚	ㄖㄡ	265
蝛	ㄨㄟ	220
蝜	ㄈㄨ	367
蝝	ㄩㄢ	278
蝞	ㄇㄟ	211
蝟	ㄨㄟ	523
蝠	ㄈㄨ	662
蝡	ㄖㄨㄢ	251
蝢	ㄒㄧㄝ	186
蝣	ㄧㄡ	434
蝤	ㄑㄧㄡ	379
蝥	ㄇㄠ	394
蝦	ㄒㄧㄚ	2368
蝧	ㄧㄥ	188
蝨	ㄕ	747
蝩	ㄓㄨㄥ	284
蝩	ㄔㄨㄥ	284
蝪	ㄊㄤ	353
蝫	ㄓㄨ	215
蝬	ㄗㄨㄥ	230
蝭	ㄊㄧ	214
蝭	ㄔ	214
蝮	ㄈㄨ	484
蝯	ㄩㄢ	291
蝰	ㄎㄨㄟ	493
蝱	ㄇㄥ	280
蝲	ㄌㄚ	495
蝳	ㄉㄞ	419
蝳	ㄉㄨ	419
蝴	ㄏㄨ	558
蝵	ㄑㄧㄡ	323
蝶	ㄉㄧㄝ	1787
蝷	ㄌㄧ	274
蝷	ㄒㄧ	274
蝸	ㄍㄨㄚ	692
蝸	ㄨㄛ	692
蝹	ㄠ	221
蝹	ㄩㄣ	221
蝺	ㄑㄩ	268
蝺	ㄩ	268
蝻	ㄋㄢ	386
蝽	ㄔㄨㄣ	541
蝿	ㄧㄥ	276
螁	ㄊㄨㄟ	288
螁	ㄊㄨㄣ	288
螁	ㄕㄨㄟ	288
螂	ㄌㄤ	517
螃	ㄆㄤ	473
螄	ㄙ	521
螅	ㄒㄧ	605
螆	ㄘ	289
螇	ㄑㄧ	244
螇	ㄒㄧ	244
螈	ㄩㄢ	474
螉	ㄨㄥ	260
螊	ㄌㄧㄢ	171
螋	ㄙㄡ	322
螌	ㄅㄢ	307
螌	ㄆㄢ	307
螌	ㄏㄨㄢ	307
融	ㄖㄨㄥ	1898
螎	ㄖㄨㄥ	273
螏	ㄐㄧ	260
螐	ㄨ	247
螑	ㄒㄧㄡ	267
螒	ㄏㄢ	308
螓	ㄑㄧㄣ	502
螔	ㄙ	227
螔	ㄧ	227
螕	ㄅㄧ	251
螕	ㄆㄧ	251
螖	ㄏㄨㄚ	312
螗	ㄊㄤ	375
螘	ㄧ	370
螙	ㄉㄨ	208
螚	ㄋㄞ	596
螛	ㄏㄜ	255
螛	ㄒㄧㄚ	255
螜	ㄏㄨ	266
螝	ㄍㄨㄟ	359
螝	ㄏㄨㄟ	359
螞	ㄇㄚ	28
螞	ㄇㄚ	499
螟	ㄇㄧㄥ	624
螠	ㄧ	345
螡	ㄨㄣ	362
螢	ㄧㄥ	720
螣	ㄊㄥ	483
螤	ㄓㄨㄥ	287
螥	ㄘㄤ	259
螪	ㄕㄤ	251
螫	ㄓㄜ	503
螫	ㄕ	26
螬	ㄘㄠ	348
螭	ㄔ	617
螮	ㄉㄧ	1
螯	ㄠ	636
螰	ㄌㄨ	268
螱	ㄨㄟ	270
螲	ㄉㄧㄝ	251
螲	ㄓ	251
螳	ㄊㄤ	545
螴	ㄔㄣ	242
螵	ㄆㄧㄠ	382
螶	ㄐㄩ	222
螶	ㄑㄩ	222
螷	ㄆㄧ	217
螸	ㄩ	211
螹	ㄐㄧㄢ	237
螹	ㄔㄢ	237
螺	ㄌㄨㄛ	1013
螻	ㄌㄡ	461
螼	ㄑㄧㄣ	205
螽	ㄓㄨㄥ	441
螾	ㄧㄣ	314
螿	ㄐㄧㄤ	281
蟀	ㄕㄨㄞ	593
蟁	ㄨㄣ	261
蟂	ㄒㄧㄠ	259
蟃	ㄨㄢ	274
蟄	ㄓㄜ	658
蟅	ㄓㄜ	332
蟆	ㄇㄚ	299
蟇	ㄇㄚ	300
蟈	ㄍㄨㄛ	526
蟉	ㄌㄧㄠ	278
蟉	ㄌㄧㄡ	278
蟊	ㄇㄠ	553
蟋	ㄒㄧ	471
蟌	ㄘㄨㄥ	375
蟍	ㄌㄧ	270
蟎	ㄇㄢ	752
蟐	ㄔㄢ	340
蟑	ㄓㄤ	587
蟒	ㄇㄤ	751
蟓	ㄒㄧㄤ	391
蟔	ㄇㄛ	218
蟕	ㄗㄨㄟ	420
蟖	ㄙ	288
蟗	ㄑㄧㄡ	239
蟘	ㄊㄜ	233
蟙	ㄓ	201
蟚	ㄆㄥ	215
蟛	ㄆㄥ	566
蟜	ㄐㄧㄠ	391
蟝	ㄑㄩ	286
蟞	ㄅㄧㄝ	313
蟟	ㄌㄧㄠ	284
蟠	ㄆㄢ	613
蟡	ㄍㄨㄟ	185
蟢	ㄒㄧ	274
蟣	ㄐㄧ	540
蟤	ㄓㄨㄢ	240
蟥	ㄏㄨㄤ	393
蟦	ㄅㄣ	278
蟦	ㄈㄟ	278
蟧	ㄌㄠ	299
蟧	ㄌㄧㄠ	299
蟨	ㄐㄩㄝ	274
蟩	ㄐㄩㄝ	276
蟪	ㄏㄨㄟ	543
蟫	ㄒㄩㄣ	346
蟫	ㄧㄣ	346
蟬	ㄔㄢ	969
蟭	ㄐㄧㄠ	304
蟮	ㄕㄢ	657
蟯	ㄋㄠ	534
蟰	ㄒㄧㄠ	354
蟱	ㄇㄡ	425
蟱	ㄨ	425
蟲	ㄔㄨㄥ	2330
蟳	ㄒㄩㄣ	411
蟴	ㄙ	243
蟶	ㄔㄥ	578
蟷	ㄉㄤ	301
蟸	ㄌㄧ	311
蟹	ㄒㄧㄝ	1626
蟺	ㄕㄢ	8
蟻	ㄧ	953
蟼	ㄐㄧㄥ	352
蟽	ㄉㄚ	385
蟾	ㄔㄢ	684
蟿	ㄑㄧ	417
蠀	ㄐㄧ	360
蠀	ㄘ	360
蠁	ㄒㄧㄤ	305
蠂	ㄕㄜ	340
蠃	ㄌㄨㄛ	510
蠄	ㄑㄧㄣ	360
蠅	ㄧㄥ	884
蠆	ㄔㄞ	561
蠇	ㄌㄧ	200
蠈	ㄗㄟ	349
蠉	ㄒㄩㄢ	286
蠊	ㄌㄧㄢ	581
蠋	ㄓㄨ	383
蠌	ㄗㄜ	204
蠍	ㄒㄧㄝ	842
蠎	ㄇㄤ	303
蠏	ㄒㄧㄝ	319
蠐	ㄑㄧ	572
蠑	ㄖㄨㄥ	414
蠒	ㄐㄧㄢ	237
蠓	ㄇㄥ	575
蠔	ㄏㄠ	642
蠕	ㄖㄨ	530
蠖	ㄏㄨㄛ	571
蠗	ㄓㄨㄛ	189
蠘	ㄐㄧㄝ	224
蠙	ㄅㄧㄣ	342
蠚	ㄏㄜ	263
蠛	ㄇㄧㄝ	571
蠜	ㄈㄢ	216
蠝	ㄌㄟ	245
蠞	ㄐㄧㄝ	216
蠟	ㄌㄚ	1145
蠠	ㄇㄧㄢ	285
蠠	ㄇㄧㄣ	285
蠡	ㄌㄧ	332
蠢	ㄔㄨㄣ	1349
蠣	ㄌㄧ	560
蠤	ㄑㄧㄡ	193
蠥	ㄋㄧㄝ	303
蠦	ㄌㄨ	285
蠧	ㄉㄨ	358
蠨	ㄒㄧㄠ	293
蠩	ㄓㄨ	255
蠪	ㄌㄨㄥ	337
蠫	ㄌㄧ	284
蠬	ㄌㄨㄥ	298
蠭	ㄆㄤ	287
蠭	ㄈㄥ	287
蠮	ㄧㄝ	270
蠯	ㄅㄥ	265
蠰	ㄕㄤ	301
蠱	ㄍㄨ	891
蠲	ㄐㄩㄢ	554
蠳	ㄧㄥ	267
蠵	ㄒㄧ	369
蠶	ㄘㄢ	992
蠷	ㄑㄩ	219
蠸	ㄑㄩㄢ	293
蠹	ㄉㄨ	656
蠺	ㄘㄢ	306
蠻	ㄇㄢ	10118
蠼	ㄑㄩ	549
蠽	ㄐㄧㄝ	274
蠾	ㄓㄨ	290
蠾	ㄕㄨ	290
蠿	ㄓㄨㄛ	232
血	ㄒㄧㄝ	11425
血	ㄒㄩㄝ	11425
衁	ㄏㄨㄤ	253
衂	ㄋㄧㄡ	281
衃	ㄆㄟ	329
衃	ㄈㄡ	329
衄	ㄋㄩ	534
衆	ㄓㄨㄥ	3955
衇	ㄇㄞ	223
衈	ㄦ	218
衉	ㄎㄜ	256
衊	ㄇㄧㄝ	381
衋	ㄒㄧ	322
行	ㄏㄤ	3991
行	ㄒㄧㄥ	35919
衍	ㄧㄢ	966
衎	ㄎㄢ	437
衏	ㄩㄢ	270
衑	ㄌㄧㄥ	253
衒	ㄒㄩㄢ	204
術	ㄕㄨ	3136
衕	ㄊㄨㄥ	665
衖	ㄌㄨㄥ	329
街	ㄐㄧㄝ	5331
衘	ㄒㄧㄢ	291
衘	ㄩ	291
衙	ㄧㄚ	715
衛	ㄨㄟ	2951
衜	ㄉㄠ	369
衝	ㄔㄨㄥ	513
衝	ㄔㄨㄥ	4613
衞	ㄨㄟ	443
衟	ㄉㄠ	310
衠	ㄓㄨㄣ	276
衡	ㄏㄥ	1302
衢	ㄑㄩ	664
衣	ㄧ	3341
衦	ㄍㄢ	238
衧	ㄩ	464
表	ㄅㄧㄠ	18480
衩	ㄔㄚ	283
衪	ㄧ	444
衫	ㄕㄢ	1764
衭	ㄈㄨ	328
衯	ㄆㄣ	486
衯	ㄈㄣ	486
衰	ㄕㄨㄞ	1926
衰	ㄘㄨㄟ	19
衱	ㄐㄧㄝ	321
衲	ㄋㄚ	607
衳	ㄓㄨㄥ	209
衴	ㄉㄢ	194
衵	ㄋㄧ	289
衶	ㄓㄨㄥ	428
衷	ㄓㄨㄥ	912
衸	ㄐㄧㄝ	369
衹	ㄓ	710
衺	ㄒㄧㄝ	333
衻	ㄖㄢ	290
衼	ㄓ	297
衽	ㄖㄣ	528
衾	ㄑㄧㄣ	664
衿	ㄐㄧㄣ	618
袀	ㄐㄩㄣ	278
袁	ㄩㄢ	3035
袂	ㄇㄟ	668
袃	ㄔㄞ	222
袈	ㄐㄧㄚ	494
袉	ㄊㄨㄛ	276
袊	ㄌㄧㄥ	321
袋	ㄉㄞ	2474
袌	ㄅㄠ	282
袌	ㄆㄠ	282
袍	ㄆㄠ	1025
袎	ㄧㄠ	209
袏	ㄗㄨㄛ	562
袐	ㄅㄧ	333
袑	ㄕㄠ	306
袒	ㄊㄢ	609
袓	ㄐㄧㄝ	433
袓	ㄐㄩ	433
袔	ㄎㄜ	420
袔	ㄎㄨㄚ	420
袔	ㄏㄜ	420
袕	ㄒㄩㄝ	246
袖	ㄒㄧㄡ	1355
袗	ㄓㄣ	400
袘	ㄊㄨㄛ	424
袘	ㄧ	424
袙	ㄆㄚ	482
袚	ㄈㄨ	363
袛	ㄉㄧ	450
袜	ㄇㄛ	100
袜	ㄨㄚ	100
袝	ㄈㄨ	344
袞	ㄍㄨㄣ	593
袟	ㄓ	326
袠	ㄓ	370
袡	ㄖㄢ	273
袢	ㄆㄢ	599
袣	ㄧ	382
袤	ㄇㄠ	458
袥	ㄊㄨㄛ	313
袦	ㄋㄚ	402
袦	ㄐㄩㄝ	402
袧	ㄍㄡ	372
袨	ㄒㄩㄢ	392
袩	ㄓㄜ	396
袩	ㄔㄢ	396
袪	ㄑㄩ	68
被	ㄅㄟ	138923
袬	ㄍㄨㄣ	207
袮	ㄇㄧ	368
袮	ㄋㄧ	368
袱	ㄈㄨ	490
袲	ㄋㄨㄛ	270
袲	ㄔ	270
袳	ㄉㄨㄛ	324
袳	ㄋㄨㄛ	324
袳	ㄑㄧ	324
袳	ㄔ	324
袴	ㄎㄨ	442
袵	ㄖㄣ	326
袶	ㄐㄧㄤ	297
袷	ㄐㄧㄚ	565
袸	ㄐㄧㄢ	314
袸	ㄗㄨㄣ	314
袹	ㄅㄛ	327
袹	ㄇㄛ	327
袺	ㄐㄧㄝ	323
袻	ㄦ	341
袼	ㄍㄜ	519
袽	ㄖㄨ	404
袾	ㄓㄨ	326
袿	ㄍㄨㄚ	316
袿	ㄍㄨㄟ	316
裀	ㄧㄣ	408
裁	ㄘㄞ	1264
裂	ㄌㄧㄝ	1529
裃	ㄎㄚ	424
裄	ㄏㄤ	352
裇	ㄒㄩ	836
裉	ㄎㄣ	581
裊	ㄋㄧㄠ	684
裋	ㄕㄨ	264
裌	ㄐㄧㄚ	276
裍	ㄎㄨㄣ	205
裎	ㄔㄥ	273
裏	ㄌㄧ	45267
裐	ㄐㄩㄢ	246
裑	ㄕㄣ	590
裒	ㄆㄡ	453
裓	ㄍㄜ	359
裓	ㄐㄧㄝ	359
裔	ㄧ	963
裕	ㄩ	1394
裖	ㄓㄣ	267
裗	ㄌㄧㄡ	351
裘	ㄑㄧㄡ	988
裙	ㄑㄩㄣ	1526
裚	ㄐㄧ	216
裛	ㄧ	346
補	ㄅㄨ	7924
裝	ㄓㄨㄤ	21876
裞	ㄕㄨㄟ	372
裟	ㄕㄚ	543
裠	ㄑㄩㄣ	215
裡	ㄌㄧ	11636
裦	ㄈㄡ	303
裧	ㄊㄢ	252
裧	ㄔㄢ	252
裨	ㄅㄧ	296
裨	ㄆㄧ	296
裩	ㄎㄨㄣ	269
裪	ㄊㄠ	307
裫	ㄩㄢ	192
裬	ㄌㄧㄥ	317
裭	ㄔ	221
裮	ㄔㄤ	274
裯	ㄔㄡ	350
裰	ㄉㄨㄛ	554
裱	ㄅㄧㄠ	699
裲	ㄌㄧㄤ	372
裳	ㄔㄤ	46
裳	ㄕㄤ	808
裴	ㄆㄟ	1460
裵	ㄆㄟ	330
裶	ㄈㄟ	279
裷	ㄍㄨㄣ	235
裷	ㄩㄢ	235
裸	ㄌㄨㄛ	1565
裹	ㄍㄨㄛ	1207
裺	ㄢ	294
裺	ㄧㄢ	294
裻	ㄉㄨ	227
裼	ㄊㄧ	295
裼	ㄒㄧ	295
製	ㄓ	4160
裾	ㄐㄩ	591
裿	ㄑㄧ	279
裿	ㄧ	279
褀	ㄐㄧ	428
褁	ㄓ	429
褂	ㄍㄨㄚ	738
褃	ㄎㄣ	399
褄	ㄑㄧ	275
褅	ㄊㄧ	238
褆	ㄊㄧ	538
褆	ㄕ	538
複	ㄈㄨ	1739
褈	ㄓㄨㄥ	415
褈	ㄔㄨㄥ	415
褉	ㄒㄧㄝ	629
褊	ㄅㄧㄢ	440
褋	ㄉㄧㄝ	621
褌	ㄎㄨㄣ	398
褍	ㄉㄨㄢ	513
褍	ㄊㄨㄢ	513
褎	ㄒㄧㄡ	7
褏	ㄒㄧㄡ	438
褐	ㄏㄜ	883
褑	ㄩㄢ	461
褒	ㄅㄠ	814
褓	ㄅㄠ	447
褔	ㄈㄨ	593
褕	ㄩ	451
褖	ㄊㄨㄢ	394
褗	ㄧㄢ	443
褘	ㄏㄨㄟ	458
褙	ㄅㄟ	459
褚	ㄓㄨ	447
褚	ㄔㄨ	447
褜	ㄆㄠ	445
褝	ㄉㄢ	369
褞	ㄨㄣ	367
褞	ㄩㄣ	367
褟	ㄊㄚ	504
褠	ㄍㄡ	284
褡	ㄉㄚ	557
褢	ㄏㄨㄞ	340
褣	ㄖㄨㄥ	341
褤	ㄩㄢ	310
褥	ㄖㄨ	574
褦	ㄋㄞ	484
褧	ㄐㄩㄥ	353
褨	ㄔㄚ	366
褨	ㄙㄨㄛ	366
褩	ㄅㄢ	399
褩	ㄆㄢ	399
褪	ㄊㄨㄟ	906
褪	ㄊㄨㄣ	906
褫	ㄔ	451
褬	ㄙㄤ	445
褭	ㄋㄧㄠ	350
褮	ㄧㄥ	352
褯	ㄐㄧㄝ	315
褰	ㄑㄧㄢ	601
褱	ㄏㄨㄞ	333
褲	ㄎㄨ	1724
褳	ㄌㄧㄢ	531
褵	ㄌㄧ	374
褶	ㄒㄧ	366
褶	ㄓㄜ	366
褷	ㄕ	317
褸	ㄌㄩ	528
褹	ㄋㄧㄝ	269
褹	ㄧ	269
褺	ㄉㄧㄝ	251
褻	ㄒㄧㄝ	593
褼	ㄒㄧㄢ	274
褽	ㄨㄟ	262
褾	ㄅㄧㄠ	317
褿	ㄘㄠ	244
襁	ㄑㄧㄤ	446
襂	ㄕㄢ	298
襂	ㄙㄣ	298
襃	ㄅㄠ	341
襄	ㄒㄧㄤ	933
襆	ㄆㄨ	441
襇	ㄐㄧㄢ	157
襈	ㄐㄩㄢ	315
襈	ㄓㄨㄢ	315
襉	ㄐㄧㄢ	571
襊	ㄘㄨㄛ	264
襊	ㄘㄨㄟ	264
襋	ㄐㄧ	327
襌	ㄉㄢ	403
襍	ㄗㄚ	506
襎	ㄅㄛ	294
襎	ㄈㄢ	294
襏	ㄅㄛ	296
襐	ㄒㄧㄤ	373
襑	ㄒㄧㄣ	266
襒	ㄅㄧㄝ	281
襓	ㄖㄠ	217
襖	ㄠ	943
襗	ㄉㄨㄛ	328
襗	ㄗㄜ	328
襗	ㄧ	328
襘	ㄍㄨㄟ	507
襘	ㄏㄨㄟ	507
襙	ㄘㄠ	291
襚	ㄙㄨㄟ	316
襛	ㄋㄨㄥ	294
襜	ㄔㄢ	408
襝	ㄌㄧㄢ	515
襝	ㄔㄢ	515
襞	ㄅㄧ	486
襟	ㄐㄧㄣ	826
襠	ㄉㄤ	757
襡	ㄕㄨ	359
襢	ㄊㄢ	288
襣	ㄅㄧ	291
襤	ㄌㄢ	450
襥	ㄆㄨ	258
襦	ㄖㄨ	529
襧	ㄓ	182
襩	ㄕㄨ	270
襪	ㄨㄚ	970
襫	ㄕ	260
襬	ㄅㄞ	665
襭	ㄒㄧㄝ	267
襮	ㄅㄛ	296
襯	ㄔㄣ	1060
襰	ㄌㄞ	296
襱	ㄌㄨㄥ	266
襲	ㄒㄧ	1226
襳	ㄒㄧㄢ	223
襳	ㄕㄢ	223
襴	ㄌㄢ	399
襵	ㄓㄜ	234
襶	ㄉㄞ	359
襷	ㄐㄩ	226
襸	ㄗㄢ	180
襸	ㄘㄨㄢ	180
襹	ㄕ	258
襺	ㄐㄧㄢ	185
襻	ㄆㄢ	452
襼	ㄧ	334
襽	ㄌㄢ	194
襾	ㄧㄚ	369
西	ㄒㄧ	10824
要	ㄧㄠ	19865
要	ㄧㄠ	377432
覂	ㄈㄥ	309
覃	ㄊㄢ	102
覃	ㄑㄧㄣ	820
覃	ㄧㄢ	102
覅	ㄈㄧㄠ	400
覆	ㄈㄨ	2340
覇	ㄅㄚ	469
覈	ㄏㄜ	746
覉	ㄐㄧ	237
覊	ㄐㄧ	336
見	ㄐㄧㄢ	27246
見	ㄒㄧㄢ	275
覌	ㄍㄨㄢ	431
覍	ㄅㄧㄢ	362
覎	ㄧㄢ	278
規	ㄍㄨㄟ	1849
覐	ㄐㄩㄝ	230
覑	ㄆㄧㄢ	449
覒	ㄇㄠ	216
覓	ㄇㄧ	1112
覔	ㄇㄧ	272
覕	ㄆㄧㄝ	234
覕	ㄇㄧㄝ	234
視	ㄕ	3507
覗	ㄙ	374
覘	ㄓㄢ	496
覘	ㄔㄢ	496
覙	ㄌㄨㄛ	252
覚	ㄐㄩㄝ	588
覛	ㄇㄧ	290
覜	ㄊㄧㄠ	368
覝	ㄌㄧㄢ	245
覞	ㄧㄠ	330
覟	ㄓ	228
覠	ㄐㄩㄣ	338
覡	ㄒㄧ	494
覢	ㄕㄢ	191
覣	ㄨㄟ	304
覤	ㄒㄧ	304
覥	ㄊㄧㄢ	340
覦	ㄩ	462
覧	ㄌㄢ	472
覨	ㄜ	241
覩	ㄉㄨ	384
親	ㄑㄧㄣ	7594
親	ㄑㄧㄥ	77
覫	ㄆㄤ	286
覬	ㄐㄧ	511
覭	ㄇㄧㄥ	290
覮	ㄧㄥ	261
覯	ㄍㄡ	453
覰	ㄑㄩ	251
覱	ㄓㄢ	256
覲	ㄐㄧㄣ	564
観	ㄍㄨㄢ	516
覴	ㄉㄥ	303
覵	ㄅㄧㄢ	286
覵	ㄐㄧㄢ	286
覶	ㄌㄨㄛ	291
覶	ㄌㄨㄢ	291
覷	ㄑㄩ	682
覹	ㄨㄟ	320
覺	ㄐㄧㄠ	224
覺	ㄐㄩㄝ	4255
覻	ㄑㄩ	260
覽	ㄌㄢ	1082
覾	ㄕㄣ	240
覿	ㄉㄧ	468
觀	ㄍㄨㄢ	126
觀	ㄍㄨㄢ	4070
角	ㄐㄧㄠ	3818
角	ㄐㄩㄝ	118
觓	ㄑㄧㄡ	222
觔	ㄐㄧㄣ	412
觕	ㄘㄨ	265
觖	ㄐㄩㄝ	405
觗	ㄓ	210
觘	ㄔㄠ	259
觙	ㄐㄧ	232
觚	ㄍㄨ	492
觛	ㄉㄢ	372
觜	ㄗ	277
觜	ㄗㄨㄟ	277
觝	ㄉㄧ	105
觟	ㄏㄨㄚ	272
觟	ㄒㄧㄝ	272
觠	ㄑㄩㄢ	223
觡	ㄍㄜ	241
觢	ㄕ	238
解	ㄐㄧㄝ	64
解	ㄐㄧㄝ	6101
解	ㄒㄧㄝ	257
觤	ㄍㄨㄟ	231
觥	ㄍㄨㄥ	618
触	ㄏㄨㄥ	20
觧	ㄐㄧㄝ	395
觨	ㄏㄨㄣ	239
觩	ㄑㄧㄡ	252
觪	ㄒㄧㄥ	233
觫	ㄙㄨ	366
觬	ㄋㄧ	269
觭	ㄐㄧ	325
觮	ㄌㄨ	240
觰	ㄉㄚ	252
觰	ㄓㄚ	252
觱	ㄅㄧ	358
觲	ㄒㄧㄥ	210
觳	ㄏㄨ	603
觴	ㄕㄤ	719
觵	ㄍㄨㄥ	193
觶	ㄓ	563
觷	ㄒㄩㄝ	240
觸	ㄔㄨ	1596
觹	ㄒㄧ	267
觺	ㄧ	317
觻	ㄌㄧ	244
觻	ㄌㄨ	244
觼	ㄐㄩㄝ	302
觽	ㄒㄧ	424
觾	ㄧㄢ	197
觿	ㄒㄧ	356
言	ㄧㄢ	5336
訁	ㄧㄢ	501
訂	ㄉㄧㄥ	4418
訃	ㄈㄨ	556
訄	ㄎㄠ	345
訄	ㄑㄧㄡ	345
訅	ㄑㄧㄡ	174
訆	ㄐㄧㄠ	505
訇	ㄏㄨㄥ	471
計	ㄐㄧ	3372
訉	ㄈㄢ	397
訊	ㄒㄩㄣ	3117
訋	ㄉㄧㄠ	306
訌	ㄏㄨㄥ	393
訍	ㄔㄚ	279
訍	ㄔㄞ	279
討	ㄊㄠ	1842
訏	ㄒㄩ	433
訐	ㄐㄧㄝ	492
訑	ㄧ	2
訒	ㄖㄣ	329
訓	ㄒㄩㄣ	2951
訔	ㄧㄣ	250
訕	ㄕㄢ	648
訖	ㄑㄧ	659
託	ㄊㄨㄛ	2812
記	ㄐㄧ	7304
訙	ㄒㄩㄣ	248
訛	ㄜ	663
訜	ㄅㄧㄣ	407
訜	ㄈㄣ	407
訝	ㄧㄚ	621
訞	ㄧㄠ	426
訟	ㄙㄨㄥ	727
訠	ㄕㄣ	248
訡	ㄧㄣ	518
訢	ㄒㄧㄣ	17
訣	ㄐㄩㄝ	1095
訤	ㄋㄚ	330
訤	ㄒㄧㄠ	330
訥	ㄋㄜ	756
訦	ㄔㄣ	362
訧	ㄧㄡ	368
訨	ㄓ	419
訩	ㄒㄩㄥ	309
訪	ㄈㄤ	1924
訫	ㄒㄧㄣ	659
訬	ㄔㄠ	398
設	ㄕㄜ	4679
訮	ㄒㄧㄢ	319
訯	ㄙㄚ	248
訰	ㄓㄨㄣ	245
許	ㄒㄩ	6018
訲	ㄧ	268
訳	ㄧ	513
訴	ㄙㄨ	1639
訵	ㄔ	224
訶	ㄏㄜ	757
訷	ㄕㄣ	433
訸	ㄏㄜ	416
訹	ㄒㄩ	307
診	ㄓㄣ	1014
註	ㄓㄨ	3194
証	ㄓㄥ	172
訽	ㄍㄡ	317
訾	ㄗ	297
訿	ㄗ	288
詀	ㄓㄢ	432
詁	ㄍㄨ	556
詂	ㄈㄨ	303
詃	ㄐㄧㄢ	261
詄	ㄉㄧㄝ	269
詅	ㄌㄧㄥ	304
詆	ㄉㄧ	530
詇	ㄧㄤ	239
詈	ㄌㄧ	614
詉	ㄋㄚ	293
詉	ㄋㄠ	293
詉	ㄋㄨ	293
詊	ㄆㄢ	229
詋	ㄓㄡ	241
詌	ㄍㄢ	514
詍	ㄧ	294
詎	ㄐㄩ	623
詏	ㄧㄠ	302
詐	ㄓㄚ	890
詑	ㄊㄨㄛ	298
詒	ㄧ	644
詓	ㄑㄩ	498
詔	ㄓㄠ	886
評	ㄆㄧㄥ	3279
詖	ㄅㄧ	339
詗	ㄒㄩㄥ	342
詘	ㄑㄩ	609
詙	ㄅㄚ	278
詙	ㄅㄛ	278
詚	ㄉㄚ	215
詛	ㄗㄨ	524
詜	ㄊㄠ	196
詝	ㄓㄨ	411
詞	ㄘ	6279
詠	ㄩㄥ	1338
詡	ㄒㄩ	663
詢	ㄒㄩㄣ	944
詣	ㄧ	708
詤	ㄏㄨㄤ	505
詥	ㄍㄜ	367
詥	ㄏㄜ	367
試	ㄕ	7462
詧	ㄔㄚ	348
詨	ㄐㄧㄠ	321
詨	ㄒㄧㄠ	321
詩	ㄕ	5851
詪	ㄏㄣ	585
詫	ㄔㄚ	611
詬	ㄍㄡ	616
詭	ㄍㄨㄟ	749
詮	ㄑㄩㄢ	668
詯	ㄏㄨㄟ	452
詰	ㄐㄧㄝ	706
話	ㄏㄨㄚ	58786
該	ㄍㄞ	49284
詳	ㄒㄧㄤ	1175
詴	ㄨㄟ	308
詵	ㄕㄣ	588
詶	ㄔㄡ	3
詷	ㄉㄨㄥ	408
詷	ㄊㄨㄥ	408
詸	ㄇㄧ	400
詹	ㄓㄢ	1237
詺	ㄇㄧㄥ	472
詻	ㄜ	43
詼	ㄏㄨㄟ	617
詽	ㄧㄢ	275
詾	ㄒㄩㄥ	256
詿	ㄍㄨㄚ	595
誀	ㄔ	367
誀	ㄦ	367
誁	ㄅㄧㄥ	307
誂	ㄊㄧㄠ	317
誃	ㄔ	515
誄	ㄌㄟ	596
誅	ㄓㄨ	1016
誆	ㄎㄨㄤ	620
誇	ㄎㄨㄚ	1787
誈	ㄨ	210
誊	ㄊㄥ	1
誋	ㄐㄧ	465
誌	ㄓ	1259
認	ㄖㄣ	3231
誎	ㄘㄨ	353
誏	ㄌㄤ	411
誐	ㄜ	574
誑	ㄎㄨㄤ	657
誒	ㄟ	4279
誓	ㄕ	1162
誔	ㄊㄧㄥ	367
誕	ㄉㄢ	778
誖	ㄅㄟ	309
誗	ㄔㄢ	303
誘	ㄧㄡ	1091
誙	ㄎㄥ	230
誚	ㄑㄧㄠ	613
誛	ㄑㄧㄣ	250
誜	ㄕㄨㄚ	337
誝	ㄢ	241
語	ㄩ	4387
誟	ㄒㄧㄠ	306
誠	ㄔㄥ	2364
誡	ㄐㄧㄝ	685
誢	ㄒㄧㄢ	311
誣	ㄨ	652
誤	ㄨ	2280
誥	ㄍㄠ	636
誦	ㄙㄨㄥ	947
誧	ㄆㄨ	303
誨	ㄏㄨㄟ	683
誩	ㄐㄧㄥ	484
說	ㄕㄨㄛ	336929
說	ㄕㄨㄟ	3403
誫	ㄓㄣ	250
説	ㄕㄨㄛ	42
読	ㄉㄨ	544
誯	ㄔㄤ	338
誰	ㄕㄟ	54727
誰	ㄕㄨㄟ	54727
誱	ㄐㄧㄝ	281
課	ㄎㄜ	8837
誳	ㄐㄩㄝ	339
誳	ㄑㄩ	339
誴	ㄘㄨㄥ	285
誵	ㄒㄧㄠ	256
誶	ㄙㄨㄟ	584
誷	ㄨㄤ	356
誸	ㄒㄧㄢ	451
誹	ㄈㄟ	606
誺	ㄌㄞ	418
誺	ㄔ	418
誻	ㄊㄚ	285
誼	ㄧ	897
誽	ㄋㄚ	375
誽	ㄋㄧ	375
誾	ㄧㄣ	395
調	ㄉㄧㄠ	3765
調	ㄊㄧㄠ	3765
諀	ㄅㄟ	358
諀	ㄆㄧ	358
諁	ㄓㄨㄛ	182
諂	ㄔㄢ	614
諃	ㄔㄣ	323
諄	ㄓㄨㄣ	553
諅	ㄐㄧ	280
諆	ㄑㄧ	389
談	ㄊㄢ	14432
諈	ㄓㄨㄟ	257
諉	ㄨㄟ	577
諊	ㄐㄩ	208
請	ㄑㄧㄥ	57002
諌	ㄐㄧㄢ	360
諍	ㄓㄥ	652
諎	ㄐㄧㄝ	504
諎	ㄓㄚ	504
諎	ㄗㄜ	504
諎	ㄗㄨㄛ	504
諎	ㄘㄨㄛ	504
諏	ㄗㄡ	642
諐	ㄑㄧㄢ	254
諑	ㄓㄨㄛ	557
諒	ㄌㄧㄤ	773
諓	ㄐㄧㄢ	283
諔	ㄐㄧ	284
諔	ㄔㄨ	284
諕	ㄏㄠ	322
論	ㄌㄨㄣ	72
論	ㄌㄨㄣ	7152
諗	ㄕㄣ	956
諘	ㄅㄧㄠ	430
諙	ㄏㄨㄞ	215
諚	ㄆㄧㄢ	204
諛	ㄩ	641
諜	ㄉㄧㄝ	772
諝	ㄒㄩ	390
諞	ㄆㄧㄢ	680
諟	ㄕ	595
諠	ㄒㄩㄢ	1
諡	ㄕ	707
諢	ㄏㄨㄣ	589
諣	ㄍㄨㄚ	271
諣	ㄏㄨㄚ	271
諤	ㄜ	628
諥	ㄓㄨㄥ	380
諦	ㄉㄧ	906
諧	ㄒㄧㄝ	856
諨	ㄈㄨ	614
諩	ㄆㄨ	224
諪	ㄊㄧㄥ	485
諫	ㄐㄧㄢ	853
諬	ㄑㄧ	216
諭	ㄩ	753
諮	ㄗ	746
諯	ㄓㄨㄢ	269
諰	ㄒㄧ	2
諰	ㄕㄞ	2
諰	ㄞ	2
諱	ㄏㄨㄟ	765
諲	ㄧㄣ	384
諳	ㄢ	699
諴	ㄒㄧㄢ	433
諵	ㄋㄢ	438
諶	ㄔㄣ	736
諷	ㄈㄥ	700
諸	ㄓㄨ	2392
諹	ㄧㄤ	279
諺	ㄧㄢ	630
諻	ㄏㄨㄤ	365
諼	ㄒㄩㄢ	632
諽	ㄍㄜ	263
諾	ㄋㄨㄛ	3046
諿	ㄑㄧ	326
諿	ㄒㄩ	326
謀	ㄇㄡ	1861
謁	ㄧㄝ	718
謂	ㄨㄟ	1531
謄	ㄊㄥ	552
謅	ㄓㄡ	548
謆	ㄕㄢ	246
謇	ㄐㄧㄢ	577
謈	ㄆㄛ	232
謈	ㄆㄠ	232
謉	ㄉㄨㄟ	430
謉	ㄊㄨㄟ	430
謉	ㄍㄨㄟ	430
謉	ㄎㄨㄟ	430
謊	ㄏㄨㄤ	854
謋	ㄏㄨㄛ	297
謌	ㄍㄜ	499
謍	ㄧㄥ	273
謎	ㄇㄧ	1315
謐	ㄇㄧ	669
謑	ㄒㄧ	314
謒	ㄑㄧㄤ	208
謓	ㄓㄣ	480
謓	ㄔㄣ	480
謔	ㄋㄩㄝ	667
謔	ㄒㄩㄝ	667
謕	ㄊㄧ	221
謕	ㄙ	221
謖	ㄙㄨ	618
謗	ㄅㄤ	639
謘	ㄔ	207
謙	ㄑㄧㄢ	1326
謚	ㄕ	396
講	ㄐㄧㄤ	23574
謜	ㄑㄩㄢ	436
謜	ㄩㄢ	436
謝	ㄒㄧㄝ	7405
謞	ㄏㄜ	235
謞	ㄒㄧㄠ	235
謟	ㄊㄠ	298
謠	ㄧㄠ	833
謡	ㄧㄠ	2
謢	ㄏㄨ	371
謣	ㄒㄩ	370
謣	ㄩ	370
謤	ㄅㄧㄠ	333
謤	ㄆㄧㄠ	333
謥	ㄘㄨㄥ	250
謦	ㄑㄧ	511
謧	ㄌㄧ	413
謨	ㄇㄛ	701
謩	ㄇㄛ	301
謪	ㄕㄤ	280
謫	ㄓㄜ	600
謬	ㄇㄧㄡ	752
謮	ㄗㄜ	248
謯	ㄐㄧㄝ	239
謯	ㄓㄚ	239
謯	ㄗㄨ	239
謰	ㄌㄧㄢ	278
謱	ㄌㄡ	278
謱	ㄌㄩ	278
謲	ㄔㄣ	276
謲	ㄗㄠ	276
謲	ㄘㄢ	276
謲	ㄙㄢ	276
謳	ㄡ	521
謴	ㄍㄨㄣ	218
謵	ㄒㄧ	371
謵	ㄔㄜ	371
謶	ㄓㄜ	314
謶	ㄓㄨㄛ	314
謶	ㄕㄨ	314
謷	ㄠ	299
謸	ㄠ	447
謹	ㄐㄧㄣ	1119
謺	ㄓㄜ	266
謻	ㄔ	262
謻	ㄧ	262
謼	ㄏㄨ	1
謽	ㄐㄧㄤ	227
謾	ㄇㄢ	330
謿	ㄔㄠ	510
譀	ㄏㄢ	265
譀	ㄒㄧㄢ	265
譁	ㄏㄨㄚ	777
譂	ㄉㄢ	393
譂	ㄔㄢ	393
譃	ㄒㄩ	448
譄	ㄗㄥ	296
譅	ㄙㄜ	2
譆	ㄒㄧ	91
譇	ㄓㄚ	219
譈	ㄉㄨㄟ	284
證	ㄓㄥ	6246
譊	ㄋㄠ	2
譋	ㄌㄢ	213
譌	ㄍㄨㄟ	318
譌	ㄜ	318
譌	ㄨㄚ	318
譍	ㄧㄥ	278
譎	ㄐㄩㄝ	565
譏	ㄐㄧ	678
譐	ㄗㄨㄣ	313
譑	ㄐㄧㄠ	252
譑	ㄑㄧㄠ	252
譒	ㄅㄛ	307
譓	ㄏㄨㄟ	346
譔	ㄓㄨㄢ	26
譕	ㄇㄛ	551
譕	ㄨ	551
譖	ㄗㄣ	539
譗	ㄓㄚ	271
識	ㄓ	131
識	ㄕ	2493
譙	ㄑㄧㄠ	313
譚	ㄊㄢ	2581
譛	ㄗㄣ	281
譜	ㄆㄨ	1725
譝	ㄕㄥ	286
譞	ㄒㄩㄢ	443
譟	ㄗㄠ	793
譠	ㄊㄢ	267
譡	ㄉㄤ	428
譢	ㄙㄨㄟ	352
譣	ㄒㄧㄢ	205
譤	ㄐㄧ	252
譥	ㄐㄧㄠ	246
警	ㄐㄧㄥ	1533
譧	ㄌㄧㄢ	225
譧	ㄓㄢ	225
譨	ㄋㄡ	202
譨	ㄋㄤ	202
譩	ㄧ	480
譪	ㄞ	298
譫	ㄓㄢ	433
譬	ㄆㄧ	582
譭	ㄏㄨㄟ	637
譮	ㄏㄨㄚ	566
譮	ㄏㄨㄟ	566
譮	ㄒㄧㄝ	566
譯	ㄧ	1943
議	ㄧ	1406
譱	ㄕㄢ	264
譲	ㄖㄤ	587
譳	ㄋㄡ	319
譴	ㄑㄧㄢ	664
譵	ㄓㄨㄟ	520
譶	ㄊㄚ	320
護	ㄏㄨ	1984
譸	ㄓㄡ	309
譹	ㄏㄠ	393
譺	ㄋㄧ	290
譺	ㄞ	290
譺	ㄧ	290
譻	ㄧㄥ	257
譼	ㄐㄧㄢ	258
譽	ㄩ	1054
譾	ㄐㄧㄢ	407
譿	ㄏㄨㄟ	336
讀	ㄉㄡ	137
讀	ㄉㄨ	13524
讁	ㄓㄜ	345
讂	ㄒㄩㄢ	183
讃	ㄗㄢ	428
讄	ㄌㄟ	212
讅	ㄕㄣ	250
讆	ㄨㄟ	320
讇	ㄔㄢ	221
讈	ㄌㄧ	221
讉	ㄊㄨㄟ	460
讉	ㄧ	460
變	ㄅㄧㄢ	14174
讋	ㄓㄜ	348
讌	ㄧㄢ	386
讍	ㄜ	271
讎	ㄔㄡ	620
讐	ㄔㄡ	374
讑	ㄧㄠ	213
讒	ㄔㄢ	717
讓	ㄖㄤ	99107
讔	ㄧㄣ	311
讕	ㄌㄢ	633
讖	ㄔㄣ	606
讗	ㄒㄧㄝ	247
讘	ㄋㄧㄝ	380
讙	ㄏㄨㄢ	366
讚	ㄗㄢ	2930
讛	ㄧ	273
讜	ㄉㄤ	590
讝	ㄓㄢ	229
讞	ㄧㄢ	487
讟	ㄉㄨ	346
谷	ㄍㄨ	3347
谸	ㄑㄧㄢ	231
谹	ㄏㄨㄥ	319
谺	ㄒㄧㄚ	339
谻	ㄐㄧ	415
谼	ㄏㄨㄥ	338
谽	ㄏㄢ	314
谾	ㄌㄨㄥ	221
谾	ㄏㄨㄥ	221
谿	ㄒㄧ	380
豀	ㄒㄧ	316
豁	ㄏㄨㄚ	267
豁	ㄏㄨㄛ	267
豂	ㄌㄧㄠ	212
豃	ㄍㄢ	328
豃	ㄏㄢ	328
豄	ㄉㄨ	223
豅	ㄌㄨㄥ	231
豆	ㄉㄡ	2677
豇	ㄐㄧㄤ	405
豈	ㄎㄞ	13
豈	ㄑㄧ	1269
豉	ㄔ	590
豊	ㄌㄧ	533
豋	ㄉㄥ	418
豌	ㄨㄢ	486
豍	ㄅㄧ	259
豍	ㄅㄧㄢ	259
豎	ㄕㄨ	1280
豏	ㄒㄧㄢ	282
豐	ㄈㄥ	2403
豑	ㄓ	220
豓	ㄧㄢ	224
豔	ㄧㄢ	2120
豕	ㄕ	600
豖	ㄔㄨ	315
豗	ㄏㄨㄟ	363
豘	ㄊㄨㄣ	251
豙	ㄧ	310
豚	ㄊㄨㄣ	734
豛	ㄧ	222
豜	ㄐㄧㄢ	271
豝	ㄅㄚ	323
豞	ㄏㄡ	415
豟	ㄜ	216
豠	ㄔㄨ	218
象	ㄒㄧㄤ	14088
豢	ㄏㄨㄢ	656
豣	ㄐㄧㄢ	211
豤	ㄎㄣ	259
豤	ㄎㄨㄣ	259
豥	ㄍㄞ	280
豦	ㄑㄩ	251
豧	ㄆㄨ	198
豧	ㄈㄨ	198
豨	ㄒㄧ	504
豩	ㄅㄧㄣ	335
豩	ㄏㄨㄢ	335
豪	ㄏㄠ	2416
豫	ㄩ	1178
豬	ㄓㄨ	16829
豭	ㄐㄧㄚ	342
豯	ㄒㄧ	194
豰	ㄅㄛ	278
豰	ㄍㄡ	278
豰	ㄏㄨ	278
豰	ㄏㄨㄛ	278
豱	ㄨㄣ	203
豲	ㄏㄨㄢ	364
豳	ㄅㄧㄣ	511
豴	ㄉㄧ	233
豵	ㄗㄨㄥ	277
豶	ㄈㄣ	301
豷	ㄧ	326
豸	ㄓ	572
豹	ㄅㄠ	1193
豺	ㄔㄞ	580
豻	ㄏㄢ	134
豻	ㄢ	134
豼	ㄆㄧ	222
豽	ㄋㄚ	251
豾	ㄆㄧ	215
豿	ㄍㄡ	485
貀	ㄉㄨㄛ	210
貀	ㄋㄚ	210
貁	ㄧㄡ	201
貂	ㄉㄧㄠ	773
貃	ㄇㄛ	234
貄	ㄙ	210
貅	ㄒㄧㄡ	466
貆	ㄏㄨㄢ	279
貇	ㄇㄠ	382
貇	ㄎㄣ	382
貇	ㄎㄨㄣ	382
貈	ㄇㄛ	283
貈	ㄏㄜ	283
貉	ㄇㄛ	311
貉	ㄏㄜ	311
貊	ㄇㄛ	481
貋	ㄏㄢ	225
貌	ㄇㄠ	1102
貍	ㄌㄧ	2
貎	ㄋㄧ	389
貏	ㄅㄧ	215
貐	ㄩ	400
貑	ㄐㄧㄚ	392
貒	ㄊㄨㄢ	307
貓	ㄇㄠ	9140
貔	ㄆㄧ	438
貕	ㄒㄧ	198
貖	ㄜ	242
貗	ㄐㄩ	213
貗	ㄩ	213
貘	ㄇㄛ	543
貙	ㄔㄨ	3
貚	ㄊㄢ	193
貛	ㄏㄨㄢ	250
貜	ㄐㄩㄝ	236
貝	ㄅㄟ	2895
貞	ㄓㄣ	1393
貟	ㄩㄢ	483
負	ㄈㄨ	3705
財	ㄘㄞ	2745
貢	ㄍㄨㄥ	1079
貣	ㄊㄜ	282
貤	ㄧ	314
貥	ㄏㄤ	233
貦	ㄨㄢ	368
貧	ㄆㄧㄣ	1354
貨	ㄏㄨㄛ	8614
販	ㄈㄢ	1025
貪	ㄊㄢ	1793
貫	ㄍㄨㄢ	1124
責	ㄗㄜ	1456
貭	ㄓ	417
貮	ㄦ	394
貯	ㄓㄨ	822
貰	ㄕ	457
貱	ㄅㄧ	268
貲	ㄗ	506
貳	ㄦ	1150
貴	ㄍㄨㄟ	14841
貵	ㄆㄧㄢ	236
貶	ㄅㄧㄢ	965
買	ㄇㄞ	101135
貸	ㄉㄞ	2020
貹	ㄕㄥ	443
貺	ㄎㄨㄤ	439
費	ㄈㄟ	11030
貼	ㄊㄧㄝ	11493
貽	ㄧ	776
貾	ㄔ	198
貿	ㄇㄠ	1012
賀	ㄏㄜ	2363
賁	ㄅㄣ	328
賁	ㄅㄧ	328
賂	ㄌㄨ	597
賃	ㄌㄧㄣ	533
賄	ㄏㄨㄟ	643
賅	ㄍㄞ	480
賆	ㄆㄧㄢ	174
資	ㄗ	1988
賈	ㄍㄨ	134
賈	ㄐㄧㄚ	2545
賉	ㄒㄩ	284
賊	ㄗㄟ	4785
賋	ㄐㄧㄠ	262
賌	ㄍㄞ	193
賍	ㄗㄤ	422
賎	ㄐㄧㄢ	437
賏	ㄧㄥ	402
賐	ㄒㄩㄣ	222
賑	ㄓㄣ	629
賒	ㄕㄜ	622
賓	ㄅㄧㄣ	1558
賔	ㄅㄧㄣ	296
賕	ㄑㄧㄡ	415
賖	ㄕㄜ	290
賗	ㄔㄨㄢ	397
賙	ㄓㄡ	580
賚	ㄌㄞ	631
賛	ㄗㄢ	406
賜	ㄘ	1372
賝	ㄔㄣ	276
賞	ㄕㄤ	1770
賟	ㄊㄧㄢ	200
賠	ㄆㄟ	2641
賡	ㄍㄥ	609
賢	ㄒㄧㄢ	2526
賣	ㄇㄞ	36565
賤	ㄐㄧㄢ	2799
賥	ㄙㄨㄟ	427
賦	ㄈㄨ	1431
賧	ㄉㄢ	460
賨	ㄘㄨㄥ	382
賩	ㄘㄨㄥ	207
質	ㄓ	2738
賫	ㄐㄧ	190
賬	ㄓㄤ	1552
賭	ㄉㄨ	2705
賮	ㄐㄧㄣ	379
賯	ㄒㄩㄥ	295
賰	ㄔㄨㄣ	3
賱	ㄩㄣ	421
賲	ㄅㄠ	385
賳	ㄗㄞ	371
賴	ㄌㄞ	3006
賵	ㄈㄥ	350
賶	ㄘㄤ	280
賷	ㄐㄧ	407
賸	ㄕㄥ	460
賹	ㄞ	264
賹	ㄧ	264
賺	ㄓㄨㄢ	5929
賺	ㄗㄨㄢ	5929
賻	ㄈㄨ	456
購	ㄍㄡ	2851
賽	ㄙㄞ	4993
賾	ㄗㄜ	604
賿	ㄌㄧㄠ	244
贀	ㄧ	301
贁	ㄅㄞ	457
贂	ㄔㄣ	375
贃	ㄨㄢ	171
贄	ㄓ	502
贅	ㄓㄨㄟ	673
贆	ㄅㄧㄠ	218
贇	ㄩㄣ	604
贈	ㄗㄥ	1570
贉	ㄊㄢ	262
贊	ㄗㄢ	2121
贋	ㄧㄢ	100
贍	ㄕㄢ	665
贎	ㄨㄢ	275
贏	ㄧㄥ	5931
贐	ㄐㄧㄣ	381
贑	ㄍㄢ	352
贒	ㄒㄧㄢ	312
贓	ㄗㄤ	660
贔	ㄅㄧ	492
贕	ㄉㄨ	299
贖	ㄕㄨ	817
贗	ㄧㄢ	593
贙	ㄒㄩㄢ	287
贚	ㄌㄨㄥ	314
贛	ㄍㄢ	960
赤	ㄔ	1913
赥	ㄒㄧ	305
赦	ㄕㄜ	755
赧	ㄋㄢ	503
赨	ㄊㄨㄥ	267
赨	ㄒㄩㄥ	267
赩	ㄒㄧ	316
赫	ㄏㄜ	1595
赬	ㄔㄥ	435
赭	ㄓㄜ	595
赮	ㄒㄧㄚ	263
赯	ㄊㄤ	429
走	ㄗㄡ	49021
赱	ㄗㄡ	673
赲	ㄌㄧ	305
赳	ㄐㄧㄡ	550
赴	ㄈㄨ	2996
赶	ㄍㄢ	220
赶	ㄑㄧㄢ	220
起	ㄑㄧ	30341
赸	ㄕㄢ	298
赹	ㄑㄩㄥ	177
赺	ㄑㄧㄣ	236
赺	ㄧㄣ	236
赻	ㄒㄧㄢ	339
赼	ㄘ	244
赽	ㄍㄨㄟ	530
赽	ㄐㄩㄝ	530
赾	ㄑㄧㄣ	254
赿	ㄉㄧ	382
赿	ㄔ	382
趀	ㄘ	222
趁	ㄔㄣ	2468
趂	ㄔㄣ	323
趃	ㄉㄧㄝ	265
趃	ㄊㄨ	265
趄	ㄐㄩ	231
趄	ㄑㄧㄝ	231
超	ㄔㄠ	10783
趆	ㄉㄧ	295
趇	ㄒㄧ	244
趈	ㄓㄢ	238
趉	ㄐㄩ	504
趉	ㄐㄩㄝ	504
越	ㄩㄝ	15072
趌	ㄐㄧ	300
趌	ㄐㄧㄝ	300
趍	ㄑㄩ	289
趍	ㄔ	289
趎	ㄔㄨ	311
趏	ㄍㄨㄚ	254
趏	ㄏㄨㄛ	254
趐	ㄒㄩㄝ	408
趐	ㄔ	408
趑	ㄗ	380
趒	ㄊㄧㄠ	249
趓	ㄉㄨㄛ	236
趔	ㄌㄧㄝ	470
趕	ㄍㄢ	4527
趖	ㄙㄨㄛ	304
趗	ㄘㄨ	226
趘	ㄒㄧ	186
趙	ㄓㄠ	7302
趚	ㄙㄨ	356
趛	ㄧㄣ	188
趜	ㄐㄩ	261
趜	ㄑㄧㄡ	261
趜	ㄑㄩ	261
趝	ㄐㄧㄢ	143
趞	ㄐㄧ	315
趞	ㄑㄧ	315
趞	ㄑㄩㄝ	315
趟	ㄊㄤ	117
趟	ㄊㄤ	2222
趠	ㄊㄧㄠ	442
趠	ㄓㄨㄛ	442
趠	ㄔㄠ	442
趠	ㄔㄨㄛ	442
趡	ㄘㄨㄟ	291
趢	ㄌㄨ	197
趣	ㄑㄩ	1404
趤	ㄉㄤ	250
趥	ㄑㄧㄡ	230
趥	ㄘㄨ	230
趦	ㄗ	241
趧	ㄊㄧ	405
趨	ㄑㄩ	1377
趩	ㄔ	298
趪	ㄍㄨㄤ	240
趪	ㄏㄨㄤ	240
趫	ㄑㄧㄠ	450
趬	ㄑㄧㄠ	278
趭	ㄐㄧㄠ	269
趮	ㄗㄠ	298
趯	ㄊㄧ	200
趯	ㄩㄝ	200
趲	ㄗㄢ	439
足	ㄗㄨ	4333
趴	ㄆㄚ	1455
趵	ㄅㄠ	542
趶	ㄎㄨ	235
趶	ㄨ	235
趷	ㄎㄜ	263
趹	ㄐㄩㄝ	240
趺	ㄈㄨ	621
趻	ㄔㄣ	240
趼	ㄐㄧㄢ	494
趽	ㄆㄤ	325
趽	ㄈㄤ	325
趾	ㄓ	817
趿	ㄊㄚ	585
趿	ㄑㄧ	585
趿	ㄙㄚ	585
跀	ㄩㄝ	292
跁	ㄆㄚ	348
跂	ㄐㄧ	88
跂	ㄑㄧ	88
跂	ㄓ	88
跅	ㄊㄨㄛ	345
跆	ㄊㄞ	550
跇	ㄧ	235
跈	ㄊㄧㄢ	285
跈	ㄋㄧㄢ	285
跈	ㄐㄧㄢ	285
跈	ㄔㄣ	285
跉	ㄌㄧㄥ	251
跊	ㄇㄟ	234
跋	ㄅㄚ	771
跌	ㄉㄧㄝ	9582
跍	ㄎㄨ	290
跎	ㄊㄨㄛ	543
跏	ㄐㄧㄚ	553
跐	ㄘ	401
跑	ㄆㄠ	22665
跒	ㄑㄧㄚ	187
跓	ㄓㄨ	311
跔	ㄐㄩ	282
跔	ㄑㄩ	282
跕	ㄉㄧㄝ	430
跖	ㄓ	607
跗	ㄈㄨ	545
跘	ㄅㄢ	402
跘	ㄆㄢ	402
跙	ㄐㄩ	255
跚	ㄕㄢ	572
跛	ㄅㄛ	640
跜	ㄋㄧ	247
距	ㄐㄩ	5320
跟	ㄍㄣ	75463
跠	ㄧ	211
跡	ㄐㄧ	1053
跢	ㄉㄞ	413
跢	ㄉㄨㄛ	413
跢	ㄔ	413
跣	ㄒㄧㄢ	551
跤	ㄐㄧㄠ	646
跦	ㄓㄨ	303
跧	ㄑㄩㄢ	303
跨	ㄎㄨㄚ	2890
跩	ㄓㄨㄞ	530
跪	ㄍㄨㄟ	1288
跫	ㄑㄩㄥ	569
跬	ㄎㄨㄟ	528
跭	ㄒㄧㄤ	311
跮	ㄔ	254
路	ㄌㄨ	21443
跰	ㄅㄥ	259
跰	ㄅㄧㄥ	259
跰	ㄆㄧㄢ	259
跱	ㄓ	326
跲	ㄐㄧㄚ	271
跳	ㄊㄧㄠ	7938
跴	ㄘㄞ	341
跺	ㄉㄨㄛ	782
跼	ㄐㄩ	379
跽	ㄐㄧ	502
跾	ㄔㄡ	239
跾	ㄕㄨ	239
跿	ㄉㄨㄛ	293
跿	ㄊㄨ	293
跿	ㄔㄨㄛ	293
踀	ㄔㄨ	272
踀	ㄘㄨ	272
踁	ㄎㄥ	257
踁	ㄐㄧㄥ	257
踂	ㄋㄧㄝ	168
踃	ㄑㄧㄠ	239
踃	ㄒㄧㄠ	239
踄	ㄅㄨ	436
踅	ㄒㄩㄝ	273
踅	ㄔ	273
踆	ㄑㄩㄣ	312
踇	ㄇㄨ	365
踈	ㄕㄨ	339
踉	ㄌㄧㄤ	304
踊	ㄩㄥ	499
踋	ㄐㄧㄠ	416
踍	ㄑㄧㄠ	176
踎	ㄇㄡ	82
踏	ㄊㄚ	1608
踐	ㄐㄧㄢ	769
踑	ㄐㄧ	307
踑	ㄑㄧ	307
踒	ㄨㄛ	271
踓	ㄘㄨ	204
踓	ㄨㄟ	204
踔	ㄔㄨㄛ	573
踕	ㄐㄧㄝ	223
踖	ㄐㄧ	326
踗	ㄋㄧㄝ	199
踘	ㄐㄩ	335
踙	ㄐㄩ	174
踚	ㄌㄨㄣ	204
踛	ㄌㄨ	324
踜	ㄌㄥ	222
踝	ㄏㄨㄞ	697
踞	ㄐㄩ	616
踟	ㄔ	393
踠	ㄨㄛ	313
踠	ㄨㄢ	313
踡	ㄑㄩㄢ	373
踢	ㄊㄧ	4524
踣	ㄅㄛ	406
踤	ㄘㄨ	281
踥	ㄑㄧㄝ	235
踦	ㄐㄧ	331
踧	ㄘㄨ	330
踨	ㄗㄨㄥ	307
踩	ㄘㄞ	4296
踪	ㄗㄨㄥ	100
踫	ㄆㄥ	146
踭	ㄓㄥ	383
踮	ㄉㄧㄢ	719
踰	ㄩ	657
踱	ㄉㄨㄛ	771
踲	ㄉㄨㄣ	226
踳	ㄔㄨㄢ	271
踳	ㄔㄨㄣ	271
踴	ㄩㄥ	569
踵	ㄓㄨㄥ	604
踶	ㄉㄧ	305
踷	ㄓㄚ	167
踸	ㄔㄣ	247
踹	ㄔㄨㄞ	1285
踺	ㄐㄧㄢ	407
踻	ㄊㄨㄛ	267
踻	ㄍㄨㄚ	267
踼	ㄊㄤ	338
踽	ㄐㄩ	403
踾	ㄅㄧ	326
踾	ㄈㄨ	326
踿	ㄗㄨ	188
蹀	ㄉㄧㄝ	404
蹁	ㄆㄧㄢ	411
蹂	ㄖㄡ	491
蹃	ㄋㄚ	259
蹃	ㄋㄨㄛ	259
蹃	ㄖㄜ	259
蹄	ㄊㄧ	883
蹅	ㄓㄚ	282
蹅	ㄔㄚ	282
蹆	ㄊㄨㄟ	386
蹇	ㄐㄧㄢ	673
蹈	ㄉㄠ	756
蹉	ㄘㄨㄛ	506
蹊	ㄒㄧ	613
蹋	ㄊㄚ	634
蹌	ㄑㄧㄤ	292
蹍	ㄋㄧㄢ	379
蹍	ㄓㄢ	379
蹍	ㄔㄢ	379
蹎	ㄉㄧㄢ	278
蹏	ㄊㄧ	343
蹐	ㄐㄧ	342
蹓	ㄌㄧㄡ	445
蹔	ㄓㄢ	299
蹕	ㄅㄧ	532
蹖	ㄔㄨㄥ	393
蹗	ㄌㄨ	198
蹘	ㄌㄧㄠ	174
蹙	ㄘㄨ	744
蹚	ㄊㄤ	487
蹛	ㄉㄞ	345
蹛	ㄉㄢ	345
蹛	ㄉㄧㄝ	345
蹛	ㄓ	345
蹜	ㄙㄨㄛ	375
蹝	ㄒㄧ	290
蹞	ㄎㄨㄟ	287
蹟	ㄐㄧ	814
蹠	ㄓ	58
蹡	ㄑㄧㄤ	369
蹢	ㄉㄧ	319
蹣	ㄆㄢ	437
蹤	ㄗㄨㄥ	1032
蹥	ㄌㄧㄢ	207
蹦	ㄅㄥ	1382
蹧	ㄗㄠ	1
蹨	ㄋㄧㄢ	352
蹨	ㄖㄢ	352
蹩	ㄅㄧㄝ	574
蹪	ㄊㄨㄟ	191
蹫	ㄐㄩ	209
蹬	ㄉㄥ	1088
蹭	ㄘㄥ	1702
蹮	ㄒㄧㄢ	194
蹯	ㄈㄢ	394
蹰	ㄔㄨ	80
蹱	ㄓㄨㄥ	356
蹱	ㄔㄨㄥ	356
蹲	ㄉㄨㄣ	1446
蹳	ㄅㄛ	174
蹴	ㄘㄨ	669
蹵	ㄘㄨ	275
蹶	ㄐㄩㄝ	633
蹷	ㄐㄩㄝ	277
蹸	ㄌㄧㄣ	291
蹹	ㄊㄚ	251
蹺	ㄑㄧㄠ	680
蹻	ㄑㄧㄠ	4
蹼	ㄆㄨ	530
蹾	ㄉㄨㄣ	21
躀	ㄎㄨㄤ	7
躁	ㄗㄠ	841
躂	ㄉㄚ	530
躃	ㄅㄧ	275
躄	ㄅㄧ	402
躅	ㄓㄨ	456
躆	ㄐㄩ	292
躇	ㄔㄨ	469
躈	ㄑㄧㄠ	266
躉	ㄉㄨㄣ	578
躊	ㄔㄡ	487
躋	ㄐㄧ	585
躌	ㄨ	460
躍	ㄩㄝ	1418
躎	ㄋㄧㄢ	231
躐	ㄌㄧㄝ	379
躑	ㄓ	430
躒	ㄌㄧ	513
躓	ㄓ	437
躔	ㄔㄢ	457
躕	ㄔㄨ	454
躖	ㄉㄨㄢ	251
躗	ㄨㄟ	227
躘	ㄌㄨㄥ	290
躙	ㄌㄧㄣ	307
躚	ㄒㄧㄢ	554
躛	ㄨㄟ	191
躝	ㄌㄢ	340
躞	ㄒㄧㄝ	425
躟	ㄖㄤ	281
躠	ㄒㄧㄝ	297
躡	ㄋㄧㄝ	652
躢	ㄊㄚ	221
躣	ㄑㄩ	308
躤	ㄐㄧㄝ	215
躥	ㄘㄨㄢ	836
躦	ㄗㄨㄢ	401
躧	ㄒㄧ	286
躨	ㄎㄨㄟ	238
躩	ㄐㄩㄝ	265
躪	ㄌㄧㄣ	404
身	ㄕㄣ	6688
躬	ㄍㄨㄥ	825
躭	ㄉㄢ	312
躰	ㄊㄧ	473
躱	ㄉㄨㄛ	497
躲	ㄉㄨㄛ	2994
躳	ㄍㄨㄥ	225
躴	ㄌㄤ	241
躶	ㄌㄨㄛ	301
躷	ㄞ	230
躸	ㄐㄧ	225
躹	ㄐㄩ	326
躺	ㄊㄤ	2234
躽	ㄧㄢ	248
躾	ㄇㄟ	326
躿	ㄎㄤ	257
軀	ㄑㄩ	802
軁	ㄌㄡ	253
軁	ㄌㄩ	253
軂	ㄌㄠ	279
軃	ㄉㄨㄛ	276
軃	ㄊㄨㄛ	276
軄	ㄓ	229
軅	ㄧㄢ	249
軆	ㄊㄧ	609
軇	ㄉㄠ	184
軈	ㄧㄥ	248
軉	ㄩ	224
車	ㄐㄩ	270
車	ㄔㄜ	26756
軋	ㄍㄚ	301
軋	ㄓㄚ	301
軋	ㄧㄚ	301
軌	ㄍㄨㄟ	1188
軍	ㄐㄩㄣ	6699
軎	ㄨㄟ	340
軏	ㄩㄝ	2
軐	ㄒㄧㄢ	277
軐	ㄒㄧㄣ	277
軑	ㄉㄞ	325
軒	ㄒㄩㄢ	2349
軓	ㄈㄢ	319
軔	ㄖㄣ	470
軖	ㄎㄨㄤ	213
軗	ㄕㄨ	264
軘	ㄊㄨㄣ	294
軙	ㄑㄧ	194
軙	ㄔㄣ	194
軚	ㄉㄞ	371
軛	ㄜ	540
軜	ㄋㄚ	283
軝	ㄑㄧ	190
軞	ㄇㄠ	290
軟	ㄖㄨㄢ	4276
軠	ㄖㄣ	233
軡	ㄑㄧㄢ	281
転	ㄓㄨㄢ	533
軣	ㄏㄨㄥ	237
軤	ㄏㄨ	322
軥	ㄑㄩ	312
軦	ㄎㄨㄤ	328
軧	ㄉㄧ	319
軧	ㄔ	319
軨	ㄌㄧㄥ	2
軩	ㄉㄞ	267
軪	ㄠ	184
軫	ㄓㄣ	666
軬	ㄅㄣ	258
軬	ㄈㄢ	258
軭	ㄎㄨㄤ	283
軮	ㄧㄤ	273
軯	ㄆㄥ	235
軰	ㄅㄟ	479
軱	ㄍㄨ	300
軲	ㄍㄨ	431
軳	ㄆㄠ	318
軴	ㄓㄨ	380
軵	ㄈㄨ	261
軵	ㄖㄨㄥ	261
軶	ㄜ	254
軷	ㄅㄚ	320
軸	ㄓㄡ	2088
軹	ㄓ	507
軺	ㄧㄠ	411
軻	ㄎㄜ	338
軼	ㄧ	825
軽	ㄑㄧㄥ	490
軾	ㄕ	736
輀	ㄦ	315
輁	ㄍㄨㄥ	327
輂	ㄐㄩ	373
較	ㄐㄧㄠ	8349
輄	ㄍㄨㄤ	368
輅	ㄌㄨ	524
輆	ㄎㄞ	271
輇	ㄑㄩㄢ	395
輈	ㄓㄡ	372
載	ㄗㄞ	599
載	ㄗㄞ	2397
輊	ㄓ	433
輋	ㄕㄜ	376
輌	ㄌㄧㄤ	331
輍	ㄩ	200
輎	ㄕㄠ	238
輏	ㄧㄡ	215
輐	ㄨㄢ	388
輐	ㄩㄢ	388
輑	ㄑㄩㄣ	320
輑	ㄧㄣ	320
輒	ㄓㄜ	711
輓	ㄨㄢ	950
輔	ㄈㄨ	1319
輕	ㄑㄧㄥ	6127
輖	ㄓㄡ	379
輗	ㄋㄧ	2
輘	ㄌㄥ	286
輘	ㄌㄧㄥ	286
輙	ㄓㄜ	319
輚	ㄓㄢ	259
輛	ㄌㄧㄤ	2649
輜	ㄗ	419
輝	ㄏㄨㄟ	3105
輞	ㄨㄤ	444
輟	ㄔㄨㄛ	652
輠	ㄍㄨㄛ	408
輡	ㄎㄢ	214
輢	ㄧ	209
輣	ㄆㄥ	381
輤	ㄑㄧㄢ	273
輥	ㄍㄨㄣ	919
輦	ㄋㄧㄢ	645
輧	ㄆㄥ	317
輧	ㄆㄧㄥ	317
輨	ㄍㄨㄢ	320
輩	ㄅㄟ	1168
輪	ㄌㄨㄣ	3859
輫	ㄆㄞ	350
輬	ㄌㄧㄤ	308
輭	ㄖㄨㄢ	266
輮	ㄖㄡ	1
輯	ㄐㄧ	1288
輰	ㄧㄤ	245
輱	ㄎㄢ	239
輱	ㄒㄧㄢ	239
輲	ㄔㄨㄢ	283
輳	ㄘㄡ	552
輴	ㄔㄨㄣ	338
輵	ㄍㄜ	324
輶	ㄧㄡ	403
輷	ㄏㄨㄥ	236
輸	ㄕㄨ	6108
輹	ㄈㄨ	310
輺	ㄗ	218
輻	ㄈㄨ	676
輼	ㄨㄣ	254
輽	ㄅㄣ	167
輾	ㄓㄢ	640
輿	ㄩ	748
轀	ㄨㄣ	362
轁	ㄊㄠ	310
轁	ㄎㄢ	310
轂	ㄍㄨ	311
轃	ㄓㄣ	310
轄	ㄒㄧㄚ	936
轅	ㄩㄢ	628
轆	ㄌㄨ	508
轇	ㄐㄧㄡ	309
轈	ㄔㄠ	227
轉	ㄓㄨㄢ	8763
轊	ㄨㄟ	282
轋	ㄏㄨㄣ	263
轌	ㄒㄩㄝ	424
轍	ㄓㄜ	769
轍	ㄔㄜ	40
轎	ㄐㄧㄠ	908
轏	ㄓㄢ	181
轐	ㄅㄨ	272
轑	ㄌㄠ	260
轒	ㄈㄣ	328
轓	ㄈㄢ	334
轔	ㄌㄧㄣ	420
轕	ㄍㄜ	390
轖	ㄙㄜ	228
轗	ㄎㄢ	291
轘	ㄏㄨㄢ	374
轙	ㄧ	266
轚	ㄐㄧ	214
轛	ㄓㄨㄟ	217
轜	ㄦ	277
轝	ㄩ	280
轞	ㄒㄧㄢ	294
轟	ㄏㄨㄥ	1320
轠	ㄌㄟ	294
轡	ㄆㄟ	606
轢	ㄌㄧ	423
轤	ㄌㄨ	404
轥	ㄌㄧㄣ	239
辛	ㄒㄧㄣ	2162
辜	ㄍㄨ	919
辝	ㄘ	246
辟	ㄅㄧ	339
辟	ㄆㄧ	339
辠	ㄗㄨㄟ	288
辡	ㄅㄧㄢ	242
辢	ㄌㄚ	356
辣	ㄌㄚ	2401
辤	ㄘ	480
辥	ㄒㄩㄝ	276
辥	ㄧ	276
辦	ㄅㄢ	18422
辧	ㄅㄧㄢ	377
辨	ㄅㄧㄢ	1215
辬	ㄅㄢ	411
辭	ㄘ	1814
辮	ㄅㄧㄢ	776
辯	ㄅㄧㄢ	1294
辰	ㄔㄣ	1608
辱	ㄖㄨ	956
農	ㄋㄨㄥ	3178
辳	ㄋㄨㄥ	244
辴	ㄓㄣ	250
辴	ㄔㄢ	250
辵	ㄔㄨㄛ	528
辶	ㄔㄨㄛ	551
辷	ㄧ	696
辸	ㄖㄥ	247
辺	ㄅㄧㄢ	532
辻	ㄕ	534
込	ㄖㄨ	555
込	ㄩ	6
达	ㄉㄚ	600
达	ㄊㄚ	600
达	ㄊㄧ	600
辿	ㄔㄢ	431
迀	ㄍㄢ	421
迂	ㄩ	609
迃	ㄩ	209
迄	ㄑㄧ	619
迅	ㄒㄩㄣ	1161
迆	ㄊㄨㄛ	346
迆	ㄧ	346
迉	ㄑㄧ	407
迊	ㄗㄚ	411
迋	ㄨㄤ	488
迌	ㄊㄨ	314
迍	ㄓㄨㄣ	388
迎	ㄧㄥ	2187
迏	ㄊㄧ	359
运	ㄩㄣ	1
近	ㄐㄧㄣ	15920
迒	ㄏㄤ	291
迒	ㄒㄧㄤ	291
迓	ㄧㄚ	602
返	ㄈㄢ	3209
迕	ㄨ	516
迖	ㄉㄚ	362
迗	ㄜ	567
迚	ㄉㄚ	471
迠	ㄔㄜ	308
迡	ㄋㄧ	489
迡	ㄔ	489
迢	ㄊㄧㄠ	523
迣	ㄓ	545
迤	ㄧ	289
迥	ㄐㄩㄥ	984
迦	ㄐㄧㄚ	1049
迧	ㄔㄣ	213
迨	ㄉㄞ	593
迪	ㄉㄧ	2184
迫	ㄆㄛ	1101
迬	ㄓㄨ	439
迬	ㄨㄤ	439
迭	ㄉㄧㄝ	885
迮	ㄗㄜ	474
迯	ㄊㄠ	453
述	ㄕㄨ	1360
迱	ㄊㄨㄛ	289
迱	ㄧ	289
迲	ㄑㄩ	546
迴	ㄏㄨㄟ	790
迵	ㄉㄨㄥ	377
迶	ㄧㄡ	523
迷	ㄇㄧ	4529
迸	ㄅㄥ	693
迹	ㄐㄧ	510
迺	ㄋㄞ	192
迻	ㄧ	368
迼	ㄐㄧㄝ	277
追	ㄉㄨㄟ	65
追	ㄓㄨㄟ	6412
迾	ㄌㄧㄝ	295
迿	ㄒㄩㄣ	343
退	ㄊㄨㄟ	8214
送	ㄙㄨㄥ	20106
适	ㄎㄨㄛ	621
逃	ㄊㄠ	2923
逄	ㄆㄤ	597
逅	ㄏㄡ	597
逆	ㄋㄧ	1737
逇	ㄉㄨㄣ	317
逈	ㄐㄩㄥ	326
选	ㄒㄩㄢ	1
逋	ㄅㄨ	562
逌	ㄧㄡ	329
逍	ㄒㄧㄠ	810
逎	ㄑㄧㄡ	267
透	ㄊㄡ	2585
逐	ㄓㄨ	1531
逑	ㄑㄧㄡ	606
逓	ㄉㄧ	240
途	ㄊㄨ	1300
逕	ㄐㄧㄥ	638
逖	ㄊㄧ	577
逗	ㄉㄡ	2535
逘	ㄙ	226
逘	ㄧ	226
這	ㄓㄜ	181776
通	ㄊㄨㄥ	93
通	ㄊㄨㄥ	9200
逛	ㄍㄨㄤ	4309
逜	ㄨ	424
逝	ㄕ	1261
逞	ㄔㄥ	755
速	ㄙㄨ	2635
造	ㄗㄠ	5633
逡	ㄑㄩㄣ	529
逢	ㄈㄥ	1828
連	ㄌㄧㄢ	27493
逤	ㄙㄨㄛ	290
逥	ㄏㄨㄟ	412
逧	ㄍㄨ	321
逨	ㄌㄞ	467
逩	ㄅㄣ	391
逪	ㄘㄨㄛ	209
逫	ㄐㄩㄝ	261
逫	ㄓㄨ	261
逬	ㄅㄥ	302
逬	ㄆㄥ	302
逭	ㄏㄨㄢ	503
逮	ㄉㄞ	539
逯	ㄌㄨ	637
逰	ㄧㄡ	388
週	ㄓㄡ	7356
進	ㄐㄧㄣ	25597
逳	ㄩ	322
逴	ㄔㄨㄛ	344
逵	ㄎㄨㄟ	704
逶	ㄨㄟ	532
逷	ㄊㄧ	307
逸	ㄧ	2074
逹	ㄉㄚ	462
逺	ㄩㄢ	596
逼	ㄅㄧ	4063
逽	ㄋㄨㄛ	303
逾	ㄩ	1539
逿	ㄉㄤ	296
逿	ㄊㄤ	296
遀	ㄙㄨㄟ	252
遁	ㄉㄨㄣ	902
遂	ㄙㄨㄟ	2350
遃	ㄢ	218
遃	ㄧㄢ	218
遄	ㄔㄨㄢ	553
遅	ㄔ	459
遆	ㄊㄧ	376
遇	ㄩ	2730
遈	ㄕ	608
遉	ㄓㄣ	295
遊	ㄧㄡ	3439
運	ㄩㄣ	3863
遌	ㄜ	234
遍	ㄅㄧㄢ	4022
過	ㄍㄨㄛ	112999
遏	ㄜ	667
遐	ㄒㄧㄚ	668
遑	ㄏㄨㄤ	588
遒	ㄑㄧㄡ	567
道	ㄉㄠ	17091
達	ㄉㄚ	10627
違	ㄨㄟ	967
遖	ㄋㄢ	394
遘	ㄍㄡ	460
遙	ㄧㄠ	1500
遚	ㄔㄡ	210
遛	ㄌㄧㄡ	782
遜	ㄒㄩㄣ	1086
遝	ㄊㄚ	396
遞	ㄉㄧ	1704
遟	ㄒㄧ	350
遟	ㄓ	350
遟	ㄔ	350
遠	ㄩㄢ	13429
遡	ㄙㄨ	200
遢	ㄊㄚ	530
遣	ㄑㄧㄢ	1041
遦	ㄍㄨㄢ	404
遧	ㄓㄤ	228
遨	ㄠ	559
適	ㄕ	1666
遪	ㄘㄚ	203
遫	ㄙㄨ	254
遬	ㄙㄨ	274
遭	ㄗㄠ	4720
遮	ㄓㄜ	1437
遯	ㄉㄨㄣ	418
遰	ㄉㄧ	419
遱	ㄌㄡ	231
遲	ㄔ	2718
遳	ㄘㄨㄛ	215
遴	ㄌㄧㄣ	491
遵	ㄗㄨㄣ	920
遶	ㄖㄠ	386
遷	ㄑㄧㄢ	1543
選	ㄒㄩㄢ	14622
遹	ㄩ	433
遺	ㄧ	1268
遻	ㄨ	254
遼	ㄌㄧㄠ	1280
遽	ㄐㄩ	603
遾	ㄕ	220
避	ㄅㄧ	1783
邀	ㄧㄠ	1669
邁	ㄇㄞ	1907
邂	ㄒㄧㄝ	504
邃	ㄙㄨㄟ	561
還	ㄏㄞ	228970
還	ㄏㄨㄢ	57242
邅	ㄓㄢ	386
邆	ㄊㄥ	300
邇	ㄦ	800
邈	ㄇㄧㄠ	665
邉	ㄅㄧㄢ	532
邊	ㄅㄧㄢ	15276
邋	ㄌㄚ	576
邋	ㄌㄧㄝ	576
邌	ㄌㄧ	390
邌	ㄔ	390
邍	ㄩㄢ	309
邎	ㄧㄠ	339
邏	ㄌㄨㄛ	607
邐	ㄌㄧ	562
邑	ㄧ	984
邒	ㄊㄧㄥ	238
邓	ㄕㄢ	30
邔	ㄑㄧ	272
邕	ㄩㄥ	650
邖	ㄕㄢ	285
邗	ㄏㄢ	482
邘	ㄩ	363
邙	ㄇㄤ	549
邚	ㄈㄨ	280
邚	ㄖㄨ	280
邛	ㄑㄩㄥ	553
邞	ㄈㄨ	231
邟	ㄎㄤ	251
邟	ㄏㄤ	251
邠	ㄅㄧㄣ	474
邡	ㄈㄤ	465
邢	ㄒㄧㄥ	1414
那	ㄋㄚ	2708
那	ㄋㄚ	268071
邤	ㄒㄧㄣ	348
邥	ㄕㄣ	322
邦	ㄅㄤ	2491
邧	ㄩㄢ	281
邨	ㄘㄨㄣ	565
邩	ㄏㄨㄛ	294
邪	ㄒㄧㄝ	2193
邫	ㄅㄤ	197
邭	ㄐㄩ	295
邮	ㄉㄧ	90
邯	ㄏㄢ	620
邰	ㄊㄞ	664
邱	ㄑㄧㄡ	2210
邲	ㄅㄧ	349
邳	ㄆㄧ	543
邴	ㄅㄧㄥ	541
邵	ㄕㄠ	1852
邶	ㄅㄟ	493
邷	ㄨㄚ	207
邸	ㄉㄧ	809
邺	ㄑㄧㄡ	1
邺	ㄧㄝ	1
邻	ㄌㄧㄣ	1
邼	ㄎㄨㄤ	193
邽	ㄍㄨㄟ	433
邾	ㄓㄨ	552
邿	ㄕ	290
郀	ㄎㄨ	228
郁	ㄩ	1264
郂	ㄍㄞ	286
郂	ㄏㄞ	286
郃	ㄏㄜ	544
郄	ㄑㄧㄝ	546
郄	ㄑㄩㄝ	546
郄	ㄒㄧ	546
郅	ㄓ	734
郆	ㄐㄧ	207
郇	ㄒㄩㄣ	546
郈	ㄏㄡ	388
郉	ㄒㄧㄥ	341
郊	ㄐㄧㄠ	868
郋	ㄒㄧ	312
郌	ㄍㄨㄟ	215
郍	ㄈㄨ	277
郍	ㄋㄚ	277
郍	ㄋㄨㄛ	277
郎	ㄌㄤ	2599
郔	ㄧㄢ	312
郕	ㄔㄥ	411
郖	ㄉㄡ	336
郗	ㄔ	621
郘	ㄌㄩ	291
郙	ㄈㄨ	335
郚	ㄨ	374
郛	ㄈㄨ	435
郜	ㄍㄠ	691
郝	ㄏㄠ	1783
郞	ㄌㄤ	566
郟	ㄐㄧㄚ	568
郠	ㄍㄥ	289
郡	ㄐㄩㄣ	1694
郢	ㄧㄥ	681
郣	ㄅㄛ	246
郤	ㄒㄧ	490
郥	ㄅㄟ	310
部	ㄅㄨ	14778
郩	ㄒㄧㄠ	268
郩	ㄠ	268
郪	ㄑㄧ	460
郫	ㄆㄧ	429
郬	ㄑㄧㄥ	287
郭	ㄍㄨㄛ	5243
郮	ㄓㄡ	295
郯	ㄊㄢ	577
郰	ㄗㄡ	267
郱	ㄆㄧㄥ	249
郲	ㄌㄞ	331
郳	ㄋㄧ	366
郴	ㄔㄣ	684
郵	ㄧㄡ	1537
郶	ㄅㄨ	238
郷	ㄒㄧㄤ	509
郹	ㄐㄩ	200
郺	ㄩㄥ	194
郻	ㄑㄧㄠ	190
郼	ㄧ	224
都	ㄉㄡ	367027
都	ㄉㄨ	40781
郾	ㄧㄢ	547
郿	ㄇㄟ	438
鄀	ㄖㄨㄛ	401
鄁	ㄅㄟ	291
鄂	ㄜ	1300
鄃	ㄕㄨ	319
鄄	ㄐㄩㄢ	610
鄅	ㄩ	278
鄆	ㄩㄣ	526
鄇	ㄏㄡ	276
鄈	ㄎㄨㄟ	212
鄉	ㄒㄧㄤ	4861
鄊	ㄒㄧㄤ	235
鄋	ㄙㄡ	259
鄌	ㄊㄤ	320
鄍	ㄇㄧㄥ	273
鄎	ㄒㄧ	253
鄏	ㄖㄨ	308
鄐	ㄔㄨ	278
鄑	ㄗ	257
鄒	ㄗㄡ	2109
鄓	ㄧㄝ	191
鄔	ㄨ	875
鄕	ㄒㄧㄤ	359
鄖	ㄩㄣ	607
鄗	ㄏㄠ	359
鄘	ㄩㄥ	402
鄙	ㄅㄧ	715
鄚	ㄇㄛ	377
鄛	ㄔㄠ	265
鄜	ㄈㄨ	455
鄝	ㄌㄧㄠ	310
鄞	ㄧㄣ	564
鄟	ㄓㄨㄢ	230
鄠	ㄏㄨ	393
鄡	ㄑㄧㄠ	269
鄢	ㄧㄢ	715
鄣	ㄓㄤ	608
鄤	ㄇㄢ	314
鄥	ㄑㄧㄠ	204
鄦	ㄒㄩ	318
鄧	ㄉㄥ	3409
鄨	ㄅㄧ	276
鄩	ㄒㄧㄣ	404
鄪	ㄅㄧ	262
鄫	ㄘㄥ	393
鄬	ㄨㄟ	351
鄭	ㄓㄥ	4827
鄮	ㄇㄠ	381
鄯	ㄕㄢ	516
鄰	ㄌㄧㄣ	1330
鄱	ㄆㄛ	536
鄲	ㄉㄢ	476
鄳	ㄇㄥ	274
鄴	ㄧㄝ	636
鄵	ㄘㄠ	235
鄵	ㄙㄠ	235
鄶	ㄎㄨㄞ	454
鄷	ㄈㄥ	309
鄸	ㄇㄥ	311
鄹	ㄗㄡ	571
鄺	ㄎㄨㄤ	792
鄻	ㄌㄧㄢ	135
鄼	ㄗㄢ	200
鄽	ㄔㄢ	255
鄾	ㄧㄡ	276
鄿	ㄑㄧ	212
酀	ㄧㄢ	252
酁	ㄔㄢ	167
酃	ㄌㄧㄥ	548
酄	ㄏㄨㄢ	375
酄	ㄑㄩㄢ	375
酅	ㄒㄧ	293
酆	ㄈㄥ	618
酇	ㄗㄢ	385
酈	ㄌㄧ	701
酉	ㄧㄡ	776
酊	ㄉㄧㄥ	598
酋	ㄑㄧㄡ	605
酌	ㄓㄨㄛ	742
配	ㄆㄟ	7583
酎	ㄓㄡ	441
酏	ㄧ	356
酐	ㄍㄢ	555
酑	ㄩ	214
酒	ㄐㄧㄡ	9168
酓	ㄧㄢ	280
酓	ㄧㄣ	280
酔	ㄗㄨㄟ	503
酕	ㄇㄠ	323
酖	ㄉㄢ	169
酖	ㄓㄣ	169
酗	ㄒㄩ	481
酘	ㄉㄡ	271
酙	ㄓㄣ	280
酚	ㄈㄣ	977
酜	ㄈㄨ	13
酞	ㄊㄞ	569
酟	ㄊㄧㄢ	180
酠	ㄑㄧㄚ	234
酡	ㄊㄨㄛ	518
酢	ㄗㄨㄛ	286
酢	ㄘㄨ	286
酣	ㄏㄢ	711
酤	ㄍㄨ	456
酥	ㄙㄨ	1189
酧	ㄔㄡ	265
酨	ㄗㄞ	360
酨	ㄗㄨㄟ	360
酩	ㄇㄧㄥ	530
酪	ㄌㄠ	693
酪	ㄌㄨㄛ	693
酫	ㄔㄨㄛ	310
酬	ㄔㄡ	904
酭	ㄧㄡ	320
酮	ㄊㄨㄥ	1083
酯	ㄓ	1026
酲	ㄔㄥ	446
酳	ㄧㄣ	292
酴	ㄊㄨ	447
酵	ㄐㄧㄠ	626
酵	ㄒㄧㄠ	626
酶	ㄇㄟ	1858
酷	ㄎㄨ	3220
酸	ㄙㄨㄢ	3604
酹	ㄌㄟ	536
酺	ㄆㄨ	409
酻	ㄈㄨ	237
酻	ㄗㄨㄟ	237
酼	ㄏㄞ	236
醀	ㄓㄨㄟ	194
醀	ㄨㄟ	194
醁	ㄌㄨ	369
醂	ㄌㄢ	318
醃	ㄧㄢ	833
醄	ㄊㄠ	310
醅	ㄆㄟ	524
醇	ㄔㄨㄣ	1217
醈	ㄉㄢ	246
醈	ㄊㄢ	246
醉	ㄗㄨㄟ	3307
醊	ㄔㄨㄛ	295
醋	ㄘㄨ	1840
醌	ㄎㄨㄣ	570
醍	ㄊㄧ	509
醎	ㄐㄧㄢ	302
醎	ㄒㄧㄢ	302
醏	ㄉㄨ	239
醐	ㄏㄨ	399
醑	ㄒㄩ	412
醒	ㄒㄧㄥ	4322
醓	ㄊㄢ	287
醔	ㄑㄧㄡ	286
醔	ㄔㄡ	286
醕	ㄔㄨㄣ	285
醗	ㄆㄛ	240
醘	ㄎㄜ	293
醙	ㄙㄡ	268
醚	ㄇㄧ	784
醛	ㄑㄩㄢ	793
醜	ㄔㄡ	1271
醝	ㄘㄨㄛ	268
醞	ㄩㄣ	625
醟	ㄩㄥ	226
醠	ㄤ	312
醡	ㄓㄚ	364
醢	ㄏㄞ	522
醣	ㄊㄤ	1019
醤	ㄐㄧㄤ	386
醥	ㄆㄧㄠ	236
醦	ㄔㄢ	245
醦	ㄔㄣ	245
醧	ㄡ	327
醧	ㄩ	327
醨	ㄌㄧ	360
醩	ㄗㄠ	327
醪	ㄌㄠ	584
醫	ㄧ	2222
醬	ㄐㄧㄤ	1641
醭	ㄅㄨ	569
醮	ㄐㄧㄠ	580
醯	ㄒㄧ	803
醰	ㄊㄢ	301
醱	ㄆㄛ	360
醲	ㄋㄨㄥ	329
醳	ㄕ	267
醳	ㄧ	267
醴	ㄌㄧ	587
醵	ㄐㄩ	513
醶	ㄌㄧㄢ	282
醶	ㄐㄧㄢ	282
醶	ㄒㄧㄢ	282
醶	ㄧㄢ	282
醷	ㄞ	268
醷	ㄧ	268
醸	ㄋㄧㄤ	357
醹	ㄖㄨ	234
醺	ㄒㄩㄣ	544
醻	ㄉㄠ	352
醻	ㄔㄡ	352
醻	ㄕㄡ	352
醼	ㄧㄢ	260
醽	ㄌㄧㄥ	365
醾	ㄇㄧ	384
醿	ㄇㄧ	433
釀	ㄋㄧㄤ	1036
釁	ㄒㄧㄣ	614
釂	ㄐㄧㄠ	281
釃	ㄕ	449
釄	ㄇㄧ	311
釅	ㄧㄢ	557
釆	ㄅㄧㄢ	56
采	ㄘㄞ	1883
釈	ㄕ	424
釉	ㄧㄡ	905
釋	ㄕ	1374
里	ㄌㄧ	44140
重	ㄓㄨㄥ	10640
重	ㄔㄨㄥ	1182
野	ㄧㄝ	5582
量	ㄌㄧㄤ	2405
量	ㄌㄧㄤ	9620
釐	ㄌㄧ	763
金	ㄐㄧㄣ	16064
釒	ㄐㄧㄣ	580
釓	ㄍㄚ	528
釔	ㄧ	598
釕	ㄌㄧㄠ	628
釖	ㄉㄠ	389
釗	ㄓㄠ	855
釘	ㄉㄧㄥ	1422
釙	ㄆㄛ	530
釚	ㄑㄧㄡ	282
釛	ㄅㄚ	180
釜	ㄈㄨ	764
針	ㄓㄣ	2860
釞	ㄓ	247
釟	ㄅㄚ	328
釠	ㄌㄨㄢ	214
釡	ㄈㄨ	279
釢	ㄋㄞ	446
釣	ㄉㄧㄠ	1617
釤	ㄕㄢ	540
釥	ㄐㄧㄠ	334
釥	ㄑㄧㄠ	334
釦	ㄎㄡ	2909
釧	ㄔㄨㄢ	629
釨	ㄗ	515
釩	ㄈㄢ	834
釪	ㄩ	345
釫	ㄏㄨㄚ	231
釫	ㄨ	231
釬	ㄏㄢ	103
釭	ㄍㄤ	423
釮	ㄑㄧ	297
釯	ㄇㄤ	275
釰	ㄐㄧㄢ	294
釰	ㄖ	294
釰	ㄖㄣ	294
釱	ㄉㄧ	283
釲	ㄙ	248
釳	ㄒㄧ	1
釴	ㄧ	301
釵	ㄔㄞ	875
釶	ㄕ	397
釶	ㄧ	397
釶	ㄧㄝ	397
釷	ㄊㄨ	579
釸	ㄒㄧ	269
釹	ㄋㄩ	731
釺	ㄑㄧㄢ	617
釼	ㄐㄧㄢ	228
釽	ㄆㄧ	323
釽	ㄓㄠ	323
釿	ㄐㄧㄣ	390
釿	ㄧㄣ	390
鈀	ㄅㄚ	332
鈀	ㄆㄚ	332
鈁	ㄈㄤ	532
鈂	ㄑㄧㄣ	265
鈂	ㄓㄣ	265
鈂	ㄔㄣ	265
鈃	ㄒㄧㄥ	380
鈄	ㄊㄡ	573
鈅	ㄩㄝ	529
鈆	ㄧㄢ	288
鈇	ㄈㄨ	4
鈈	ㄅㄨ	693
鈉	ㄋㄚ	1341
鈊	ㄒㄧㄣ	653
鈌	ㄐㄩㄝ	278
鈍	ㄉㄨㄣ	900
鈎	ㄍㄡ	310
鈏	ㄧㄣ	413
鈐	ㄑㄧㄢ	624
鈑	ㄅㄢ	613
鈒	ㄐㄧ	342
鈒	ㄙㄚ	342
鈒	ㄙㄜ	342
鈓	ㄖㄣ	334
鈔	ㄔㄠ	915
鈕	ㄋㄧㄡ	1887
鈖	ㄈㄣ	420
鈗	ㄉㄨㄟ	299
鈗	ㄩㄣ	299
鈘	ㄐㄧ	180
鈙	ㄑㄧㄣ	250
鈚	ㄅㄧ	368
鈚	ㄆㄧ	368
鈛	ㄍㄨㄛ	355
鈜	ㄏㄨㄥ	324
鈝	ㄧㄣ	242
鈞	ㄐㄩㄣ	1219
鈟	ㄕ	249
鈢	ㄒㄧ	309
鈣	ㄍㄞ	1954
鈤	ㄖ	669
鈥	ㄏㄨㄛ	711
鈦	ㄊㄞ	1176
鈧	ㄎㄤ	612
鈩	ㄌㄨ	380
鈪	ㄜ	212
鈬	ㄉㄨㄛ	261
鈭	ㄗ	396
鈮	ㄋㄧ	629
鈯	ㄊㄨ	214
鈰	ㄕ	592
鈱	ㄇㄧㄣ	301
鈲	ㄆㄧ	1
鈲	ㄍㄨ	1
鈳	ㄎㄜ	547
鈴	ㄌㄧㄥ	1390
鈵	ㄅㄧㄥ	271
鈶	ㄊㄞ	324
鈶	ㄘ	324
鈶	ㄙ	324
鈶	ㄧ	324
鈷	ㄍㄨ	801
鈸	ㄅㄛ	554
鈹	ㄆㄧ	603
鈺	ㄩ	1085
鈻	ㄙ	406
鈼	ㄗㄨㄛ	421
鈽	ㄅㄨ	265
鈾	ㄧㄡ	876
鈿	ㄉㄧㄢ	331
鈿	ㄊㄧㄢ	331
鉀	ㄐㄧㄚ	1213
鉂	ㄕ	430
鉃	ㄕ	445
鉃	ㄗㄨ	445
鉄	ㄊㄧㄝ	572
鉅	ㄐㄩ	1183
鉆	ㄓㄢ	57
鉆	ㄓㄣ	57
鉆	ㄔㄢ	57
鉇	ㄕ	222
鉇	ㄧ	222
鉈	ㄊㄚ	634
鉉	ㄒㄩㄢ	780
鉊	ㄓㄠ	311
鉋	ㄅㄠ	346
鉌	ㄏㄜ	315
鉍	ㄅㄧ	639
鉎	ㄕㄥ	511
鉏	ㄔㄨ	411
鉐	ㄕ	395
鉐	ㄗㄨ	395
鉑	ㄅㄛ	890
鉒	ㄓㄨ	463
鉓	ㄔ	372
鉔	ㄗㄚ	287
鉕	ㄆㄛ	396
鉖	ㄊㄨㄥ	240
鉗	ㄑㄧㄢ	910
鉘	ㄈㄨ	204
鉙	ㄓㄞ	236
鉚	ㄇㄠ	690
鉛	ㄑㄧㄢ	1344
鉜	ㄈㄨ	257
鉝	ㄌㄧ	289
鉞	ㄩㄝ	653
鉟	ㄆㄧ	224
鉠	ㄧㄤ	208
鉡	ㄅㄢ	380
鉢	ㄅㄛ	909
鉣	ㄐㄧㄝ	226
鉤	ㄍㄡ	1521
鉥	ㄕㄨ	334
鉦	ㄓㄥ	562
鉧	ㄇㄨ	366
鉨	ㄒㄧ	672
鉩	ㄋㄧㄝ	390
鉩	ㄒㄧ	390
鉪	ㄉㄧ	236
鉫	ㄐㄧㄚ	376
鉬	ㄇㄨ	836
鉭	ㄊㄢ	657
鉮	ㄏㄨㄢ	458
鉮	ㄕㄣ	458
鉯	ㄧ	489
鉰	ㄙ	300
鉱	ㄎㄨㄤ	395
鉲	ㄎㄚ	514
鉳	ㄅㄟ	18
鉵	ㄊㄨㄥ	247
鉵	ㄓㄨㄛ	247
鉶	ㄒㄧㄥ	426
鉷	ㄏㄨㄥ	366
鉸	ㄐㄧㄠ	669
鉹	ㄔ	213
鉺	ㄦ	589
鉻	ㄍㄜ	982
鉼	ㄅㄧㄥ	340
鉽	ㄕ	485
鉾	ㄇㄡ	342
鉿	ㄏㄚ	577
銀	ㄧㄣ	4938
銁	ㄐㄩㄣ	171
銂	ㄓㄡ	280
銃	ㄔㄨㄥ	628
銄	ㄐㄩㄥ	469
銄	ㄒㄧㄤ	469
銅	ㄊㄨㄥ	3167
銆	ㄇㄛ	697
銇	ㄌㄟ	472
銈	ㄐㄧ	436
銉	ㄙ	406
銉	ㄩ	406
銊	ㄏㄨㄟ	344
銊	ㄒㄩ	344
銋	ㄖㄣ	318
銌	ㄗㄨㄣ	310
銍	ㄓ	387
銎	ㄑㄩㄥ	532
銏	ㄕㄢ	406
銏	ㄕㄨㄛ	406
銐	ㄌㄧ	260
銐	ㄔ	260
銑	ㄒㄧ	749
銑	ㄒㄧㄢ	749
銒	ㄐㄧㄢ	243
銒	ㄒㄧㄥ	243
銓	ㄑㄩㄢ	681
銔	ㄆㄧ	188
銕	ㄧ	427
銖	ㄓㄨ	603
銗	ㄏㄡ	446
銗	ㄒㄧㄤ	446
銘	ㄇㄧㄥ	1963
銙	ㄎㄨㄚ	322
銚	ㄉㄧㄠ	234
銚	ㄧㄠ	234
銛	ㄒㄧㄢ	409
銜	ㄒㄧㄢ	965
銝	ㄒㄧㄡ	271
銞	ㄐㄩㄣ	210
銟	ㄔㄚ	209
銠	ㄌㄠ	613
銡	ㄐㄧ	288
銢	ㄆㄧ	196
銣	ㄖㄨ	556
銤	ㄇㄧ	393
銥	ㄧ	651
銦	ㄧㄣ	631
銧	ㄍㄨㄤ	451
銨	ㄢ	836
銩	ㄉㄧㄡ	548
銪	ㄧㄡ	619
銫	ㄙㄜ	627
銬	ㄎㄠ	678
銭	ㄑㄧㄢ	506
銰	ㄞ	313
銱	ㄉㄧㄠ	444
銲	ㄏㄢ	246
銳	ㄖㄨㄟ	1472
銴	ㄓ	289
銴	ㄕ	289
銵	ㄎㄥ	222
銶	ㄑㄧㄡ	5
銷	ㄒㄧㄠ	1671
銸	ㄋㄧㄝ	249
銸	ㄓㄜ	249
銹	ㄒㄧㄡ	836
銺	ㄗㄤ	213
銻	ㄊㄧ	693
銼	ㄘㄨㄛ	667
銽	ㄍㄨㄚ	236
銾	ㄍㄨㄥ	243
銾	ㄏㄨㄥ	243
銿	ㄓㄨㄥ	275
銿	ㄩㄥ	275
鋀	ㄉㄡ	397
鋀	ㄊㄡ	397
鋀	ㄊㄨ	397
鋁	ㄌㄩ	2149
鋂	ㄇㄟ	423
鋃	ㄌㄤ	549
鋄	ㄨㄢ	286
鋅	ㄒㄧㄣ	1515
鋆	ㄩㄣ	503
鋇	ㄅㄟ	760
鋈	ㄨ	641
鋉	ㄙㄨ	1
鋊	ㄩ	245
鋋	ㄔㄢ	357
鋋	ㄧㄢ	357
鋌	ㄉㄧㄥ	305
鋌	ㄊㄧㄥ	305
鋍	ㄅㄛ	256
鋎	ㄏㄢ	302
鋏	ㄐㄧㄚ	517
鋐	ㄏㄨㄥ	396
鋑	ㄘㄨㄢ	239
鋒	ㄈㄥ	2350
鋓	ㄔㄢ	199
鋔	ㄨㄢ	313
鋕	ㄓ	394
鋖	ㄊㄨㄛ	290
鋖	ㄙ	290
鋗	ㄐㄩㄢ	329
鋗	ㄒㄩㄢ	329
鋘	ㄨ	325
鋙	ㄨ	376
鋚	ㄊㄧㄠ	215
鋛	ㄍㄨㄥ	192
鋜	ㄓㄨㄛ	329
鋜	ㄔㄨㄛ	329
鋝	ㄌㄩㄝ	509
鋞	ㄐㄧㄥ	356
鋞	ㄒㄧㄥ	356
鋟	ㄑㄧㄣ	563
鋠	ㄕㄣ	215
鋡	ㄏㄢ	300
鋢	ㄌㄩㄝ	202
鋣	ㄧㄝ	446
鋤	ㄔㄨ	778
鋥	ㄗㄥ	451
鋦	ㄐㄩ	281
鋧	ㄒㄧㄢ	312
鋨	ㄜ	591
鋩	ㄇㄤ	418
鋪	ㄆㄨ	1384
鋫	ㄌㄧ	239
鋬	ㄆㄢ	346
鋭	ㄖㄨㄟ	1
鋮	ㄔㄥ	618
鋯	ㄍㄠ	705
鋰	ㄌㄧ	877
鋱	ㄊㄜ	489
鋲	ㄅㄧㄥ	348
鋳	ㄓㄨ	351
鋶	ㄌㄧㄡ	528
鋷	ㄋㄧㄝ	218
鋷	ㄗㄨㄟ	218
鋸	ㄐㄩ	466
鋹	ㄔㄤ	415
鋺	ㄨㄢ	268
鋺	ㄩㄢ	268
鋻	ㄐㄧㄢ	327
鋼	ㄍㄤ	3304
鋽	ㄉㄧㄠ	523
鋾	ㄊㄠ	323
鋿	ㄔㄤ	230
錀	ㄌㄨㄣ	326
錁	ㄎㄜ	537
錂	ㄌㄧㄥ	1
錃	ㄅㄟ	237
錄	ㄌㄨ	3532
錅	ㄌㄧ	192
錆	ㄑㄧㄤ	527
錇	ㄆㄟ	498
錈	ㄐㄩㄢ	567
錉	ㄇㄧㄣ	168
錊	ㄗㄨ	309
錊	ㄗㄨㄟ	309
錋	ㄅㄥ	407
錋	ㄆㄥ	407
錌	ㄢ	325
錍	ㄅㄟ	372
錍	ㄅㄧ	372
錍	ㄆㄧ	372
錎	ㄍㄢ	276
錎	ㄑㄧㄢ	276
錎	ㄒㄧㄢ	276
錏	ㄧㄚ	353
錐	ㄓㄨㄟ	926
錑	ㄌㄟ	468
錑	ㄌㄧ	468
錒	ㄚ	802
錓	ㄎㄨㄥ	256
錔	ㄊㄚ	290
錕	ㄎㄨㄣ	715
錖	ㄉㄨ	200
錗	ㄋㄟ	258
錗	ㄓㄨㄟ	258
錗	ㄨㄟ	258
錘	ㄔㄨㄟ	950
錙	ㄗ	562
錚	ㄓㄥ	908
錛	ㄅㄣ	739
錜	ㄋㄧㄝ	244
錝	ㄗㄨㄥ	394
錞	ㄔㄨㄣ	379
錟	ㄊㄢ	526
錠	ㄉㄧㄥ	1013
錡	ㄑㄧ	519
錢	ㄑㄧㄢ	56657
錣	ㄓㄨㄟ	257
錣	ㄔㄨㄛ	257
錤	ㄑㄧ	258
錥	ㄩ	296
錦	ㄐㄧㄣ	2466
錧	ㄍㄨㄢ	417
錨	ㄇㄠ	814
錩	ㄔㄤ	374
錪	ㄊㄧㄢ	364
錪	ㄊㄨㄣ	364
錫	ㄒㄧ	1875
錬	ㄌㄧㄢ	470
錭	ㄉㄧㄠ	318
錭	ㄊㄠ	318
錮	ㄍㄨ	554
錯	ㄘㄨㄛ	23056
錰	ㄕㄨ	212
錱	ㄓㄣ	344
録	ㄌㄨ	3
錳	ㄇㄥ	922
錴	ㄌㄨ	204
錵	ㄏㄨㄚ	565
錶	ㄅㄧㄠ	1295
錷	ㄍㄚ	319
錸	ㄌㄞ	560
錹	ㄎㄣ	260
錺	ㄈㄤ	371
錻	ㄅㄨ	288
錼	ㄋㄞ	389
錽	ㄐㄧㄢ	238
錽	ㄨㄢ	238
鍀	ㄉㄜ	759
鍃	ㄏㄨㄛ	547
鍄	ㄌㄧㄤ	1
鍅	ㄈㄚ	476
鍆	ㄇㄣ	577
鍇	ㄎㄞ	632
鍈	ㄧㄥ	401
鍉	ㄉㄧ	409
鍊	ㄌㄧㄢ	2739
鍋	ㄍㄨㄛ	2726
鍌	ㄒㄧㄢ	377
鍍	ㄉㄨ	893
鍎	ㄊㄨ	401
鍏	ㄨㄟ	656
鍐	ㄘㄨㄥ	555
鍑	ㄈㄨ	529
鍒	ㄖㄡ	593
鍓	ㄐㄧ	461
鍔	ㄜ	711
鍕	ㄐㄩㄣ	396
鍖	ㄓㄣ	568
鍖	ㄔㄣ	568
鍗	ㄊㄧ	626
鍘	ㄓㄚ	680
鍙	ㄏㄨ	638
鍚	ㄧㄤ	471
鍛	ㄉㄨㄢ	813
鍜	ㄒㄧㄚ	496
鍝	ㄩ	479
鍞	ㄎㄥ	449
鍟	ㄒㄧㄥ	459
鍠	ㄏㄨㄤ	384
鍡	ㄨㄟ	340
鍢	ㄈㄨ	564
鍣	ㄓㄠ	434
鍤	ㄔㄚ	553
鍥	ㄑㄧㄝ	699
鍦	ㄕ	546
鍦	ㄕㄜ	546
鍧	ㄏㄨㄥ	452
鍨	ㄎㄨㄟ	408
鍩	ㄋㄨㄛ	575
鍪	ㄇㄡ	620
鍫	ㄑㄧㄠ	360
鍬	ㄑㄧㄠ	656
鍭	ㄏㄡ	440
鍮	ㄊㄡ	1
鍯	ㄘㄨㄥ	272
鍰	ㄏㄨㄢ	508
鍱	ㄧㄝ	331
鍲	ㄇㄧㄣ	211
鍳	ㄐㄧㄢ	279
鍴	ㄉㄨㄢ	420
鍵	ㄐㄧㄢ	4165
鍶	ㄙ	657
鍷	ㄎㄨㄟ	188
鍸	ㄏㄨ	346
鍹	ㄒㄩㄢ	272
鍺	ㄓㄜ	700
鍻	ㄐㄧㄝ	234
鍼	ㄓㄣ	701
鍽	ㄅㄧㄢ	263
鍾	ㄓㄨㄥ	3307
鍿	ㄗ	212
鎀	ㄒㄧㄡ	371
鎁	ㄧㄝ	312
鎂	ㄇㄟ	1123
鎃	ㄆㄞ	319
鎄	ㄞ	498
鎅	ㄐㄧㄝ	128
鎇	ㄇㄟ	531
鎈	ㄔㄚ	422
鎈	ㄙㄨㄛ	422
鎉	ㄊㄚ	302
鎊	ㄅㄤ	878
鎋	ㄒㄧㄚ	302
鎌	ㄌㄧㄢ	589
鎍	ㄙㄨㄛ	437
鎎	ㄎㄞ	221
鎏	ㄌㄧㄡ	606
鎐	ㄗㄨ	352
鎐	ㄧㄠ	352
鎑	ㄊㄚ	236
鎑	ㄍㄜ	236
鎑	ㄧㄝ	236
鎒	ㄋㄡ	231
鎓	ㄨㄥ	396
鎔	ㄖㄨㄥ	639
鎕	ㄊㄤ	401
鎖	ㄙㄨㄛ	3955
鎗	ㄑㄧㄤ	2
鎘	ㄍㄜ	791
鎙	ㄕㄨㄛ	298
鎚	ㄔㄨㄟ	1033
鎛	ㄅㄛ	412
鎜	ㄆㄢ	299
鎞	ㄅㄧ	329
鎟	ㄙㄤ	336
鎠	ㄍㄤ	215
鎡	ㄗ	343
鎢	ㄨ	841
鎣	ㄧㄥ	557
鎤	ㄏㄨㄤ	226
鎥	ㄊㄧㄠ	183
鎦	ㄌㄧㄡ	605
鎧	ㄎㄞ	751
鎨	ㄙㄨㄣ	190
鎩	ㄕㄚ	597
鎪	ㄙㄡ	529
鎫	ㄨㄢ	331
鎬	ㄍㄠ	382
鎬	ㄏㄠ	382
鎭	ㄓㄣ	254
鎮	ㄓㄣ	10037
鎯	ㄌㄤ	24
鎰	ㄧ	611
鎱	ㄩㄢ	373
鎲	ㄊㄤ	381
鎳	ㄋㄧㄝ	1040
鎴	ㄒㄧ	612
鎵	ㄐㄧㄚ	639
鎶	ㄍㄜ	521
鎷	ㄇㄚ	15
鎹	ㄖㄨㄥ	476
鎻	ㄙㄨㄛ	477
鎿	ㄋㄚ	492
鏀	ㄌㄨ	522
鏁	ㄙㄨㄛ	504
鏂	ㄎㄡ	600
鏂	ㄡ	600
鏃	ㄗㄨ	652
鏄	ㄊㄨㄢ	577
鏅	ㄒㄧㄡ	443
鏆	ㄍㄨㄢ	11
鏇	ㄒㄩㄢ	553
鏈	ㄌㄧㄢ	3153
鏊	ㄠ	568
鏋	ㄇㄢ	471
鏌	ㄇㄛ	589
鏍	ㄌㄨㄛ	568
鏎	ㄅㄧ	210
鏏	ㄨㄟ	255
鏐	ㄌㄧㄡ	453
鏑	ㄉㄧ	275
鏒	ㄑㄧㄠ	293
鏒	ㄘㄢ	293
鏒	ㄙㄢ	293
鏓	ㄗㄨㄥ	379
鏓	ㄘㄨㄥ	379
鏔	ㄧ	220
鏕	ㄌㄨ	248
鏕	ㄠ	248
鏖	ㄠ	445
鏗	ㄎㄥ	642
鏘	ㄑㄧㄤ	617
鏙	ㄘㄨㄟ	275
鏚	ㄑㄧ	480
鏛	ㄔㄤ	445
鏜	ㄊㄤ	647
鏝	ㄇㄢ	491
鏞	ㄩㄥ	613
鏟	ㄔㄢ	916
鏠	ㄈㄥ	313
鏡	ㄐㄧㄥ	2370
鏢	ㄅㄧㄠ	860
鏣	ㄕㄨ	307
鏤	ㄌㄡ	654
鏥	ㄒㄧㄡ	281
鏦	ㄘㄨㄥ	1
鏧	ㄌㄨㄥ	251
鏨	ㄗㄢ	601
鏩	ㄐㄧㄢ	243
鏩	ㄗㄢ	243
鏪	ㄘㄠ	271
鏫	ㄌㄧ	262
鏬	ㄒㄧㄚ	248
鏭	ㄒㄧ	306
鏮	ㄎㄤ	317
鏰	ㄅㄥ	528
鏳	ㄔㄥ	253
鏴	ㄌㄨ	421
鏵	ㄏㄨㄚ	611
鏶	ㄐㄧ	398
鏷	ㄆㄨ	381
鏸	ㄏㄨㄟ	435
鏹	ㄑㄧㄤ	260
鏻	ㄌㄧㄣ	379
鏼	ㄙㄜ	184
鏽	ㄒㄧㄡ	680
鏾	ㄙㄢ	394
鏿	ㄔㄥ	239
鐀	ㄎㄨㄟ	227
鐁	ㄙ	342
鐂	ㄌㄧㄡ	221
鐃	ㄋㄠ	506
鐄	ㄏㄥ	313
鐅	ㄆㄧㄝ	209
鐆	ㄙㄨㄟ	256
鐇	ㄈㄢ	348
鐈	ㄑㄧㄠ	380
鐉	ㄑㄩㄢ	25
鐊	ㄧㄤ	308
鐋	ㄊㄤ	355
鐌	ㄒㄧㄤ	401
鐍	ㄐㄩㄝ	2
鐍	ㄩ	2
鐎	ㄐㄧㄠ	27
鐏	ㄗㄨㄣ	14
鐐	ㄌㄧㄠ	560
鐑	ㄑㄧㄝ	466
鐒	ㄌㄠ	454
鐓	ㄉㄨㄣ	518
鐔	ㄊㄢ	499
鐕	ㄗㄢ	355
鐖	ㄐㄧ	494
鐖	ㄑㄧ	494
鐗	ㄐㄧㄢ	695
鐘	ㄓㄨㄥ	2776
鐙	ㄉㄥ	534
鐚	ㄧㄚ	403
鐛	ㄧㄥ	309
鐜	ㄉㄨㄟ	500
鐜	ㄉㄨㄣ	500
鐞	ㄋㄡ	474
鐟	ㄊㄧ	406
鐟	ㄗㄢ	406
鐠	ㄆㄨ	520
鐡	ㄊㄧㄝ	444
鐥	ㄕㄢ	6
鐦	ㄎㄞ	536
鐧	ㄐㄧㄢ	521
鐨	ㄈㄟ	646
鐩	ㄙㄨㄟ	516
鐪	ㄌㄨ	524
鐫	ㄐㄩㄢ	620
鐬	ㄏㄨㄟ	298
鐭	ㄩ	453
鐮	ㄌㄧㄢ	610
鐰	ㄑㄧㄠ	297
鐰	ㄘㄠ	297
鐰	ㄙㄠ	297
鐱	ㄑㄧㄢ	265
鐲	ㄓㄨㄛ	643
鐳	ㄌㄟ	790
鐴	ㄅㄟ	390
鐴	ㄅㄧ	390
鐵	ㄊㄧㄝ	6244
鐶	ㄏㄨㄢ	358
鐷	ㄧㄝ	380
鐸	ㄉㄨㄛ	810
鐹	ㄍㄨㄛ	580
鐺	ㄉㄤ	371
鐺	ㄔㄥ	371
鐻	ㄐㄩ	338
鐼	ㄅㄣ	266
鐼	ㄈㄣ	266
鐽	ㄅㄧ	375
鐾	ㄅㄟ	540
鐿	ㄧ	570
鑀	ㄞ	531
鑁	ㄗㄨㄥ	313
鑂	ㄒㄩㄣ	243
鑃	ㄉㄧㄠ	244
鑄	ㄓㄨ	1177
鑅	ㄏㄥ	261
鑆	ㄓㄨㄟ	231
鑇	ㄐㄧ	177
鑈	ㄋㄧ	284
鑈	ㄋㄧㄝ	284
鑉	ㄏㄜ	220
鑊	ㄏㄨㄛ	624
鑋	ㄑㄧㄥ	309
鑌	ㄅㄧㄣ	559
鑍	ㄧㄥ	233
鑎	ㄎㄨㄟ	193
鑏	ㄋㄧㄥ	319
鑐	ㄒㄩ	312
鑑	ㄐㄧㄢ	1115
鑒	ㄐㄧㄢ	661
鑓	ㄑㄧㄢ	251
鑔	ㄔㄚ	518
鑕	ㄓ	291
鑖	ㄇㄧ	266
鑖	ㄇㄧㄝ	266
鑗	ㄌㄧ	353
鑘	ㄌㄟ	221
鑙	ㄐㄧ	200
鑚	ㄗㄨㄢ	368
鑛	ㄎㄨㄤ	350
鑜	ㄕㄤ	283
鑝	ㄆㄥ	221
鑞	ㄌㄚ	372
鑟	ㄉㄨ	251
鑠	ㄕㄨㄛ	598
鑡	ㄔㄨㄛ	190
鑢	ㄌㄩ	317
鑣	ㄅㄧㄠ	663
鑤	ㄅㄠ	2
鑥	ㄌㄨ	446
鑨	ㄌㄨㄥ	326
鑩	ㄜ	278
鑪	ㄌㄨ	2
鑫	ㄒㄧㄣ	2232
鑬	ㄐㄧㄢ	205
鑭	ㄌㄢ	582
鑮	ㄅㄛ	270
鑯	ㄐㄧㄢ	339
鑰	ㄧㄠ	720
鑰	ㄩㄝ	38
鑱	ㄔㄢ	368
鑲	ㄒㄧㄤ	1044
鑳	ㄐㄧㄢ	495
鑴	ㄒㄧ	402
鑵	ㄍㄨㄢ	86
鑶	ㄘㄤ	365
鑷	ㄋㄧㄝ	559
鑸	ㄌㄟ	432
鑹	ㄘㄨㄢ	372
鑺	ㄑㄩ	481
鑻	ㄆㄢ	465
鑼	ㄌㄨㄛ	797
鑽	ㄗㄨㄢ	1517
鑾	ㄌㄨㄢ	681
鑿	ㄗㄠ	465
鑿	ㄗㄨㄛ	465
钀	ㄋㄧㄝ	446
钀	ㄧ	446
钁	ㄐㄩㄝ	425
钂	ㄊㄤ	354
钃	ㄕㄨ	379
钄	ㄌㄢ	332
長	ㄓㄤ	2409
長	ㄔㄤ	21684
镸	ㄔㄤ	378
镹	ㄐㄧㄡ	408
镺	ㄠ	230
镻	ㄉㄧㄝ	280
镼	ㄑㄩ	308
镽	ㄌㄧㄠ	206
镾	ㄇㄧ	246
門	ㄇㄣ	15692
閁	ㄇㄚ	456
閂	ㄕㄨㄢ	563
閃	ㄕㄢ	4349
閄	ㄏㄨㄛ	420
閄	ㄕㄢ	420
閅	ㄇㄣ	565
閆	ㄧㄢ	1243
閇	ㄅㄧ	356
閈	ㄏㄢ	322
閉	ㄅㄧ	1668
閊	ㄕㄢ	359
開	ㄎㄞ	55913
閌	ㄎㄤ	599
閎	ㄏㄨㄥ	597
閏	ㄖㄨㄣ	695
閑	ㄒㄧㄢ	760
閒	ㄐㄧㄢ	40
閒	ㄒㄧㄢ	3974
間	ㄐㄧㄢ	582
間	ㄐㄧㄢ	11067
閔	ㄇㄧㄣ	1126
閕	ㄒㄧㄚ	202
閖	ㄕㄨㄟ	407
閘	ㄓㄚ	1265
閙	ㄋㄠ	579
閚	ㄓㄢ	279
閛	ㄆㄥ	255
閜	ㄒㄧㄚ	293
閜	ㄜ	293
閝	ㄌㄧㄥ	241
閞	ㄅㄧㄢ	557
閞	ㄍㄨㄢ	557
閟	ㄅㄧ	420
閠	ㄖㄨㄣ	317
閡	ㄏㄜ	582
関	ㄍㄨㄢ	661
閣	ㄍㄜ	2217
閤	ㄍㄜ	519
閤	ㄏㄜ	519
閥	ㄈㄚ	1357
閦	ㄔㄨ	409
閧	ㄏㄨㄥ	297
閨	ㄍㄨㄟ	718
閩	ㄇㄧㄣ	1128
閪	ㄙㄜ	52
閫	ㄎㄨㄣ	625
閬	ㄌㄤ	300
閭	ㄌㄩ	656
閮	ㄊㄧㄥ	500
閯	ㄕㄚ	279
閰	ㄐㄩ	453
閱	ㄩㄝ	1402
閲	ㄩㄝ	17
閳	ㄔㄢ	313
閴	ㄑㄩ	290
閵	ㄌㄧㄣ	312
閶	ㄔㄤ	564
閷	ㄕㄚ	355
閷	ㄕㄞ	355
閸	ㄎㄨㄣ	376
閹	ㄧㄢ	823
閺	ㄨㄣ	453
閻	ㄧㄢ	1366
閼	ㄜ	583
閽	ㄏㄨㄣ	582
閾	ㄩ	637
閿	ㄨㄣ	596
闀	ㄒㄧㄤ	460
闁	ㄅㄠ	413
闂	ㄏㄨㄥ	497
闂	ㄐㄩㄢ	497
闂	ㄒㄧㄤ	497
闃	ㄑㄩ	623
闄	ㄧㄠ	506
闅	ㄨㄣ	446
闆	ㄅㄢ	606
闆	ㄆㄢ	6
闇	ㄢ	742
闈	ㄨㄟ	603
闉	ㄧㄣ	370
闊	ㄎㄨㄛ	1232
闋	ㄑㄩㄝ	670
闌	ㄌㄢ	959
闍	ㄉㄨ	278
闍	ㄕㄜ	278
闐	ㄊㄧㄢ	577
闑	ㄋㄧㄝ	261
闒	ㄊㄚ	310
闓	ㄎㄞ	430
闔	ㄏㄜ	669
闕	ㄑㄩㄝ	463
闖	ㄔㄨㄤ	1828
闗	ㄍㄨㄢ	410
闘	ㄉㄡ	527
闙	ㄑㄧ	246
闚	ㄎㄨㄟ	318
闛	ㄊㄤ	307
闛	ㄔㄤ	307
關	ㄍㄨㄢ	12578
闝	ㄆㄧㄠ	182
闞	ㄎㄢ	720
闟	ㄒㄧ	314
闠	ㄏㄨㄟ	342
闡	ㄔㄢ	640
闢	ㄆㄧ	969
闣	ㄉㄤ	300
闣	ㄊㄤ	300
闤	ㄏㄨㄢ	339
闥	ㄊㄚ	610
阜	ㄈㄨ	939
阝	ㄈㄨ	534
阞	ㄌㄜ	315
队	ㄉㄨㄟ	2
阠	ㄒㄧㄣ	244
阡	ㄑㄧㄢ	580
阢	ㄨ	376
阢	ㄨㄟ	376
阣	ㄍㄞ	450
阣	ㄧ	450
阤	ㄊㄨㄛ	291
阥	ㄧㄣ	225
阦	ㄧㄤ	184
阧	ㄉㄡ	281
阨	ㄜ	394
阩	ㄕㄥ	277
阪	ㄅㄢ	908
阫	ㄆㄟ	254
阬	ㄎㄥ	370
阭	ㄧㄢ	301
阭	ㄩㄣ	301
阮	ㄖㄨㄢ	1423
阯	ㄓ	453
阰	ㄆㄧ	301
阱	ㄐㄧㄥ	573
防	ㄈㄤ	5330
阷	ㄔㄥ	250
阸	ㄜ	282
阸	ㄞ	282
阹	ㄑㄩ	355
阺	ㄉㄧ	266
阻	ㄗㄨ	1386
阼	ㄗㄨㄛ	464
阽	ㄉㄧㄢ	185
阽	ㄧㄢ	185
阾	ㄌㄧㄥ	302
阿	ㄚ	14646
阿	ㄜ	1627
陀	ㄊㄨㄛ	1120
陁	ㄊㄨㄛ	351
陂	ㄅㄟ	736
陂	ㄆㄛ	37
陂	ㄆㄧ	736
陃	ㄅㄧㄥ	273
附	ㄈㄨ	2422
陊	ㄉㄨㄛ	398
陋	ㄌㄡ	709
陌	ㄇㄛ	937
降	ㄐㄧㄤ	4154
降	ㄒㄧㄤ	219
陎	ㄕㄨ	250
陏	ㄉㄨㄛ	1
陏	ㄙㄨㄟ	1
限	ㄒㄧㄢ	2525
陑	ㄦ	374
陒	ㄍㄨㄟ	262
陓	ㄩ	306
陔	ㄍㄞ	546
陖	ㄐㄩㄣ	239
陗	ㄑㄧㄠ	275
陘	ㄒㄧㄥ	507
陙	ㄔㄨㄣ	238
陚	ㄈㄨ	223
陚	ㄨ	223
陛	ㄅㄧ	602
陜	ㄒㄧㄚ	436
陝	ㄕㄢ	1003
陞	ㄕㄥ	1671
陟	ㄓ	555
陠	ㄅㄨ	241
陠	ㄆㄨ	241
陡	ㄉㄡ	1009
院	ㄩㄢ	4433
陣	ㄓㄣ	2624
除	ㄔㄨ	9387
陥	ㄒㄧㄢ	415
陦	ㄉㄠ	225
陪	ㄆㄟ	9989
陫	ㄆㄟ	285
陫	ㄈㄟ	285
陬	ㄗㄡ	497
陭	ㄧ	255
陮	ㄉㄨㄟ	284
陯	ㄌㄨㄣ	281
陰	ㄧㄣ	3030
陱	ㄐㄩ	190
陲	ㄔㄨㄟ	498
陳	ㄔㄣ	13953
陴	ㄆㄧ	470
陵	ㄌㄧㄥ	1477
陶	ㄊㄠ	2513
陷	ㄒㄧㄢ	1624
陸	ㄌㄧㄡ	41
陸	ㄌㄨ	4019
陹	ㄕㄥ	325
険	ㄒㄧㄢ	515
陻	ㄧㄣ	374
陼	ㄓㄨ	300
陽	ㄧㄤ	6876
陾	ㄖㄥ	301
陿	ㄒㄧㄚ	322
隀	ㄔㄨㄥ	236
隁	ㄧㄢ	173
隂	ㄧㄣ	527
隃	ㄩ	314
隄	ㄉㄧ	1
隅	ㄩ	799
隆	ㄌㄨㄥ	2287
隇	ㄨㄟ	263
隈	ㄨㄟ	526
隉	ㄋㄧㄝ	426
隊	ㄉㄨㄟ	11297
隋	ㄙㄨㄟ	1052
隌	ㄢ	327
隍	ㄏㄨㄤ	509
階	ㄐㄧㄝ	1352
隑	ㄍㄞ	263
隑	ㄑㄧ	263
隑	ㄞ	263
隒	ㄧㄢ	321
隓	ㄉㄨㄛ	269
隓	ㄏㄨㄟ	269
隔	ㄍㄜ	2657
隕	ㄩㄣ	714
隖	ㄨ	265
隗	ㄨㄟ	586
隘	ㄞ	666
隙	ㄒㄧ	836
隚	ㄊㄤ	297
際	ㄐㄧ	1262
障	ㄓㄤ	948
隝	ㄉㄠ	279
隞	ㄠ	299
隟	ㄒㄧ	258
隠	ㄧㄣ	526
隡	ㄙㄚ	281
隢	ㄖㄠ	332
隣	ㄌㄧㄣ	460
隤	ㄊㄨㄟ	232
隥	ㄉㄥ	295
隦	ㄆㄧ	216
隦	ㄐㄧㄠ	216
隧	ㄙㄨㄟ	630
隨	ㄙㄨㄟ	6606
隩	ㄩ	476
險	ㄒㄧㄢ	2358
隫	ㄈㄣ	293
隬	ㄋㄧ	452
隭	ㄦ	216
隮	ㄐㄧ	320
隯	ㄉㄠ	215
隰	ㄒㄧ	523
隱	ㄧㄣ	2076
隲	ㄜ	276
隳	ㄏㄨㄟ	559
隴	ㄌㄨㄥ	822
隵	ㄒㄧ	276
隶	ㄉㄞ	300
隶	ㄉㄧ	300
隶	ㄧ	300
隷	ㄌㄧ	410
隸	ㄌㄧ	762
隹	ㄓㄨㄟ	589
隺	ㄏㄜ	280
隺	ㄏㄨ	280
隺	ㄑㄩㄝ	280
隻	ㄓ	4994
隼	ㄙㄨㄣ	728
隽	ㄐㄩㄢ	100
隽	ㄐㄩㄣ	100
隿	ㄧ	256
雀	ㄑㄧㄠ	59
雀	ㄑㄩㄝ	1117
雁	ㄧㄢ	1662
雂	ㄑㄧㄣ	226
雃	ㄐㄧㄝ	286
雃	ㄑㄧㄢ	286
雄	ㄒㄩㄥ	2632
雅	ㄧㄚ	3827
集	ㄐㄧ	8421
雇	ㄍㄨ	657
雈	ㄏㄨㄢ	213
雉	ㄓ	673
雊	ㄍㄡ	351
雋	ㄐㄩㄢ	416
雋	ㄐㄩㄣ	416
雌	ㄘ	1058
雍	ㄩㄥ	1002
雎	ㄐㄩ	601
雐	ㄏㄨ	251
雑	ㄗㄚ	324
雒	ㄌㄨㄛ	680
雓	ㄩ	184
雔	ㄔㄡ	306
雕	ㄉㄧㄠ	1054
雖	ㄙㄨㄟ	4919
雗	ㄏㄢ	282
雘	ㄏㄨㄛ	371
雙	ㄕㄨㄤ	9793
雚	ㄍㄨㄢ	345
雛	ㄔㄨ	795
雜	ㄗㄚ	3334
雝	ㄩㄥ	335
雞	ㄐㄧ	5361
雟	ㄙㄨㄟ	273
雡	ㄌㄧㄡ	196
離	ㄌㄧ	10860
難	ㄋㄢ	3318
難	ㄋㄢ	13271
雤	ㄒㄩㄝ	273
雥	ㄗㄚ	311
雦	ㄐㄧ	312
雧	ㄐㄧ	293
雨	ㄩ	8618
雩	ㄩ	535
雪	ㄒㄩㄝ	8021
雫	ㄋㄚ	511
雬	ㄈㄡ	199
雭	ㄒㄧ	301
雭	ㄙㄜ	301
雮	ㄇㄨ	478
雯	ㄨㄣ	1660
雰	ㄈㄣ	413
雱	ㄆㄤ	465
雲	ㄩㄣ	8018
雴	ㄔ	299
雵	ㄧㄤ	205
零	ㄌㄧㄥ	3940
雷	ㄌㄟ	5108
雸	ㄢ	356
雹	ㄅㄠ	566
雺	ㄇㄥ	276
雺	ㄨ	276
電	ㄉㄧㄢ	7672
雼	ㄉㄤ	424
雽	ㄏㄨ	314
雿	ㄉㄧㄠ	372
需	ㄒㄩ	7257
霂	ㄇㄨ	443
霃	ㄔㄣ	400
霄	ㄒㄧㄠ	948
霅	ㄓㄚ	385
霆	ㄊㄧㄥ	992
震	ㄓㄣ	2351
霈	ㄆㄟ	611
霊	ㄌㄧㄥ	524
霋	ㄑㄧ	260
霌	ㄓㄡ	360
霍	ㄏㄨㄛ	1825
霎	ㄕㄚ	537
霏	ㄈㄟ	781
霐	ㄏㄨㄥ	303
霑	ㄓㄢ	542
霒	ㄧㄣ	331
霓	ㄋㄧ	785
霔	ㄓㄨ	263
霕	ㄊㄨㄣ	304
霖	ㄌㄧㄣ	1494
霗	ㄌㄧㄢ	414
霗	ㄌㄧㄥ	414
霘	ㄉㄨㄥ	286
霙	ㄧㄥ	412
霚	ㄨ	330
霛	ㄌㄧㄥ	416
霜	ㄕㄨㄤ	2441
霝	ㄌㄧㄥ	345
霞	ㄒㄧㄚ	2014
霟	ㄏㄨㄥ	302
霠	ㄧㄣ	319
霢	ㄇㄛ	361
霣	ㄩㄣ	314
霤	ㄌㄧㄡ	177
霥	ㄇㄥ	310
霦	ㄅㄧㄣ	346
霧	ㄨ	2138
霨	ㄨㄟ	322
霩	ㄎㄨㄛ	272
霪	ㄧㄣ	460
霫	ㄒㄧ	349
霬	ㄧ	311
霮	ㄉㄢ	249
霯	ㄊㄥ	233
霰	ㄒㄧㄢ	612
霱	ㄩ	292
露	ㄌㄡ	2049
露	ㄌㄨ	2049
霳	ㄌㄨㄥ	317
霴	ㄉㄞ	250
霵	ㄐㄧ	218
霶	ㄆㄤ	227
霷	ㄧㄤ	210
霸	ㄅㄚ	1572
霹	ㄆㄧ	544
霺	ㄨㄟ	409
霼	ㄒㄧ	197
霽	ㄐㄧ	791
霾	ㄇㄞ	668
霿	ㄇㄠ	309
霿	ㄇㄥ	309
霿	ㄨ	309
靀	ㄇㄥ	249
靁	ㄌㄟ	365
靂	ㄌㄧ	536
靃	ㄏㄨㄛ	348
靃	ㄙㄨㄛ	348
靃	ㄙㄨㄟ	348
靄	ㄞ	677
靅	ㄈㄟ	273
靆	ㄉㄞ	337
靇	ㄌㄧㄥ	407
靇	ㄌㄨㄥ	407
靈	ㄌㄧㄥ	4604
靉	ㄞ	492
靊	ㄈㄥ	281
靋	ㄌㄧ	241
靍	ㄏㄜ	251
靏	ㄏㄜ	239
靐	ㄅㄧㄥ	424
靑	ㄑㄧㄥ	541
青	ㄑㄧㄥ	6040
靔	ㄊㄧㄢ	10
靕	ㄓㄣ	179
靖	ㄐㄧㄥ	1376
靗	ㄔㄥ	197
靘	ㄐㄧㄥ	345
靘	ㄑㄧㄥ	345
靚	ㄌㄧㄤ	1165
靚	ㄐㄧㄥ	1165
靛	ㄉㄧㄢ	661
靜	ㄐㄧㄥ	5816
靝	ㄊㄧㄢ	253
非	ㄈㄟ	18382
靟	ㄈㄟ	226
靠	ㄎㄠ	31445
靡	ㄇㄧ	392
面	ㄇㄧㄢ	7375
靣	ㄇㄧㄢ	517
靤	ㄅㄠ	419
靦	ㄇㄧㄢ	470
靧	ㄏㄨㄟ	285
靨	ㄧㄝ	629
革	ㄍㄜ	1267
靪	ㄉㄧㄥ	251
靫	ㄔㄚ	297
靬	ㄐㄧㄢ	394
靭	ㄖㄣ	311
靮	ㄉㄧ	330
靯	ㄉㄨ	296
靰	ㄨ	371
靱	ㄖㄣ	322
靲	ㄑㄧㄣ	196
靳	ㄐㄧㄣ	1003
靴	ㄒㄩㄝ	992
靵	ㄋㄧㄡ	234
靶	ㄅㄚ	887
靷	ㄧㄣ	429
靸	ㄙㄚ	393
靹	ㄋㄚ	383
靺	ㄇㄛ	475
靻	ㄗㄨ	349
靼	ㄉㄚ	576
靽	ㄅㄢ	299
靾	ㄧ	351
靿	ㄧㄠ	330
鞀	ㄊㄠ	583
鞁	ㄅㄞ	381
鞁	ㄅㄟ	381
鞁	ㄅㄧ	381
鞂	ㄐㄧㄚ	221
鞃	ㄏㄨㄥ	224
鞄	ㄆㄠ	364
鞅	ㄧㄤ	606
鞆	ㄅㄧㄥ	263
鞇	ㄧㄣ	217
鞈	ㄊㄚ	278
鞈	ㄍㄜ	278
鞈	ㄙㄚ	278
鞉	ㄊㄠ	271
鞊	ㄐㄧ	237
鞊	ㄐㄧㄝ	237
鞋	ㄒㄧㄝ	4231
鞌	ㄢ	314
鞍	ㄢ	1249
鞎	ㄏㄣ	452
鞏	ㄍㄨㄥ	1002
鞐	ㄑㄧㄚ	416
鞓	ㄊㄧㄥ	390
鞔	ㄇㄢ	532
鞔	ㄇㄣ	532
鞕	ㄅㄧㄢ	387
鞕	ㄧㄥ	387
鞖	ㄙㄨㄟ	395
鞗	ㄊㄧㄠ	392
鞘	ㄑㄧㄠ	839
鞙	ㄒㄩㄢ	332
鞚	ㄎㄨㄥ	477
鞛	ㄅㄥ	416
鞜	ㄊㄚ	273
鞝	ㄓㄤ	621
鞞	ㄅㄧㄥ	483
鞟	ㄎㄨㄛ	296
鞠	ㄐㄩ	906
鞡	ㄌㄚ	411
鞢	ㄉㄧㄝ	323
鞢	ㄒㄧㄝ	323
鞢	ㄓㄚ	323
鞣	ㄖㄡ	586
鞤	ㄅㄤ	447
鞥	ㄥ	655
鞦	ㄑㄧㄡ	579
鞧	ㄑㄧㄡ	305
鞨	ㄏㄜ	473
鞩	ㄒㄧㄠ	198
鞪	ㄇㄡ	197
鞪	ㄇㄨ	197
鞫	ㄐㄩ	562
鞬	ㄐㄧㄢ	381
鞭	ㄅㄧㄢ	1226
鞮	ㄉㄧ	441
鞰	ㄨㄣ	269
鞱	ㄊㄠ	215
鞳	ㄊㄚ	325
鞴	ㄅㄞ	554
鞴	ㄅㄟ	554
鞴	ㄅㄨ	554
鞴	ㄈㄨ	554
鞵	ㄒㄧㄝ	327
鞶	ㄆㄢ	361
鞷	ㄍㄜ	263
鞸	ㄅㄧ	265
鞸	ㄅㄧㄥ	265
鞹	ㄎㄨㄛ	260
鞺	ㄊㄤ	275
鞻	ㄌㄡ	253
鞼	ㄍㄨㄟ	251
鞼	ㄏㄨㄟ	251
鞽	ㄐㄩㄝ	571
鞽	ㄑㄧㄠ	571
鞾	ㄒㄩㄝ	254
鞿	ㄐㄧ	301
韀	ㄐㄧㄢ	278
韁	ㄐㄧㄤ	420
韂	ㄔㄢ	397
韃	ㄉㄚ	628
韄	ㄏㄨ	226
韅	ㄒㄧㄢ	269
韆	ㄑㄧㄢ	100
韇	ㄉㄨ	235
韈	ㄨㄚ	297
韉	ㄐㄧㄢ	621
韊	ㄌㄢ	228
韋	ㄨㄟ	2132
韌	ㄖㄣ	879
韍	ㄈㄨ	305
韎	ㄇㄟ	352
韏	ㄐㄩㄢ	267
韏	ㄑㄩㄢ	267
韐	ㄍㄜ	296
韑	ㄨㄟ	209
韒	ㄑㄧㄠ	251
韒	ㄕㄠ	251
韓	ㄏㄢ	5175
韔	ㄔㄤ	361
韕	ㄔㄨㄣ	207
韖	ㄖㄡ	288
韗	ㄩㄣ	196
韘	ㄕㄜ	330
韙	ㄨㄟ	563
韚	ㄍㄜ	215
韛	ㄅㄞ	272
韛	ㄈㄨ	272
韜	ㄊㄠ	848
韝	ㄍㄡ	535
韞	ㄩㄣ	608
韟	ㄍㄠ	220
韠	ㄅㄧ	303
韡	ㄨㄟ	458
韢	ㄏㄨㄟ	294
韢	ㄙㄨㄟ	294
韣	ㄉㄨ	353
韤	ㄨㄚ	219
韥	ㄉㄨ	313
韭	ㄐㄧㄡ	631
韮	ㄐㄧㄡ	394
韯	ㄒㄧㄢ	271
韰	ㄒㄧㄝ	268
韱	ㄒㄧㄢ	292
韲	ㄐㄧ	205
音	ㄧㄣ	4125
韴	ㄗㄚ	203
韵	ㄩㄣ	500
韶	ㄕㄠ	940
韷	ㄌㄜ	233
韸	ㄆㄥ	212
韹	ㄏㄨㄤ	320
韺	ㄧㄥ	300
韻	ㄩㄣ	1911
韼	ㄆㄥ	232
韽	ㄢ	302
韾	ㄧㄣ	306
響	ㄒㄧㄤ	3380
頀	ㄏㄨ	272
頁	ㄧㄝ	25616
頂	ㄉㄧㄥ	13651
頃	ㄑㄧㄥ	8
頃	ㄑㄧㄥ	750
頄	ㄑㄧㄡ	365
項	ㄒㄧㄤ	5558
順	ㄕㄨㄣ	3868
頇	ㄏㄢ	398
須	ㄒㄩ	6361
頉	ㄧ	329
頊	ㄒㄩ	550
頋	ㄜ	406
頌	ㄙㄨㄥ	1233
頍	ㄎㄨㄟ	291
頎	ㄑㄧ	588
頏	ㄏㄤ	380
預	ㄩ	2110
頑	ㄨㄢ	743
頒	ㄅㄢ	827
頓	ㄉㄨㄣ	2676
頔	ㄉㄧ	435
頕	ㄉㄢ	236
頕	ㄉㄧㄢ	236
頖	ㄆㄢ	488
頗	ㄆㄛ	1849
領	ㄌㄧㄥ	4905
頙	ㄔㄜ	273
頚	ㄐㄧㄥ	296
頛	ㄌㄟ	249
頜	ㄏㄜ	731
頝	ㄑㄧㄠ	211
頞	ㄜ	388
頟	ㄜ	342
頠	ㄨㄟ	404
頡	ㄐㄧㄝ	713
頡	ㄒㄧㄝ	713
頢	ㄎㄨㄛ	240
頣	ㄕㄣ	365
頤	ㄧ	1095
頥	ㄕㄣ	286
頦	ㄎㄜ	308
頧	ㄉㄨㄟ	214
頨	ㄅㄧㄢ	270
頨	ㄩ	270
頩	ㄆㄧㄥ	425
頪	ㄌㄟ	287
頫	ㄈㄨ	575
頬	ㄐㄧㄚ	406
頭	ㄊㄡ	212
頭	ㄊㄡ	21025
頮	ㄏㄨㄟ	280
頯	ㄎㄨㄟ	236
頰	ㄐㄧㄚ	822
頱	ㄌㄨㄛ	211
頲	ㄊㄧㄥ	432
頳	ㄔㄥ	266
頴	ㄧㄥ	375
頵	ㄩㄣ	371
頶	ㄏㄨ	180
頷	ㄏㄢ	549
頸	ㄐㄧㄥ	1554
頹	ㄊㄨㄟ	761
頺	ㄊㄨㄟ	349
頻	ㄆㄧㄣ	1587
頼	ㄌㄞ	486
頽	ㄊㄨㄟ	1
頾	ㄗ	228
頿	ㄗ	237
顀	ㄔㄨㄟ	265
顁	ㄉㄧㄥ	486
顂	ㄌㄞ	333
顃	ㄊㄢ	1
顃	ㄕㄢ	1
顄	ㄏㄢ	238
顅	ㄑㄧㄢ	235
顆	ㄎㄜ	2071
顇	ㄘㄨㄟ	258
顈	ㄐㄩㄥ	266
顈	ㄒㄧㄢ	266
顈	ㄒㄩㄢ	266
顉	ㄑㄧㄣ	240
顊	ㄧ	202
顋	ㄙㄞ	217
題	ㄊㄧ	5336
額	ㄜ	12881
顎	ㄜ	676
顏	ㄧㄢ	2448
顐	ㄏㄨㄣ	260
顐	ㄨㄣ	260
顑	ㄎㄢ	314
顒	ㄩㄥ	587
顓	ㄓㄨㄢ	640
顔	ㄧㄢ	13
顕	ㄒㄧㄢ	430
顖	ㄒㄧㄣ	289
顗	ㄧ	485
願	ㄩㄢ	4049
顙	ㄙㄤ	535
顚	ㄉㄧㄢ	382
顚	ㄊㄧㄢ	382
顛	ㄉㄧㄢ	1461
顜	ㄐㄧㄤ	344
顝	ㄎㄨㄚ	219
顝	ㄎㄨㄟ	219
類	ㄌㄟ	20207
顟	ㄌㄠ	224
顠	ㄆㄧㄠ	361
顡	ㄓㄨㄞ	283
顡	ㄨㄞ	283
顢	ㄇㄢ	396
顣	ㄑㄧ	292
顤	ㄑㄧㄠ	279
顤	ㄧㄠ	279
顥	ㄏㄠ	646
顦	ㄑㄧㄠ	277
顧	ㄍㄨ	3878
顨	ㄒㄩㄣ	230
顩	ㄏㄢ	282
顩	ㄑㄧㄢ	282
顩	ㄑㄧㄣ	282
顩	ㄧㄢ	282
顪	ㄏㄨㄟ	222
顫	ㄔㄢ	1129
顬	ㄖㄨ	308
顭	ㄇㄥ	343
顮	ㄅㄧㄣ	253
顯	ㄒㄧㄢ	3159
顰	ㄆㄧㄣ	711
顱	ㄌㄨ	752
顲	ㄌㄢ	258
顲	ㄌㄧㄣ	258
顳	ㄋㄧㄝ	674
顴	ㄑㄩㄢ	587
風	ㄈㄥ	13091
颩	ㄅㄧㄠ	537
颩	ㄉㄧㄡ	537
颪	ㄍㄨㄚ	251
颫	ㄈㄨ	227
颬	ㄒㄧㄚ	228
颭	ㄓㄢ	401
颮	ㄅㄧㄠ	500
颯	ㄙㄚ	704
颱	ㄊㄞ	723
颲	ㄌㄧㄝ	349
颳	ㄍㄨㄚ	795
颵	ㄒㄧㄠ	353
颵	ㄕㄠ	353
颶	ㄐㄩ	517
颸	ㄙ	421
颹	ㄨㄟ	253
颺	ㄧㄤ	528
颻	ㄧㄠ	435
颼	ㄙㄡ	588
颽	ㄎㄞ	322
颿	ㄈㄢ	337
飀	ㄌㄧㄡ	357
飁	ㄒㄧ	265
飂	ㄌㄧㄠ	369
飃	ㄆㄧㄠ	464
飄	ㄆㄧㄠ	3194
飆	ㄅㄧㄠ	1143
飇	ㄅㄧㄠ	273
飈	ㄅㄧㄠ	962
飉	ㄌㄧㄠ	251
飊	ㄅㄧㄠ	326
飋	ㄙㄜ	307
飌	ㄈㄥ	277
飍	ㄒㄧㄡ	319
飛	ㄈㄟ	12411
飜	ㄈㄢ	424
飝	ㄈㄟ	489
食	ㄕ	4919
食	ㄙ	50
飠	ㄕ	629
飡	ㄘㄢ	327
飢	ㄐㄧ	756
飣	ㄉㄧㄥ	350
飥	ㄊㄨㄛ	376
飦	ㄍㄢ	349
飦	ㄓㄢ	349
飧	ㄙㄨㄣ	647
飩	ㄊㄨㄣ	555
飪	ㄖㄣ	551
飫	ㄩ	592
飬	ㄐㄩㄢ	335
飬	ㄩㄥ	335
飭	ㄔ	662
飮	ㄧㄣ	443
飯	ㄈㄢ	12079
飰	ㄈㄢ	322
飲	ㄧㄣ	2846
飳	ㄊㄡ	433
飳	ㄓㄨ	433
飴	ㄧ	622
飵	ㄗㄜ	325
飵	ㄗㄨㄛ	325
飶	ㄅㄧ	235
飷	ㄐㄧㄝ	300
飸	ㄊㄠ	248
飹	ㄌㄧㄡ	160
飺	ㄘ	238
飻	ㄊㄧㄝ	201
飼	ㄙ	787
飽	ㄅㄠ	2197
飾	ㄕ	2356
飿	ㄉㄨㄛ	267
餀	ㄏㄞ	372
餁	ㄖㄣ	304
餂	ㄊㄧㄢ	354
餃	ㄐㄧㄠ	716
餄	ㄏㄜ	469
餅	ㄅㄧㄥ	2064
餆	ㄧㄠ	282
餇	ㄊㄨㄥ	348
餈	ㄘ	25
餉	ㄒㄧㄤ	711
養	ㄧㄤ	7927
餋	ㄐㄩㄢ	280
餌	ㄦ	825
餎	ㄌㄜ	465
餏	ㄒㄧ	197
餐	ㄘㄢ	2071
餑	ㄅㄛ	524
餒	ㄋㄟ	594
餓	ㄜ	9088
餔	ㄅㄨ	1
餕	ㄐㄩㄣ	354
餖	ㄉㄡ	397
餗	ㄙㄨ	2
餘	ㄩ	4149
餙	ㄒㄧ	383
餙	ㄕ	383
餚	ㄧㄠ	567
餛	ㄏㄨㄣ	556
餜	ㄍㄨㄛ	450
餝	ㄕ	255
餞	ㄐㄧㄢ	525
餟	ㄓㄨㄟ	267
餠	ㄅㄧㄥ	415
餡	ㄒㄧㄢ	1166
餢	ㄅㄨ	253
餣	ㄧㄝ	240
餤	ㄊㄢ	398
餥	ㄈㄟ	399
餧	ㄨㄟ	318
館	ㄍㄨㄢ	3248
餩	ㄜ	305
餪	ㄋㄨㄢ	224
餫	ㄏㄨㄣ	296
餬	ㄏㄨ	66
餮	ㄊㄧㄝ	549
餯	ㄏㄨㄟ	203
餰	ㄐㄧㄢ	173
餰	ㄓㄢ	173
餱	ㄏㄡ	558
餲	ㄏㄜ	317
餳	ㄒㄧㄥ	589
餴	ㄈㄣ	213
餵	ㄨㄟ	3525
餶	ㄍㄨ	302
餷	ㄔㄚ	520
餹	ㄊㄤ	544
餺	ㄅㄛ	323
餻	ㄍㄠ	367
餼	ㄒㄧ	592
餽	ㄎㄨㄟ	43
餾	ㄌㄧㄡ	278
餿	ㄙㄡ	701
饀	ㄊㄠ	245
饀	ㄒㄧㄢ	245
饁	ㄧㄝ	291
饂	ㄩㄣ	331
饃	ㄇㄛ	827
饄	ㄊㄤ	348
饅	ㄇㄢ	556
饆	ㄅㄧ	254
饇	ㄩ	210
饈	ㄒㄧㄡ	644
饉	ㄐㄧㄣ	565
饊	ㄙㄢ	532
饋	ㄎㄨㄟ	711
饌	ㄓㄨㄢ	621
饍	ㄕㄢ	284
饎	ㄔ	278
饏	ㄉㄢ	210
饐	ㄧ	364
饑	ㄐㄧ	681
饒	ㄖㄠ	1484
饓	ㄔㄥ	179
饔	ㄩㄥ	613
饕	ㄊㄠ	640
饖	ㄨㄟ	171
饗	ㄒㄧㄤ	690
饘	ㄓㄢ	1
饙	ㄈㄣ	220
饚	ㄏㄞ	332
饛	ㄇㄥ	344
饜	ㄧㄢ	586
饝	ㄇㄛ	244
饞	ㄔㄢ	1023
饟	ㄒㄧㄤ	76
饠	ㄌㄨㄛ	330
饡	ㄗㄢ	261
饢	ㄋㄤ	320
首	ㄕㄡ	5267
馗	ㄎㄨㄟ	632
馘	ㄍㄨㄛ	529
香	ㄒㄧㄤ	7072
馚	ㄈㄣ	341
馛	ㄅㄛ	279
馜	ㄋㄧ	305
馝	ㄅㄧ	328
馞	ㄅㄛ	298
馞	ㄆㄛ	298
馟	ㄊㄨ	191
馠	ㄏㄢ	326
馡	ㄈㄟ	375
馢	ㄐㄧㄢ	243
馣	ㄧㄢ	252
馤	ㄞ	237
馥	ㄈㄨ	739
馦	ㄒㄧㄢ	242
馧	ㄨㄛ	261
馧	ㄩㄣ	261
馨	ㄒㄧㄣ	2280
馩	ㄈㄣ	203
馪	ㄆㄧㄣ	248
馫	ㄒㄧㄣ	408
馬	ㄇㄚ	13469
馭	ㄩ	765
馮	ㄈㄥ	3352
馯	ㄏㄢ	215
馯	ㄑㄧㄢ	215
馰	ㄉㄧ	317
馱	ㄉㄨㄛ	40
馱	ㄊㄨㄛ	765
馲	ㄊㄨㄛ	257
馲	ㄓㄜ	257
馳	ㄔ	1228
馴	ㄒㄩㄣ	753
馵	ㄓㄨ	279
馶	ㄓ	303
馶	ㄕ	303
馷	ㄆㄟ	203
馸	ㄐㄧㄣ	265
馸	ㄒㄧㄣ	265
馹	ㄖ	499
馺	ㄙㄚ	309
馻	ㄩㄣ	303
馼	ㄨㄣ	463
馽	ㄓ	233
馾	ㄉㄢ	201
馿	ㄌㄩ	443
駀	ㄧㄡ	201
駁	ㄅㄛ	943
駂	ㄅㄠ	241
駃	ㄎㄨㄞ	3
駄	ㄊㄨㄛ	435
駅	ㄧ	510
駆	ㄑㄩ	463
駇	ㄨㄣ	209
駈	ㄑㄩ	306
駉	ㄐㄩㄥ	376
駊	ㄆㄛ	326
駋	ㄓㄠ	263
駌	ㄩㄢ	360
駍	ㄆㄟ	231
駍	ㄆㄥ	231
駏	ㄐㄩ	374
駐	ㄓㄨ	2958
駑	ㄋㄨ	558
駒	ㄐㄩ	789
駓	ㄆㄧ	260
駔	ㄗㄤ	383
駕	ㄐㄧㄚ	1386
駖	ㄌㄧㄥ	258
駗	ㄓㄣ	276
駘	ㄊㄞ	486
駙	ㄈㄨ	490
駛	ㄕ	971
駜	ㄅㄧ	314
駝	ㄊㄨㄛ	873
駞	ㄊㄨㄛ	271
駟	ㄙ	587
駠	ㄌㄧㄡ	215
駡	ㄇㄚ	90
駢	ㄆㄧㄢ	589
駣	ㄊㄠ	336
駤	ㄓ	262
駥	ㄖㄨㄥ	293
駦	ㄊㄥ	370
駨	ㄒㄩㄢ	261
駨	ㄒㄩㄣ	261
駪	ㄕㄣ	280
駫	ㄐㄩㄥ	290
駬	ㄦ	286
駭	ㄏㄞ	791
駮	ㄅㄛ	140
駯	ㄓㄨ	228
駰	ㄧㄣ	408
駱	ㄌㄨㄛ	1229
駲	ㄓㄡ	180
駳	ㄉㄢ	203
駴	ㄒㄧㄝ	273
駵	ㄌㄧㄡ	255
駶	ㄐㄩ	1
駷	ㄙㄨㄥ	216
駸	ㄑㄧㄣ	427
駹	ㄇㄤ	321
駺	ㄌㄤ	379
駺	ㄌㄧㄤ	379
駻	ㄏㄢ	1
駼	ㄊㄨ	302
駽	ㄒㄩㄢ	261
駾	ㄊㄨㄟ	244
駿	ㄐㄩㄣ	1223
騀	ㄜ	439
騁	ㄔㄥ	726
騂	ㄒㄧㄥ	375
騃	ㄞ	1
騄	ㄌㄨ	370
騅	ㄓㄨㄟ	534
騆	ㄓㄡ	298
騇	ㄕㄜ	324
騈	ㄆㄧㄢ	244
騉	ㄎㄨㄣ	280
騊	ㄊㄠ	338
騋	ㄌㄞ	374
騌	ㄗㄨㄥ	301
騍	ㄎㄜ	391
騎	ㄑㄧ	3144
騏	ㄑㄧ	731
騐	ㄧㄢ	287
騑	ㄈㄟ	413
騒	ㄙㄠ	469
験	ㄧㄢ	560
騕	ㄧㄠ	529
騖	ㄨ	618
騗	ㄆㄧㄢ	420
騘	ㄘㄨㄥ	243
騙	ㄆㄧㄢ	6061
騛	ㄈㄟ	372
騜	ㄏㄨㄤ	295
騝	ㄑㄧㄢ	1
騞	ㄏㄨㄛ	295
騠	ㄊㄧ	1
騡	ㄑㄩㄢ	214
騢	ㄒㄧㄚ	244
騣	ㄗㄨㄥ	170
騤	ㄎㄨㄟ	341
騥	ㄖㄡ	214
騦	ㄙ	270
騧	ㄍㄨㄚ	2
騨	ㄊㄨㄛ	333
騩	ㄊㄨㄟ	439
騩	ㄍㄨㄟ	439
騫	ㄑㄧㄢ	764
騬	ㄔㄥ	307
騭	ㄓ	470
騮	ㄌㄧㄡ	519
騯	ㄅㄤ	221
騯	ㄆㄥ	221
騰	ㄊㄥ	2001
騱	ㄒㄧ	278
騲	ㄘㄠ	413
騳	ㄉㄨ	287
騴	ㄧㄢ	209
騵	ㄩㄢ	368
騶	ㄗㄡ	502
騷	ㄙㄠ	1735
騸	ㄕㄢ	506
騹	ㄌㄧ	213
騺	ㄓ	248
騻	ㄕㄨㄤ	250
騼	ㄌㄨ	230
騽	ㄒㄧ	305
騾	ㄌㄨㄛ	666
騿	ㄓㄤ	224
驀	ㄇㄛ	585
驁	ㄠ	563
驂	ㄘㄢ	496
驃	ㄆㄧㄠ	567
驄	ㄘㄨㄥ	574
驅	ㄑㄩ	1320
驆	ㄅㄧ	207
驇	ㄓ	184
驈	ㄩ	211
驉	ㄒㄩ	293
驊	ㄏㄨㄚ	713
驌	ㄙㄨ	383
驍	ㄒㄧㄠ	714
驎	ㄌㄧㄣ	364
驏	ㄔㄢ	321
驐	ㄉㄨㄣ	234
驑	ㄌㄧㄡ	236
驒	ㄊㄨㄛ	317
驓	ㄘㄥ	370
驔	ㄊㄢ	278
驕	ㄐㄧㄠ	884
驖	ㄊㄧㄝ	248
驗	ㄧㄢ	1465
驘	ㄌㄨㄛ	237
驙	ㄓㄢ	209
驚	ㄐㄧㄥ	2482
驛	ㄧ	916
驜	ㄧㄝ	291
驝	ㄊㄨㄛ	230
驞	ㄆㄧㄣ	297
驟	ㄓㄡ	836
驟	ㄗㄡ	836
驠	ㄧㄢ	230
驡	ㄌㄨㄥ	275
驡	ㄗㄤ	275
驢	ㄌㄩ	1926
驣	ㄊㄥ	308
驤	ㄒㄧㄤ	565
驥	ㄐㄧ	800
驦	ㄕㄨㄤ	352
驧	ㄐㄩ	230
驨	ㄒㄧ	235
驩	ㄏㄨㄢ	440
驪	ㄌㄧ	717
驫	ㄅㄧㄠ	445
骨	ㄍㄨ	3157
骩	ㄨㄟ	316
骪	ㄨㄟ	179
骫	ㄨㄟ	270
骬	ㄩ	223
骭	ㄍㄢ	309
骮	ㄧ	273
骯	ㄤ	605
骰	ㄊㄡ	649
骱	ㄒㄧㄝ	550
骲	ㄅㄠ	233
骳	ㄅㄟ	349
骴	ㄘ	288
骵	ㄊㄧ	418
骶	ㄉㄧ	706
骷	ㄎㄨ	585
骸	ㄏㄞ	713
骹	ㄐㄧㄠ	383
骹	ㄑㄧㄠ	383
骹	ㄒㄧㄠ	383
骺	ㄏㄡ	547
骻	ㄎㄨㄚ	295
骼	ㄍㄜ	556
骽	ㄊㄨㄟ	295
骾	ㄍㄥ	295
骿	ㄆㄧㄢ	213
髀	ㄅㄧ	548
髁	ㄎㄜ	648
髂	ㄑㄧㄚ	656
髃	ㄩ	420
髄	ㄙㄨㄟ	359
髆	ㄅㄛ	318
髇	ㄒㄧㄠ	342
髈	ㄅㄤ	411
髈	ㄆㄤ	411
髉	ㄅㄛ	226
髉	ㄐㄩㄝ	226
髊	ㄘ	258
髊	ㄘㄨㄛ	258
髍	ㄇㄛ	218
髎	ㄌㄧㄠ	473
髏	ㄌㄡ	542
髐	ㄒㄧㄠ	257
髑	ㄉㄨ	501
髒	ㄗㄤ	1681
髓	ㄙㄨㄟ	997
體	ㄊㄧ	6488
髕	ㄅㄧㄣ	566
髖	ㄎㄨㄢ	676
髗	ㄌㄨ	272
高	ㄍㄠ	46097
髙	ㄍㄠ	561
髚	ㄑㄧㄠ	167
髛	ㄎㄠ	184
髜	ㄑㄧㄠ	300
髝	ㄌㄠ	236
髞	ㄙㄠ	240
髟	ㄅㄧㄠ	518
髠	ㄎㄨㄣ	288
髡	ㄎㄨㄣ	598
髢	ㄉㄧ	332
髣	ㄈㄤ	354
髤	ㄒㄧㄡ	269
髥	ㄖㄢ	316
髦	ㄇㄠ	616
髧	ㄉㄢ	359
髨	ㄎㄨㄣ	284
髩	ㄅㄧㄣ	301
髪	ㄈㄚ	574
髫	ㄊㄧㄠ	386
髬	ㄆㄧ	265
髭	ㄗ	499
髮	ㄈㄚ	5337
髯	ㄖㄢ	673
髰	ㄊㄧ	180
髱	ㄅㄠ	239
髲	ㄆㄧ	308
髳	ㄇㄠ	306
髴	ㄈㄟ	325
髴	ㄈㄨ	325
髵	ㄦ	274
髶	ㄖㄨㄥ	276
髶	ㄦ	276
髷	ㄑㄩ	315
髸	ㄍㄨㄥ	272
髹	ㄒㄧㄡ	484
髺	ㄍㄨㄚ	286
髻	ㄐㄧ	729
髼	ㄆㄥ	255
髽	ㄓㄨㄚ	326
髾	ㄕㄠ	304
髿	ㄙㄨㄛ	246
鬀	ㄊㄧ	211
鬁	ㄌㄧ	243
鬂	ㄅㄧㄣ	331
鬃	ㄗㄨㄥ	663
鬄	ㄉㄧ	280
鬄	ㄊㄧ	280
鬅	ㄆㄥ	326
鬆	ㄙㄨㄥ	1076
鬇	ㄓㄥ	298
鬈	ㄑㄩㄢ	481
鬉	ㄗㄨㄥ	252
鬊	ㄕㄨㄣ	250
鬋	ㄐㄧㄢ	325
鬌	ㄉㄨㄛ	247
鬌	ㄊㄨㄛ	247
鬌	ㄔㄨㄟ	247
鬍	ㄏㄨ	682
鬎	ㄌㄚ	265
鬏	ㄐㄧㄡ	414
鬐	ㄑㄧ	359
鬑	ㄌㄧㄢ	303
鬒	ㄓㄣ	335
鬔	ㄆㄥ	192
鬕	ㄇㄚ	263
鬖	ㄙㄢ	265
鬗	ㄇㄢ	238
鬘	ㄇㄢ	502
鬙	ㄙㄥ	299
鬚	ㄒㄩ	751
鬛	ㄌㄧㄝ	279
鬜	ㄑㄧㄢ	182
鬞	ㄋㄤ	199
鬟	ㄏㄨㄢ	562
鬠	ㄎㄨㄞ	255
鬡	ㄋㄧㄥ	265
鬢	ㄅㄧㄣ	820
鬣	ㄌㄧㄝ	508
鬤	ㄋㄧㄥ	249
鬤	ㄖㄤ	249
鬥	ㄉㄡ	2627
鬦	ㄉㄡ	398
鬧	ㄋㄠ	5311
鬨	ㄏㄨㄥ	520
鬩	ㄒㄧ	603
鬪	ㄉㄡ	375
鬫	ㄎㄢ	264
鬬	ㄉㄡ	323
鬭	ㄉㄡ	330
鬮	ㄐㄧㄡ	563
鬯	ㄔㄤ	520
鬰	ㄩ	344
鬱	ㄩ	906
鬲	ㄌㄧ	265
鬲	ㄍㄜ	265
鬳	ㄧㄢ	290
鬴	ㄈㄨ	288
鬴	ㄌㄧ	288
鬵	ㄑㄧㄢ	256
鬷	ㄗㄨㄥ	301
鬸	ㄌㄧㄡ	221
鬹	ㄍㄨㄟ	254
鬹	ㄒㄧㄝ	254
鬺	ㄕㄤ	399
鬻	ㄩ	551
鬼	ㄍㄨㄟ	7507
鬽	ㄇㄟ	381
鬾	ㄐㄧ	292
鬾	ㄑㄧ	292
鬿	ㄑㄧ	296
魀	ㄍㄚ	321
魁	ㄎㄨㄟ	995
魂	ㄏㄨㄣ	2321
魃	ㄅㄚ	580
魄	ㄆㄛ	964
魅	ㄇㄟ	1064
魆	ㄒㄩ	345
魈	ㄒㄧㄠ	589
魊	ㄩ	440
魋	ㄊㄨㄟ	358
魌	ㄑㄧ	324
魍	ㄨㄤ	557
魎	ㄌㄧㄤ	572
魏	ㄨㄟ	3061
魐	ㄍㄢ	213
魑	ㄔ	615
魒	ㄆㄧㄠ	251
魓	ㄅㄧ	227
魔	ㄇㄛ	3813
魕	ㄐㄧ	243
魖	ㄒㄩ	304
魗	ㄔㄡ	241
魘	ㄧㄢ	673
魙	ㄓㄢ	241
魚	ㄩ	10109
魛	ㄉㄠ	318
魜	ㄖㄣ	670
魝	ㄐㄧ	186
魝	ㄐㄧㄝ	186
魟	ㄍㄨㄥ	3
魟	ㄏㄨㄥ	3
魠	ㄊㄨㄛ	312
魡	ㄉㄧ	498
魡	ㄉㄧㄠ	498
魢	ㄐㄧ	445
魣	ㄩ	331
魤	ㄏㄨㄚ	298
魤	ㄜ	298
魦	ㄕㄚ	310
魧	ㄏㄤ	268
魨	ㄊㄨㄣ	465
魩	ㄇㄛ	228
魪	ㄐㄧㄝ	285
魫	ㄕㄣ	296
魬	ㄈㄢ	315
魭	ㄨㄢ	474
魭	ㄩㄢ	474
魮	ㄅㄧ	335
魮	ㄆㄧ	335
魯	ㄌㄨ	3204
魰	ㄨㄣ	435
魱	ㄏㄨ	199
魲	ㄌㄨ	243
魳	ㄕ	280
魳	ㄗㄚ	280
魴	ㄈㄤ	618
魵	ㄈㄣ	386
魶	ㄋㄚ	340
魷	ㄧㄡ	633
魸	ㄆㄧㄢ	424
魺	ㄍㄜ	210
魺	ㄏㄜ	210
魻	ㄒㄧㄚ	215
魼	ㄑㄩ	496
魼	ㄒㄧㄝ	496
魽	ㄏㄢ	300
魾	ㄆㄧ	250
魿	ㄌㄧㄣ	341
魿	ㄌㄧㄥ	341
鮀	ㄊㄨㄛ	451
鮁	ㄅㄛ	538
鮂	ㄑㄧㄡ	416
鮃	ㄆㄧㄥ	603
鮄	ㄈㄨ	349
鮅	ㄅㄧ	254
鮆	ㄐㄧ	299
鮇	ㄨㄟ	430
鮈	ㄍㄡ	440
鮈	ㄐㄩ	440
鮈	ㄑㄩ	440
鮉	ㄉㄧㄠ	208
鮊	ㄅㄚ	441
鮊	ㄅㄛ	441
鮋	ㄔㄡ	463
鮋	ㄧㄡ	463
鮌	ㄍㄨㄣ	261
鮍	ㄆㄧ	337
鮎	ㄋㄧㄢ	643
鮏	ㄒㄧㄥ	460
鮏	ㄓㄥ	460
鮐	ㄊㄞ	421
鮑	ㄅㄠ	1358
鮒	ㄈㄨ	574
鮓	ㄓㄚ	438
鮔	ㄐㄩ	507
鮕	ㄍㄨ	1
鮖	ㄕ	300
鮗	ㄉㄨㄥ	357
鮙	ㄊㄚ	233
鮚	ㄐㄧㄝ	421
鮛	ㄕㄨ	244
鮜	ㄏㄡ	378
鮞	ㄦ	474
鮟	ㄢ	2
鮠	ㄨㄟ	409
鮡	ㄓㄠ	357
鮢	ㄓㄨ	321
鮤	ㄌㄧㄝ	198
鮥	ㄌㄨㄛ	366
鮥	ㄍㄜ	366
鮦	ㄊㄨㄥ	397
鮧	ㄊㄧ	261
鮧	ㄧ	261
鮨	ㄑㄧ	359
鮩	ㄅㄧ	293
鮩	ㄅㄧㄥ	293
鮪	ㄨㄟ	444
鮫	ㄐㄧㄠ	600
鮬	ㄎㄨ	202
鮭	ㄍㄨㄟ	625
鮮	ㄒㄧㄢ	119
鮮	ㄒㄧㄢ	2257
鮯	ㄍㄜ	217
鮱	ㄌㄠ	487
鮳	ㄎㄠ	337
鮴	ㄒㄧㄡ	240
鮵	ㄉㄨㄛ	209
鮶	ㄐㄩㄣ	371
鮷	ㄊㄧ	371
鮸	ㄇㄧㄢ	3
鮹	ㄕㄠ	261
鮺	ㄓㄚ	236
鮻	ㄙㄨㄛ	274
鮼	ㄑㄧㄣ	230
鮽	ㄩ	390
鮾	ㄋㄟ	232
鮿	ㄓㄜ	252
鯀	ㄍㄨㄣ	567
鯁	ㄍㄥ	554
鯂	ㄙㄨ	203
鯃	ㄨ	519
鯅	ㄕㄢ	194
鯅	ㄕㄣ	194
鯆	ㄈㄨ	1
鯇	ㄏㄨㄢ	474
鯈	ㄔㄡ	343
鯉	ㄌㄧ	759
鯊	ㄕㄚ	820
鯋	ㄕㄚ	335
鯌	ㄎㄠ	199
鯍	ㄇㄥ	180
鯏	ㄌㄧ	264
鯑	ㄒㄧ	363
鯒	ㄩㄥ	317
鯓	ㄋㄧ	486
鯔	ㄗ	425
鯕	ㄑㄧ	345
鯖	ㄑㄧㄥ	531
鯗	ㄒㄧㄤ	476
鯘	ㄋㄟ	174
鯙	ㄔㄨㄣ	233
鯚	ㄐㄧ	290
鯛	ㄉㄧㄠ	547
鯜	ㄑㄧㄝ	200
鯝	ㄍㄨ	419
鯞	ㄓㄡ	303
鯟	ㄉㄨㄥ	387
鯠	ㄌㄞ	455
鯡	ㄈㄟ	465
鯢	ㄋㄧ	577
鯣	ㄧ	341
鯤	ㄎㄨㄣ	662
鯥	ㄌㄨ	356
鯦	ㄐㄧㄡ	266
鯦	ㄞ	266
鯧	ㄔㄤ	505
鯨	ㄐㄧㄥ	882
鯩	ㄌㄨㄣ	382
鯪	ㄌㄧㄥ	478
鯫	ㄗㄡ	361
鯬	ㄌㄧ	292
鯭	ㄇㄥ	353
鯮	ㄗㄨㄥ	299
鯯	ㄓ	348
鯰	ㄋㄧㄢ	321
鯱	ㄏㄨ	1
鯲	ㄩ	290
鯴	ㄕ	443
鯵	ㄕㄣ	319
鯷	ㄊㄧ	410
鯸	ㄏㄡ	399
鯹	ㄒㄧㄥ	412
鯺	ㄓㄨ	267
鯻	ㄌㄚ	512
鯼	ㄗㄨㄥ	247
鯽	ㄐㄧ	639
鯾	ㄅㄧㄢ	371
鯿	ㄅㄧㄢ	461
鰀	ㄏㄨㄢ	247
鰁	ㄑㄩㄢ	286
鰂	ㄗㄜ	385
鰂	ㄗㄟ	385
鰃	ㄨㄟ	307
鰄	ㄨㄟ	266
鰅	ㄩ	345
鰇	ㄖㄡ	285
鰈	ㄉㄧㄝ	491
鰉	ㄏㄨㄤ	410
鰊	ㄌㄧㄢ	333
鰋	ㄧㄢ	281
鰌	ㄑㄧㄡ	100
鰍	ㄑㄧㄡ	562
鰎	ㄐㄧㄢ	338
鰏	ㄅㄧ	293
鰐	ㄜ	300
鰑	ㄧㄤ	244
鰒	ㄈㄨ	349
鰓	ㄙㄞ	682
鰔	ㄍㄢ	339
鰔	ㄐㄧㄢ	339
鰔	ㄒㄧㄢ	339
鰕	ㄒㄧㄚ	427
鰖	ㄊㄨㄛ	222
鰖	ㄨㄟ	222
鰗	ㄏㄨ	406
鰛	ㄨㄣ	339
鰜	ㄐㄧㄢ	287
鰝	ㄏㄠ	264
鰞	ㄨ	299
鰟	ㄆㄤ	338
鰠	ㄙㄠ	404
鰡	ㄌㄧㄡ	339
鰢	ㄇㄚ	415
鰣	ㄕ	492
鰤	ㄕ	1
鰥	ㄍㄨㄢ	507
鰦	ㄗ	331
鰨	ㄊㄚ	583
鰩	ㄧㄠ	511
鰪	ㄍㄜ	202
鰪	ㄜ	202
鰫	ㄩㄥ	238
鰬	ㄑㄧㄢ	183
鰭	ㄑㄧ	754
鰮	ㄨㄣ	357
鰯	ㄖㄨㄛ	394
鰰	ㄕㄣ	460
鰱	ㄌㄧㄢ	553
鰲	ㄠ	738
鰳	ㄌㄜ	582
鰴	ㄏㄨㄟ	261
鰵	ㄇㄧㄣ	427
鰶	ㄐㄧ	294
鰷	ㄊㄧㄠ	474
鰸	ㄑㄩ	341
鰹	ㄐㄧㄢ	439
鰺	ㄕㄣ	401
鰺	ㄘㄢ	401
鰺	ㄙㄠ	401
鰻	ㄇㄢ	633
鰼	ㄒㄧ	302
鰽	ㄑㄧㄡ	263
鰾	ㄅㄧㄠ	453
鰿	ㄐㄧ	250
鱀	ㄐㄧ	290
鱁	ㄓㄨ	237
鱂	ㄐㄧㄤ	426
鱃	ㄑㄧㄡ	269
鱃	ㄒㄧㄡ	269
鱄	ㄓㄨㄢ	316
鱅	ㄩㄥ	503
鱆	ㄓㄤ	344
鱈	ㄒㄩㄝ	574
鱉	ㄅㄧㄝ	915
鱊	ㄩ	302
鱋	ㄑㄩ	180
鱌	ㄒㄧㄤ	362
鱍	ㄅㄛ	305
鱎	ㄐㄧㄠ	273
鱏	ㄒㄩㄣ	260
鱐	ㄙㄨ	256
鱑	ㄏㄨㄤ	285
鱒	ㄗㄨㄣ	454
鱓	ㄕㄢ	394
鱔	ㄕㄢ	656
鱕	ㄈㄢ	372
鱖	ㄍㄨㄟ	470
鱗	ㄌㄧㄣ	921
鱘	ㄒㄩㄣ	594
鱙	ㄇㄧㄠ	231
鱚	ㄒㄧ	365
鱝	ㄈㄣ	391
鱞	ㄍㄨㄢ	236
鱟	ㄏㄡ	607
鱠	ㄎㄨㄞ	380
鱡	ㄗㄟ	274
鱢	ㄙㄠ	235
鱣	ㄓㄢ	353
鱤	ㄍㄢ	491
鱥	ㄍㄨㄟ	267
鱦	ㄇㄥ	274
鱦	ㄕㄥ	274
鱦	ㄧㄥ	274
鱧	ㄌㄧ	473
鱨	ㄔㄤ	344
鱬	ㄖㄨ	336
鱭	ㄐㄧ	440
鱮	ㄒㄩ	1
鱯	ㄏㄨ	329
鱰	ㄕㄨ	24
鱱	ㄌㄧ	228
鱲	ㄌㄧㄝ	402
鱳	ㄌㄧ	303
鱳	ㄌㄨ	303
鱳	ㄌㄨㄛ	303
鱴	ㄇㄧㄝ	305
鱵	ㄓㄣ	285
鱶	ㄒㄧㄤ	205
鱷	ㄜ	710
鱸	ㄌㄨ	612
鱹	ㄍㄨㄢ	211
鱺	ㄌㄧ	405
鱻	ㄒㄧㄢ	444
鳥	ㄋㄧㄠ	10298
鳦	ㄧ	364
鳧	ㄈㄨ	595
鳨	ㄌㄧ	300
鳩	ㄐㄧㄡ	841
鳪	ㄅㄨ	545
鳫	ㄧㄢ	204
鳭	ㄉㄧㄠ	237
鳭	ㄓㄠ	237
鳮	ㄐㄧ	422
鳯	ㄈㄥ	474
鳰	ㄖㄨ	294
鳱	ㄍㄢ	270
鳱	ㄏㄢ	270
鳱	ㄧㄢ	270
鳲	ㄕ	329
鳳	ㄈㄥ	3039
鳴	ㄇㄧㄥ	2124
鳵	ㄅㄠ	241
鳶	ㄩㄢ	738
鳷	ㄓ	1
鳸	ㄏㄨ	263
鳹	ㄑㄧㄣ	239
鳺	ㄈㄨ	262
鳺	ㄍㄨㄟ	262
鳻	ㄈㄣ	264
鳽	ㄐㄧㄢ	421
鳽	ㄑㄧㄢ	421
鳽	ㄓㄢ	421
鳿	ㄩ	204
鴀	ㄈㄡ	304
鴁	ㄠ	256
鴁	ㄧㄠ	256
鴂	ㄐㄩㄝ	384
鴃	ㄐㄩㄝ	1
鴄	ㄆㄧ	198
鴅	ㄏㄨㄢ	255
鴆	ㄓㄣ	578
鴇	ㄅㄠ	550
鴈	ㄧㄢ	160
鴉	ㄧㄚ	888
鴊	ㄓㄥ	266
鴋	ㄈㄤ	334
鴌	ㄈㄥ	306
鴍	ㄨㄣ	242
鴎	ㄡ	317
鴏	ㄉㄞ	384
鴐	ㄍㄜ	285
鴑	ㄖㄨ	253
鴒	ㄌㄧㄥ	521
鴓	ㄅㄧ	210
鴓	ㄇㄧㄝ	210
鴔	ㄈㄨ	230
鴕	ㄊㄨㄛ	619
鴖	ㄇㄧㄣ	246
鴖	ㄨㄣ	246
鴗	ㄌㄧ	1
鴘	ㄅㄧㄢ	216
鴙	ㄓ	275
鴚	ㄍㄜ	266
鴛	ㄩㄢ	653
鴝	ㄑㄩ	529
鴞	ㄒㄧㄠ	488
鴟	ㄔ	550
鴠	ㄉㄢ	318
鴡	ㄐㄩ	286
鴢	ㄧㄡ	225
鴣	ㄍㄨ	557
鴤	ㄉㄢ	246
鴤	ㄉㄨㄥ	246
鴥	ㄩ	289
鴦	ㄧㄤ	556
鴧	ㄖㄨㄥ	240
鴨	ㄧㄚ	2068
鴩	ㄊㄧㄝ	227
鴩	ㄏㄨ	227
鴪	ㄩ	209
鴫	ㄊㄧㄢ	299
鴬	ㄧㄥ	252
鴭	ㄉㄨㄟ	180
鴮	ㄨ	229
鴯	ㄦ	548
鴰	ㄍㄨㄚ	565
鴱	ㄞ	301
鴳	ㄧㄢ	333
鴴	ㄏㄥ	424
鴵	ㄒㄧㄠ	160
鴶	ㄐㄧㄚ	259
鴷	ㄌㄧㄝ	1
鴸	ㄓㄨ	272
鴹	ㄒㄧㄤ	372
鴹	ㄧㄤ	372
鴺	ㄊㄧ	218
鴺	ㄧ	218
鴻	ㄏㄨㄥ	2059
鴼	ㄌㄨㄛ	199
鴽	ㄖㄨ	291
鴾	ㄇㄡ	202
鴿	ㄍㄜ	950
鵀	ㄖㄣ	281
鵁	ㄐㄧㄠ	1
鵂	ㄒㄧㄡ	521
鵃	ㄉㄧㄠ	255
鵃	ㄓㄡ	255
鵄	ㄓ	285
鵅	ㄌㄨㄛ	287
鵅	ㄍㄜ	287
鵆	ㄏㄥ	259
鵈	ㄜ	167
鵊	ㄐㄧㄚ	274
鵋	ㄐㄧ	235
鵌	ㄊㄨ	227
鵍	ㄍㄨㄢ	206
鵍	ㄏㄨㄢ	206
鵍	ㄐㄩㄢ	206
鵎	ㄊㄨㄛ	191
鵏	ㄅㄨ	284
鵏	ㄆㄨ	284
鵐	ㄨ	410
鵑	ㄐㄩㄢ	829
鵒	ㄩ	635
鵓	ㄅㄛ	516
鵔	ㄐㄩㄣ	288
鵕	ㄒㄩㄣ	304
鵖	ㄅㄧ	284
鵗	ㄒㄧ	238
鵘	ㄐㄩㄣ	275
鵙	ㄐㄩ	332
鵛	ㄐㄧㄥ	253
鵜	ㄊㄧ	544
鵝	ㄜ	1619
鵞	ㄜ	341
鵟	ㄎㄨㄤ	412
鵠	ㄍㄨ	332
鵠	ㄏㄨ	332
鵡	ㄨ	525
鵢	ㄕㄣ	266
鵣	ㄌㄞ	265
鵣	ㄔ	265
鵤	ㄗㄢ	282
鵦	ㄌㄨ	173
鵧	ㄆㄧ	204
鵨	ㄕㄨ	179
鵩	ㄈㄨ	368
鵪	ㄢ	493
鵫	ㄓㄠ	209
鵬	ㄆㄥ	2365
鵭	ㄑㄧㄣ	200
鵮	ㄑㄧㄢ	295
鵯	ㄅㄟ	515
鵰	ㄉㄧㄠ	809
鵱	ㄌㄨ	238
鵲	ㄑㄩㄝ	758
鵳	ㄐㄧㄢ	194
鵴	ㄐㄩ	209
鵵	ㄊㄨ	216
鵶	ㄧㄚ	338
鵷	ㄩㄢ	401
鵸	ㄑㄧ	291
鵹	ㄌㄧ	270
鵺	ㄧㄝ	436
鵻	ㄓㄨㄟ	342
鵼	ㄎㄨㄥ	381
鵽	ㄉㄨㄛ	261
鵾	ㄎㄨㄣ	425
鵿	ㄕㄥ	256
鶀	ㄑㄧ	292
鶁	ㄐㄧㄥ	324
鶂	ㄧ	272
鶃	ㄧ	229
鶄	ㄐㄧㄥ	2
鶄	ㄑㄧㄥ	2
鶅	ㄗ	217
鶆	ㄌㄞ	274
鶇	ㄉㄨㄥ	561
鶈	ㄑㄧ	230
鶉	ㄔㄨㄣ	653
鶊	ㄍㄥ	284
鶋	ㄐㄩ	269
鶌	ㄐㄩㄝ	240
鶌	ㄑㄩ	240
鶏	ㄐㄧ	70
鶐	ㄕㄨ	192
鶑	ㄧㄥ	212
鶒	ㄔ	2
鶓	ㄇㄧㄠ	506
鶔	ㄖㄡ	194
鶕	ㄢ	208
鶖	ㄑㄧㄡ	340
鶗	ㄊㄧ	1
鶘	ㄏㄨ	563
鶙	ㄊㄧ	232
鶚	ㄜ	613
鶛	ㄐㄧㄝ	201
鶜	ㄇㄠ	187
鶝	ㄅㄧ	286
鶝	ㄈㄨ	286
鶞	ㄔㄨㄣ	212
鶟	ㄊㄨ	218
鶠	ㄧㄢ	262
鶡	ㄏㄜ	394
鶢	ㄩㄢ	254
鶣	ㄅㄧㄢ	278
鶣	ㄆㄧㄢ	278
鶤	ㄎㄨㄣ	352
鶥	ㄇㄟ	540
鶦	ㄏㄨ	296
鶧	ㄧㄥ	264
鶨	ㄓ	269
鶨	ㄔㄨㄢ	269
鶩	ㄨ	656
鶪	ㄐㄩ	1
鶫	ㄉㄨㄥ	303
鶬	ㄘㄤ	329
鶭	ㄈㄤ	300
鶮	ㄏㄜ	251
鶮	ㄏㄨ	251
鶯	ㄧㄥ	913
鶰	ㄩㄢ	288
鶱	ㄒㄩㄢ	313
鶲	ㄨㄥ	430
鶳	ㄕ	290
鶴	ㄏㄜ	1699
鶵	ㄔㄨ	376
鶶	ㄊㄤ	277
鶷	ㄒㄧㄚ	301
鶸	ㄖㄨㄛ	271
鶹	ㄌㄧㄡ	337
鶺	ㄐㄧ	470
鶻	ㄏㄨ	578
鶼	ㄐㄧㄢ	519
鶽	ㄒㄩㄣ	321
鶽	ㄙㄨㄣ	321
鶾	ㄏㄢ	390
鶿	ㄗ	537
鷀	ㄘ	300
鷁	ㄧ	366
鷂	ㄧㄠ	587
鷃	ㄧㄢ	370
鷄	ㄐㄧ	513
鷅	ㄌㄧ	218
鷆	ㄊㄧㄢ	232
鷇	ㄎㄡ	326
鷉	ㄊㄧ	372
鷉	ㄙ	372
鷊	ㄋㄧ	304
鷋	ㄊㄨ	236
鷌	ㄇㄚ	295
鷍	ㄐㄧㄠ	222
鷎	ㄍㄠ	202
鷏	ㄓㄣ	264
鷐	ㄔㄣ	273
鷑	ㄐㄧ	257
鷒	ㄊㄨㄢ	246
鷓	ㄓㄜ	506
鷕	ㄧㄠ	280
鷖	ㄧ	347
鷗	ㄡ	865
鷘	ㄔ	232
鷙	ㄓ	560
鷚	ㄌㄧㄡ	533
鷛	ㄩㄥ	234
鷜	ㄌㄩ	232
鷝	ㄅㄧ	192
鷞	ㄕㄨㄤ	287
鷟	ㄓㄨㄛ	395
鷠	ㄩ	240
鷡	ㄨ	429
鷢	ㄐㄩㄝ	221
鷣	ㄧㄣ	221
鷤	ㄊㄢ	221
鷤	ㄊㄧ	221
鷥	ㄙ	517
鷦	ㄐㄧㄠ	528
鷧	ㄧ	283
鷨	ㄏㄨㄚ	1
鷩	ㄅㄧ	312
鷪	ㄧㄥ	240
鷫	ㄙㄨ	333
鷬	ㄏㄨㄤ	179
鷭	ㄈㄢ	263
鷮	ㄐㄧㄠ	238
鷯	ㄌㄧㄠ	541
鷰	ㄧㄢ	2
鷱	ㄍㄠ	174
鷲	ㄐㄧㄡ	663
鷳	ㄒㄧㄢ	503
鷵	ㄊㄨ	197
鷶	ㄇㄞ	333
鷷	ㄗㄨㄣ	238
鷸	ㄩ	572
鷹	ㄧㄥ	1915
鷺	ㄌㄨ	831
鷻	ㄊㄨㄢ	158
鷼	ㄒㄧㄢ	186
鷽	ㄒㄩㄝ	275
鷾	ㄧ	222
鸀	ㄓㄨ	497
鸀	ㄔㄨ	497
鸁	ㄌㄨㄛ	302
鸂	ㄒㄧ	3
鸃	ㄧ	273
鸄	ㄐㄧ	260
鸅	ㄗㄜ	305
鸆	ㄩ	365
鸇	ㄓㄢ	350
鸈	ㄧㄝ	240
鸉	ㄧㄤ	323
鸊	ㄅㄧ	374
鸊	ㄆㄧ	374
鸌	ㄏㄨ	524
鸍	ㄇㄧ	202
鸎	ㄧㄥ	313
鸏	ㄇㄥ	273
鸐	ㄉㄧ	257
鸑	ㄩㄝ	358
鸒	ㄩ	298
鸓	ㄌㄟ	264
鸔	ㄅㄠ	261
鸕	ㄌㄨ	617
鸖	ㄏㄜ	260
鸗	ㄌㄨㄥ	255
鸘	ㄕㄨㄤ	313
鸙	ㄩㄝ	203
鸚	ㄧㄥ	562
鸛	ㄍㄨㄢ	570
鸜	ㄑㄩ	306
鸝	ㄌㄧ	564
鸞	ㄌㄨㄢ	876
鹵	ㄌㄨ	722
鹶	ㄐㄧㄣ	288
鹷	ㄌㄧㄥ	262
鹸	ㄐㄧㄢ	336
鹹	ㄒㄧㄢ	1476
鹺	ㄘㄨㄛ	565
鹻	ㄐㄧㄢ	227
鹼	ㄐㄧㄢ	1303
鹽	ㄧㄢ	3011
鹿	ㄌㄨ	1708
麀	ㄧㄡ	371
麁	ㄘㄨ	272
麂	ㄐㄧ	514
麃	ㄅㄧㄠ	327
麄	ㄘㄨ	261
麅	ㄆㄠ	231
麆	ㄓㄨ	270
麆	ㄘㄨ	270
麇	ㄐㄩㄣ	436
麈	ㄓㄨ	473
麉	ㄐㄧㄢ	244
麊	ㄇㄧ	250
麋	ㄇㄧ	531
麌	ㄨ	333
麍	ㄌㄧㄡ	276
麎	ㄔㄣ	264
麏	ㄐㄩㄣ	270
麐	ㄌㄧㄣ	304
麑	ㄋㄧ	373
麒	ㄑㄧ	811
麓	ㄌㄨ	860
麔	ㄐㄧㄡ	236
麕	ㄐㄩㄣ	343
麖	ㄐㄧㄥ	294
麗	ㄌㄧ	4237
麘	ㄒㄧㄤ	228
麙	ㄒㄧㄢ	209
麙	ㄧㄢ	209
麚	ㄐㄧㄚ	276
麛	ㄇㄧ	312
麜	ㄌㄧ	236
麝	ㄕㄜ	586
麞	ㄓㄤ	317
麟	ㄌㄧㄣ	1276
麠	ㄐㄧㄥ	218
麡	ㄑㄧ	227
麢	ㄌㄧㄥ	226
麣	ㄧㄢ	297
麤	ㄘㄨ	414
麥	ㄇㄞ	3342
麧	ㄏㄜ	197
麩	ㄈㄨ	553
麪	ㄇㄧㄢ	7387
麬	ㄈㄨ	270
麭	ㄆㄠ	347
麮	ㄑㄩ	508
麯	ㄑㄩ	190
麰	ㄇㄡ	313
麱	ㄈㄨ	239
麲	ㄒㄧㄢ	100
麲	ㄧㄢ	100
麴	ㄑㄩ	598
麵	ㄇㄧㄢ	1000
麶	ㄌㄧ	241
麶	ㄔ	241
麷	ㄈㄥ	285
麻	ㄇㄚ	3420
麼	ㄇㄚ	104045
麼	ㄇㄛ	104045
麼	ㄇㄜ	104045
麾	ㄏㄨㄟ	556
麿	ㄇㄛ	456
黀	ㄗㄡ	218
黁	ㄋㄨㄣ	373
黂	ㄈㄣ	244
黃	ㄏㄨㄤ	17102
黅	ㄐㄧㄣ	282
黆	ㄍㄨㄤ	217
黇	ㄊㄧㄢ	305
黈	ㄊㄡ	275
黊	ㄏㄨㄚ	214
黋	ㄎㄨㄤ	209
黌	ㄏㄨㄥ	472
黍	ㄕㄨ	624
黎	ㄌㄧ	3146
黏	ㄋㄧㄢ	909
黐	ㄔ	483
黑	ㄏㄟ	15202
黒	ㄏㄟ	691
黓	ㄧ	332
黔	ㄑㄧㄢ	1067
黕	ㄓㄣ	254
黖	ㄒㄧ	259
黗	ㄊㄨㄣ	217
默	ㄇㄛ	1595
黙	ㄇㄛ	550
黚	ㄐㄧㄢ	336
黚	ㄑㄧㄢ	336
黛	ㄉㄞ	1159
黜	ㄔㄨ	573
黝	ㄧㄡ	510
點	ㄉㄧㄢ	138948
黟	ㄧ	477
黠	ㄒㄧㄚ	515
黢	ㄑㄩ	413
黣	ㄇㄟ	388
黤	ㄧㄢ	267
黥	ㄑㄧㄥ	492
黦	ㄧㄝ	316
黦	ㄩㄝ	316
黧	ㄌㄧ	446
黨	ㄉㄤ	4920
黫	ㄧㄢ	320
黬	ㄐㄧㄢ	200
黬	ㄧㄢ	200
黭	ㄧㄢ	211
黮	ㄊㄢ	366
黯	ㄢ	830
黰	ㄓㄣ	406
黱	ㄉㄞ	501
黲	ㄘㄢ	371
黳	ㄧ	262
黳	ㄨㄚ	262
黴	ㄇㄟ	1221
黵	ㄉㄢ	327
黵	ㄓㄢ	327
黶	ㄧㄢ	409
黷	ㄉㄨ	444
黸	ㄌㄨ	265
黹	ㄓ	438
黺	ㄈㄣ	361
黻	ㄈㄨ	470
黼	ㄈㄨ	488
黽	ㄇㄧㄣ	612
黿	ㄩㄢ	598
鼀	ㄘㄨ	255
鼁	ㄑㄩ	248
鼂	ㄓㄠ	256
鼂	ㄔㄠ	256
鼃	ㄨㄚ	274
鼄	ㄓㄨ	265
鼅	ㄓ	284
鼆	ㄇㄥ	331
鼇	ㄠ	43
鼈	ㄅㄧㄝ	326
鼉	ㄊㄨㄛ	565
鼊	ㄅㄧ	228
鼎	ㄉㄧㄥ	1616
鼏	ㄇㄧ	291
鼐	ㄋㄞ	574
鼑	ㄉㄧㄥ	362
鼒	ㄗ	335
鼓	ㄍㄨ	2014
鼔	ㄍㄨ	378
鼕	ㄉㄨㄥ	1
鼖	ㄈㄣ	239
鼘	ㄩㄢ	256
鼙	ㄆㄧ	557
鼚	ㄔㄤ	224
鼛	ㄍㄠ	252
鼜	ㄑㄧ	262
鼜	ㄘㄠ	262
鼝	ㄩㄢ	223
鼞	ㄊㄤ	289
鼠	ㄕㄨ	2192
鼡	ㄕㄨ	499
鼢	ㄈㄣ	397
鼣	ㄈㄟ	237
鼤	ㄨㄣ	239
鼥	ㄅㄚ	239
鼥	ㄈㄟ	239
鼦	ㄉㄧㄠ	229
鼧	ㄊㄨㄛ	224
鼨	ㄓㄨㄥ	204
鼩	ㄑㄩ	441
鼪	ㄕㄥ	310
鼫	ㄕ	309
鼬	ㄧㄡ	695
鼭	ㄕ	217
鼮	ㄊㄧㄥ	253
鼯	ㄨ	484
鼰	ㄋㄧㄢ	188
鼱	ㄐㄧㄥ	373
鼲	ㄏㄨㄣ	236
鼳	ㄐㄩ	250
鼳	ㄒㄧ	250
鼴	ㄧㄢ	439
鼵	ㄊㄨ	297
鼶	ㄙ	307
鼷	ㄒㄧ	388
鼸	ㄒㄧㄢ	311
鼹	ㄧㄢ	100
鼺	ㄌㄟ	221
鼻	ㄅㄧ	1676
鼼	ㄧㄠ	217
鼽	ㄑㄧㄡ	407
鼾	ㄏㄢ	597
鼿	ㄏㄨㄟ	261
鼿	ㄨ	261
齀	ㄨ	262
齁	ㄏㄡ	440
齂	ㄒㄧㄝ	213
齃	ㄏㄜ	249
齃	ㄜ	249
齅	ㄒㄧㄡ	284
齆	ㄨㄥ	299
齇	ㄓㄚ	323
齈	ㄋㄨㄥ	285
齉	ㄋㄤ	309
齊	ㄑㄧ	4998
齋	ㄓㄞ	1522
齌	ㄐㄧ	322
齍	ㄐㄧ	288
齍	ㄗ	288
齎	ㄐㄧ	541
齏	ㄐㄧ	538
齒	ㄔ	1465
齓	ㄔㄣ	207
齔	ㄔㄣ	578
齕	ㄏㄜ	410
齖	ㄧㄚ	285
齗	ㄎㄣ	333
齘	ㄒㄧㄝ	273
齙	ㄅㄠ	633
齚	ㄘㄨㄛ	226
齛	ㄒㄧㄝ	356
齛	ㄕ	356
齜	ㄗ	583
齝	ㄔ	282
齞	ㄋㄧㄢ	255
齟	ㄐㄩ	562
齠	ㄊㄧㄠ	587
齡	ㄌㄧㄥ	1338
齢	ㄌㄧㄥ	440
齣	ㄔㄨ	1876
齤	ㄑㄩㄢ	182
齥	ㄒㄧㄝ	237
齦	ㄎㄣ	6
齦	ㄧㄣ	619
齧	ㄋㄧㄝ	478
齨	ㄐㄧㄡ	235
齩	ㄧㄠ	296
齪	ㄔㄨㄛ	596
齫	ㄎㄨㄣ	262
齬	ㄩ	581
齭	ㄔㄨ	283
齮	ㄧ	433
齯	ㄋㄧ	315
齰	ㄘㄨㄛ	312
齱	ㄗㄡ	251
齲	ㄑㄩ	673
齳	ㄩㄣ	240
齴	ㄧㄢ	232
齵	ㄩ	378
齶	ㄜ	600
齷	ㄨㄛ	585
齸	ㄧ	323
齹	ㄘ	310
齹	ㄘㄨㄛ	310
齺	ㄗㄡ	223
齻	ㄉㄧㄢ	219
齼	ㄔㄨ	271
齽	ㄐㄧㄣ	313
齾	ㄧㄚ	280
龍	ㄌㄨㄥ	10914
龎	ㄆㄤ	373
龏	ㄍㄨㄥ	360
龏	ㄨㄛ	360
龐	ㄆㄤ	1461
龑	ㄧㄢ	469
龒	ㄌㄨㄥ	379
龓	ㄌㄨㄥ	271
龔	ㄍㄨㄥ	1606
龕	ㄎㄢ	631
龖	ㄉㄚ	394
龗	ㄌㄧㄥ	316
龘	ㄉㄚ	456
龜	ㄍㄨㄟ	1836
龝	ㄑㄧㄡ	234
龞	ㄅㄧㄝ	240
龠	ㄩㄝ	484
龡	ㄔㄨㄟ	240
龢	ㄏㄜ	417
龣	ㄐㄩㄝ	214
龤	ㄒㄧㄝ	228
龥	ㄩ	259
鿫	ㄠ	4
鿬	ㄊㄧㄢ	3
鿽	ㄓㄞ	1
𠝹	ㄐㄧㄝ	57
𠱁	ㄉㄤ	1
𠱸	ㄔㄣ	1
𠲖	ㄧ	1
𠳏	ㄔㄜ	1
𠵝	ㄧㄚ	1
𠵱	ㄧ	1
𠶧	ㄉㄧㄢ	1
𠹶	ㄆㄥ	1
𠺘	ㄌㄤ	1
𠺝	ㄍㄜ	1
𠺢	ㄐㄧㄚ	1
𠻘	ㄐㄩㄝ	1
𠻹	ㄊㄧㄢ	1
𠼭	ㄅㄛ	1
𠼮	ㄨㄟ	1
𠽌	ㄒㄩㄝ	1
𠿪	ㄐㄧㄚ	1
𡀔	ㄌㄡ	1
𡀔	ㄌㄨ	1
𡁜	ㄏㄨㄛ	1
𡁻	ㄓㄠ	1
𡃁	ㄌㄧㄤ	1
𡃶	ㄒㄧ	1
𡅅	ㄜ	1
𡅅	ㄟ	1
𡥼	ㄇㄧㄝ	2
𡰪	ㄉㄨ	1
𡲢	ㄑㄧㄝ	1
𢃇	ㄌㄧ	3
𢫏	ㄎㄢ	1
𢭃	ㄉㄡ	29
𢭃	ㄉㄨㄢ	29
𢯊	ㄉㄧ	2
𢱑	ㄨㄚ	1
𢱕	ㄉㄚ	1
𢱢	ㄙㄜ	1
𢱢	ㄙㄨㄛ	1
𢳂	ㄆㄧㄝ	1
𢵌	ㄉㄨㄟ	1
𢵧	ㄐㄧㄢ	1
𣈶	ㄍㄥ	403
𣚺	ㄒㄧㄤ	1
𣲷	ㄋㄧ	1
𤓓	ㄌㄨㄛ	1
𤘅	ㄧㄚ	1
𤶸	ㄋㄚ	1
𤷪	ㄇㄥ	1
𤺧	ㄗㄥ	1
𥄫	ㄐㄧ	1
𥅈	ㄌㄧ	1
𥅾	ㄔㄨㄤ	1
𥹉	ㄋㄚ	1
𦉘	ㄔㄥ	1
𦟌	ㄐㄧㄢ	1
𦢊	ㄅㄛ	1
𦢊	ㄅㄠ	1
𦧲	ㄌㄟ	1
𦧺	ㄌㄞ	1
𧨾	ㄕㄢ	1
𧿁	ㄩㄝ	1
𨃩	ㄕㄢ	1
𨅝	ㄔㄥ	1
𨈇	ㄌㄢ	1
𨋢	ㄌㄧ	84
𨳊	ㄐㄧㄡ	7
𨳍	ㄑㄧ	2
𨳒	ㄉㄧㄠ	11
𨶙	ㄋㄥ	7
𩓥	ㄩㄝ	193
𩶘	ㄌㄧ	6
