char	reading	frequency	reason
	ㄆㄨㄥ		no_positive_single_character_attestation
	ㄑ		structurally_invalid
㐀	ㄑㄧㄡ	0	nonpositive_frequency
㐁	ㄊㄧㄢˋ	0	nonpositive_frequency
㐅	ㄨˇ	0	nonpositive_frequency
㐤	ㄉㄢ	0	nonpositive_frequency
㒖	ㄡˇ	0	nonpositive_frequency
㸸	ㄎㄡˇ	0	nonpositive_frequency
㸸	ㄏㄡˇ	0	nonpositive_frequency
㸸	ㄡˇ	0	nonpositive_frequency
㻞	ㄅㄧㄣ	0	nonpositive_frequency
丂	ㄎㄠˇ	0	nonpositive_frequency
丄	ㄕㄤˇ	0	nonpositive_frequency
丅	ㄒㄧㄚˋ	0	nonpositive_frequency
丒	ㄔㄡˇ	0	nonpositive_frequency
丗	ㄕˋ	0	nonpositive_frequency
丠	ㄑㄧㄡ	0	nonpositive_frequency
両	ㄌㄧㄤˇ	0	nonpositive_frequency
丢	ㄉㄧㄡ	0	nonpositive_frequency
丣	ㄧㄡˇ	0	nonpositive_frequency
两	ㄌㄧㄤˇ	0	nonpositive_frequency
丨	ㄍㄨㄣˇ	0	nonpositive_frequency
丩	ㄐㄧㄡ	0	nonpositive_frequency
个	ㄍㄜˋ	0	nonpositive_frequency
丯	ㄐㄧㄝˋ	0	nonpositive_frequency
丵	ㄓㄨㄛˊ	0	nonpositive_frequency
丶	ㄓㄨˇ	0	nonpositive_frequency
丽	ㄌㄧˊ	0	nonpositive_frequency
丿	ㄆㄧㄝˇ	0	nonpositive_frequency
乀	ㄈㄨˊ	0	nonpositive_frequency
乁	ㄧˊ	0	nonpositive_frequency
乆	ㄐㄧㄡˇ	0	nonpositive_frequency
义	ㄧˋ	0	nonpositive_frequency
乑	ㄓㄨㄥˋ	0	nonpositive_frequency
乔	ㄐㄧㄠ	0	nonpositive_frequency
乔	ㄑㄧㄠˊ	0	nonpositive_frequency
乗	ㄔㄥˊ	0	nonpositive_frequency
乚	ㄧㄣˇ	0	nonpositive_frequency
乢	ㄍㄜˇ	0	nonpositive_frequency
乣	ㄐㄧㄡˇ	0	nonpositive_frequency
乨	ㄕˇ	0	nonpositive_frequency
乪	ㄋㄤˊ	0	nonpositive_frequency
乱	ㄌㄢˋ	0	nonpositive_frequency
乱	ㄌㄨㄢˋ	0	nonpositive_frequency
乴	ㄒㄩㄝˊ	0	nonpositive_frequency
乵	ㄧㄢˇ	0	nonpositive_frequency
乹	ㄍㄢ	0	nonpositive_frequency
乹	ㄑㄧㄢˊ	0	nonpositive_frequency
亀	ㄍㄨㄟ	0	nonpositive_frequency
亁	ㄍㄢ	0	nonpositive_frequency
亁	ㄑㄧㄢˊ	0	nonpositive_frequency
亅	ㄐㄩㄝˊ	0	nonpositive_frequency
亇	ㄍㄜˋ	0	nonpositive_frequency
争	ㄓㄥ	0	nonpositive_frequency
亏	ㄒㄩ	0	nonpositive_frequency
亏	ㄩˊ	0	nonpositive_frequency
亖	ㄙˋ	0	nonpositive_frequency
亗	ㄙㄨㄟˋ	0	nonpositive_frequency
亘	ㄍㄣˋ	0	nonpositive_frequency
亜	ㄧㄚˇ	0	nonpositive_frequency
亝	ㄐㄧˋ	0	nonpositive_frequency
亝	ㄓㄞ	0	nonpositive_frequency
亣	ㄉㄚˋ	0	nonpositive_frequency
亯	ㄒㄧㄤˇ	0	nonpositive_frequency
亰	ㄐㄧㄥ	0	nonpositive_frequency
亰	ㄩㄢˊ	0	nonpositive_frequency
亱	ㄧㄝˋ	0	nonpositive_frequency
亲	ㄑㄧㄣ	0	nonpositive_frequency
亲	ㄑㄧㄥˋ	0	nonpositive_frequency
亴	ㄧㄡˋ	0	nonpositive_frequency
亷	ㄌㄧㄢˊ	0	nonpositive_frequency
亼	ㄐㄧˊ	0	nonpositive_frequency
亾	ㄨˊ	0	nonpositive_frequency
亾	ㄨㄤˊ	0	nonpositive_frequency
仅	ㄈㄨˋ	0	nonpositive_frequency
仌	ㄅㄧㄥ	0	nonpositive_frequency
仌	ㄋㄧㄥˊ	0	nonpositive_frequency
从	ㄗㄨㄥ	0	nonpositive_frequency
从	ㄗㄨㄥˋ	0	nonpositive_frequency
仏	ㄅㄧˋ	0	nonpositive_frequency
仐	ㄙㄢˇ	0	nonpositive_frequency
仛	ㄔㄚˋ	0	nonpositive_frequency
仠	ㄍㄢˇ	0	nonpositive_frequency
仢	ㄓㄨㄛˊ	0	nonpositive_frequency
仦	ㄇㄧㄠˇ	0	nonpositive_frequency
仦	ㄔㄠˋ	0	nonpositive_frequency
仧	ㄓㄤˇ	0	nonpositive_frequency
仮	ㄈㄢ	0	nonpositive_frequency
仮	ㄈㄢˇ	0	nonpositive_frequency
仯	ㄇㄧㄠˇ	0	nonpositive_frequency
仯	ㄔㄠˋ	0	nonpositive_frequency
仸	ㄧㄠˇ	0	nonpositive_frequency
仹	ㄈㄥ	0	nonpositive_frequency
仺	ㄘㄤ	0	nonpositive_frequency
仼	ㄎㄨㄤˊ	0	nonpositive_frequency
仼	ㄨㄤˇ	0	nonpositive_frequency
仾	ㄉㄧ	0	nonpositive_frequency
伃	ㄩˊ	0	nonpositive_frequency
伆	ㄨㄣˇ	0	nonpositive_frequency
伇	ㄧˋ	0	nonpositive_frequency
伌	ㄞˋ	0	nonpositive_frequency
伖	ㄊㄤˇ	0	nonpositive_frequency
众	ㄓㄨㄥˋ	0	nonpositive_frequency
会	ㄍㄨㄟˋ	0	nonpositive_frequency
伛	ㄎㄡˋ	0	nonpositive_frequency
伛	ㄩˇ	0	nonpositive_frequency
伜	ㄘㄨㄟˋ	0	nonpositive_frequency
伨	ㄒㄩㄣˊ	0	nonpositive_frequency
伮	ㄋㄨˇ	0	nonpositive_frequency
伱	ㄋㄧˇ	0	nonpositive_frequency
伲	ㄋㄧˇ	0	nonpositive_frequency
伵	ㄒㄩˋ	0	nonpositive_frequency
伷	ㄓㄡˋ	0	nonpositive_frequency
伹	ㄑㄩ	0	nonpositive_frequency
佀	ㄙˋ	0	nonpositive_frequency
佂	ㄌㄥˋ	0	nonpositive_frequency
佂	ㄓㄥ	0	nonpositive_frequency
佄	ㄍㄢ	0	nonpositive_frequency
佅	ㄇㄞˋ	0	nonpositive_frequency
佉	ㄑㄩ	0	nonpositive_frequency
佊	ㄅㄧˇ	0	nonpositive_frequency
佋	ㄓㄠ	0	nonpositive_frequency
佌	ㄘˇ	0	nonpositive_frequency
佭	ㄒㄧㄤˊ	0	nonpositive_frequency
佱	ㄈㄚ	0	nonpositive_frequency
佱	ㄈㄚˇ	0	nonpositive_frequency
佲	ㄇㄧㄥˇ	0	nonpositive_frequency
來	ㄌㄞˋ	0	nonpositive_frequency
侊	ㄍㄨㄤ	0	nonpositive_frequency
侌	ㄧㄣ	0	nonpositive_frequency
侌	ㄧㄣˋ	0	nonpositive_frequency
侎	ㄇㄧˇ	0	nonpositive_frequency
侓	ㄌㄨˋ	0	nonpositive_frequency
侙	ㄔˋ	0	nonpositive_frequency
侟	ㄐㄧㄢˋ	0	nonpositive_frequency
侠	ㄐㄧㄚˊ	0	nonpositive_frequency
価	ㄍㄚ˙	0	nonpositive_frequency
価	ㄐㄧㄚˋ	0	nonpositive_frequency
侢	ㄉㄞˋ	0	nonpositive_frequency
侣	ㄌㄩˇ	0	nonpositive_frequency
侰	ㄐㄩㄣˋ	0	nonpositive_frequency
侱	ㄊㄧㄥˇ	0	nonpositive_frequency
侱	ㄔㄥˇ	0	nonpositive_frequency
侴	ㄏㄠˋ	0	nonpositive_frequency
侸	ㄉㄡ	0	nonpositive_frequency
侸	ㄕㄨˋ	0	nonpositive_frequency
侹	ㄊㄧㄥˇ	0	nonpositive_frequency
侺	ㄕㄣˋ	0	nonpositive_frequency
侻	ㄊㄨㄛ	0	nonpositive_frequency
侼	ㄅㄛˊ	0	nonpositive_frequency
侽	ㄋㄢˊ	0	nonpositive_frequency
侾	ㄒㄧㄠ	0	nonpositive_frequency
俆	ㄒㄩˊ	0	nonpositive_frequency
俆	ㄕㄨ	0	nonpositive_frequency
俈	ㄎㄨˋ	0	nonpositive_frequency
俌	ㄈㄨˇ	0	nonpositive_frequency
俒	ㄏㄨㄣˊ	0	nonpositive_frequency
俕	ㄙㄢˋ	0	nonpositive_frequency
俢	ㄒㄧㄡ	0	nonpositive_frequency
俣	ㄩˇ	0	nonpositive_frequency
俥	ㄐㄩ	0	nonpositive_frequency
俩	ㄌㄧㄚˇ	0	nonpositive_frequency
俰	ㄏㄨㄛˋ	0	nonpositive_frequency
俲	ㄒㄧㄠˋ	0	nonpositive_frequency
俹	ㄧㄚ	0	nonpositive_frequency
俹	ㄧㄚˋ	0	nonpositive_frequency
俻	ㄅㄟˋ	0	nonpositive_frequency
俼	ㄓㄨˇ	0	nonpositive_frequency
俼	ㄩˋ	0	nonpositive_frequency
俽	ㄒㄧㄣ	0	nonpositive_frequency
俿	ㄔˊ	0	nonpositive_frequency
倂	ㄅㄧㄥˋ	0	nonpositive_frequency
倃	ㄐㄧㄡˋ	0	nonpositive_frequency
倄	ㄧㄠˊ	0	nonpositive_frequency
倈	ㄌㄞˊ	0	nonpositive_frequency
倊	ㄗㄨㄥˋ	0	nonpositive_frequency
倐	ㄕㄨˋ	0	nonpositive_frequency
倝	ㄍㄢˋ	0	nonpositive_frequency
値	ㄓˊ	0	nonpositive_frequency
倮	ㄌㄨㄛˇ	0	nonpositive_frequency
倯	ㄙㄨㄥ	0	nonpositive_frequency
倰	ㄌㄥˊ	0	nonpositive_frequency
倱	ㄏㄨㄣˋ	0	nonpositive_frequency
倲	ㄉㄨㄥ	0	nonpositive_frequency
倴	ㄅㄣ	0	nonpositive_frequency
倶	ㄐㄩ	0	nonpositive_frequency
倶	ㄐㄩˋ	0	nonpositive_frequency
倸	ㄘㄞˇ	0	nonpositive_frequency
倹	ㄐㄧㄢˇ	0	nonpositive_frequency
偂	ㄑㄧㄢˊ	0	nonpositive_frequency
偄	ㄖㄨˊ	0	nonpositive_frequency
偄	ㄖㄨㄢˇ	0	nonpositive_frequency
偐	ㄧㄢˋ	0	nonpositive_frequency
偐	ㄧㄥ	0	nonpositive_frequency
偒	ㄉㄤˋ	0	nonpositive_frequency
偔	ㄜˋ	0	nonpositive_frequency
偖	ㄔㄜˇ	0	nonpositive_frequency
偖	ㄕㄜ	0	nonpositive_frequency
偘	ㄎㄢˇ	0	nonpositive_frequency
偙	ㄉㄧˋ	0	nonpositive_frequency
偦	ㄒㄩ	0	nonpositive_frequency
偦	ㄒㄩˇ	0	nonpositive_frequency
偧	ㄓㄚ	0	nonpositive_frequency
偬	ㄗㄨㄥˇ	0	nonpositive_frequency
偱	ㄒㄩㄣˊ	0	nonpositive_frequency
偸	ㄊㄡ	0	nonpositive_frequency
偹	ㄅㄟˋ	0	nonpositive_frequency
偻	ㄌㄡˊ	0	nonpositive_frequency
偼	ㄐㄧㄝˊ	0	nonpositive_frequency
傁	ㄙㄡ	0	nonpositive_frequency
傁	ㄙㄡˇ	0	nonpositive_frequency
傄	ㄒㄧㄚ	0	nonpositive_frequency
傆	ㄩㄢˋ	0	nonpositive_frequency
傈	ㄌㄧˋ	0	nonpositive_frequency
傉	ㄖㄨˋ	0	nonpositive_frequency
傊	ㄩㄣˇ	0	nonpositive_frequency
傏	ㄊㄤˊ	0	nonpositive_frequency
傐	ㄏㄠˋ	0	nonpositive_frequency
傓	ㄕㄢ	0	nonpositive_frequency
傓	ㄕㄢˋ	0	nonpositive_frequency
傔	ㄑㄧㄢˋ	0	nonpositive_frequency
傗	ㄔㄨˋ	0	nonpositive_frequency
傟	ㄧㄤˇ	0	nonpositive_frequency
傠	ㄈㄚ	0	nonpositive_frequency
傡	ㄅㄧㄥˋ	0	nonpositive_frequency
傪	ㄘㄢ	0	nonpositive_frequency
傫	ㄌㄟˇ	0	nonpositive_frequency
傹	ㄐㄧㄥˋ	0	nonpositive_frequency
傼	ㄏㄢˋ	0	nonpositive_frequency
僀	ㄉㄧˋ	0	nonpositive_frequency
僃	ㄅㄟˋ	0	nonpositive_frequency
僆	ㄌㄧㄢˇ	0	nonpositive_frequency
僈	ㄇㄢˋ	0	nonpositive_frequency
僊	ㄒㄧㄢ	0	nonpositive_frequency
僋	ㄑㄧㄡˊ	0	nonpositive_frequency
僌	ㄧㄥˊ	0	nonpositive_frequency
働	ㄉㄨㄥˋ	0	nonpositive_frequency
僎	ㄓㄨㄢˋ	0	nonpositive_frequency
僐	ㄕㄢˋ	0	nonpositive_frequency
僒	ㄐㄩㄥˇ	0	nonpositive_frequency
僘	ㄔㄤˇ	0	nonpositive_frequency
僙	ㄍㄨㄤ	0	nonpositive_frequency
僜	ㄉㄥˋ	0	nonpositive_frequency
僜	ㄔㄥ	0	nonpositive_frequency
僞	ㄨㄟˇ	0	nonpositive_frequency
僟	ㄐㄧ	0	nonpositive_frequency
僡	ㄏㄨㄟˋ	0	nonpositive_frequency
僢	ㄔㄨㄢˇ	0	nonpositive_frequency
僫	ㄜˇ	0	nonpositive_frequency
僴	ㄒㄧㄢˊ	0	nonpositive_frequency
僷	ㄧㄝˋ	0	nonpositive_frequency
僺	ㄑㄧㄠˋ	0	nonpositive_frequency
僼	ㄈㄥ	0	nonpositive_frequency
儁	ㄐㄩㄣˋ	0	nonpositive_frequency
儍	ㄕㄚˇ	0	nonpositive_frequency
儎	ㄗㄞˇ	0	nonpositive_frequency
儖	ㄌㄢˊ	0	nonpositive_frequency
儙	ㄑㄧㄢˋ	0	nonpositive_frequency
儛	ㄨˇ	0	nonpositive_frequency
儝	ㄑㄩㄥˊ	0	nonpositive_frequency
儞	ㄦˇ	0	nonpositive_frequency
儣	ㄎㄨㄤˇ	0	nonpositive_frequency
儧	ㄗㄢˇ	0	nonpositive_frequency
儨	ㄓˋ	0	nonpositive_frequency
儫	ㄏㄠˊ	0	nonpositive_frequency
儬	ㄑㄧㄣ	0	nonpositive_frequency
儬	ㄓㄣ	0	nonpositive_frequency
儯	ㄊㄥˊ	0	nonpositive_frequency
儶	ㄏㄨㄟˋ	0	nonpositive_frequency
儶	ㄒㄧ	0	nonpositive_frequency
儾	ㄋㄤˋ	0	nonpositive_frequency
兂	ㄗㄢ	0	nonpositive_frequency
兊	ㄉㄨㄟˋ	0	nonpositive_frequency
兊	ㄩㄝˋ	0	nonpositive_frequency
兎	ㄊㄨˋ	0	nonpositive_frequency
兏	ㄓㄤˇ	0	nonpositive_frequency
児	ㄋㄧˊ	0	nonpositive_frequency
児	ㄦˊ	0	nonpositive_frequency
兑	ㄉㄨㄟˋ	0	nonpositive_frequency
兑	ㄩㄝˋ	0	nonpositive_frequency
兓	ㄐㄧㄣ	0	nonpositive_frequency
兖	ㄧㄢˇ	0	nonpositive_frequency
兘	ㄕˇ	0	nonpositive_frequency
兠	ㄉㄡ	0	nonpositive_frequency
兤	ㄍㄨㄤˇ	0	nonpositive_frequency
兦	ㄨˊ	0	nonpositive_frequency
兦	ㄨㄤˊ	0	nonpositive_frequency
兪	ㄕㄨ	0	nonpositive_frequency
兪	ㄩˊ	0	nonpositive_frequency
兲	ㄊㄧㄢ	0	nonpositive_frequency
关	ㄒㄧㄠˋ	0	nonpositive_frequency
兾	ㄐㄧˋ	0	nonpositive_frequency
冂	ㄐㄩㄥ	0	nonpositive_frequency
冂	ㄐㄩㄥˇ	0	nonpositive_frequency
冃	ㄇㄠˋ	0	nonpositive_frequency
冄	ㄖㄢˇ	0	nonpositive_frequency
内	ㄋㄚˋ	0	nonpositive_frequency
円	ㄩㄢˊ	0	nonpositive_frequency
冈	ㄨㄤˇ	0	nonpositive_frequency
冋	ㄏㄨㄟˊ	0	nonpositive_frequency
册	ㄔㄞˇ	0	nonpositive_frequency
冎	ㄍㄨㄚˇ	0	nonpositive_frequency
冎	ㄍㄨㄛ	0	nonpositive_frequency
冐	ㄇㄛˋ	0	nonpositive_frequency
冖	ㄇㄧˋ	0	nonpositive_frequency
写	ㄒㄧㄝˇ	0	nonpositive_frequency
冝	ㄧˊ	0	nonpositive_frequency
冟	ㄕˋ	0	nonpositive_frequency
冡	ㄇㄥˊ	0	nonpositive_frequency
冣	ㄐㄩˋ	0	nonpositive_frequency
冦	ㄎㄡˋ	0	nonpositive_frequency
冨	ㄈㄨˋ	0	nonpositive_frequency
冭	ㄊㄞˋ	0	nonpositive_frequency
冲	ㄔㄨㄥ	0	nonpositive_frequency
决	ㄐㄩㄝˊ	0	nonpositive_frequency
冴	ㄏㄨˋ	0	nonpositive_frequency
况	ㄎㄨㄤˋ	0	nonpositive_frequency
冸	ㄆㄢˋ	0	nonpositive_frequency
冺	ㄇㄧㄣˇ	0	nonpositive_frequency
冿	ㄐㄧㄢ	0	nonpositive_frequency
净	ㄐㄧㄥˋ	0	nonpositive_frequency
凁	ㄙㄡˋ	0	nonpositive_frequency
凂	ㄇㄟˇ	0	nonpositive_frequency
凂	ㄇㄧㄢˇ	0	nonpositive_frequency
凃	ㄊㄨˊ	0	nonpositive_frequency
凇	ㄙㄨㄥ	0	nonpositive_frequency
凉	ㄌㄧㄤˊ	0	nonpositive_frequency
减	ㄐㄧㄢˇ	0	nonpositive_frequency
凑	ㄘㄡˋ	0	nonpositive_frequency
凒	ㄞˊ	0	nonpositive_frequency
凓	ㄌㄧˋ	0	nonpositive_frequency
凕	ㄇㄧㄥˇ	0	nonpositive_frequency
凖	ㄓㄨㄣˇ	0	nonpositive_frequency
凙	ㄉㄨㄛˊ	0	nonpositive_frequency
凚	ㄐㄧㄣˋ	0	nonpositive_frequency
凛	ㄌㄧㄣˇ	0	nonpositive_frequency
凟	ㄉㄨˊ	0	nonpositive_frequency
凢	ㄈㄢˊ	0	nonpositive_frequency
凣	ㄈㄢˊ	0	nonpositive_frequency
凤	ㄈㄥˋ	0	nonpositive_frequency
凥	ㄐㄧ	0	nonpositive_frequency
凨	ㄈㄥ	0	nonpositive_frequency
凨	ㄈㄥˋ	0	nonpositive_frequency
凬	ㄈㄥ	0	nonpositive_frequency
凬	ㄈㄥˋ	0	nonpositive_frequency
凭	ㄆㄧㄥˊ	0	nonpositive_frequency
凮	ㄈㄥ	0	nonpositive_frequency
凮	ㄈㄥˋ	0	nonpositive_frequency
凲	ㄍㄢ	0	nonpositive_frequency
凲	ㄐㄧㄢ	0	nonpositive_frequency
凴	ㄆㄧㄥˊ	0	nonpositive_frequency
凷	ㄎㄨㄞˋ	0	nonpositive_frequency
凾	ㄏㄢˊ	0	nonpositive_frequency
刂	ㄉㄠ	0	nonpositive_frequency
刄	ㄖㄣˋ	0	nonpositive_frequency
刅	ㄔㄨㄤ	0	nonpositive_frequency
刋	ㄎㄢ	0	nonpositive_frequency
刏	ㄍㄨㄟˋ	0	nonpositive_frequency
刔	ㄐㄩㄝˊ	0	nonpositive_frequency
刕	ㄌㄧˊ	0	nonpositive_frequency
刘	ㄌㄧㄡˊ	0	nonpositive_frequency
刟	ㄉㄧㄠ	0	nonpositive_frequency
删	ㄕㄢ	0	nonpositive_frequency
刢	ㄌㄧㄥˊ	0	nonpositive_frequency
刣	ㄓㄨㄥ	0	nonpositive_frequency
刦	ㄐㄧㄝˊ	0	nonpositive_frequency
刧	ㄐㄧㄝˊ	0	nonpositive_frequency
别	ㄅㄧㄝˊ	0	nonpositive_frequency
刯	ㄍㄥ	0	nonpositive_frequency
刴	ㄉㄨㄛˋ	0	nonpositive_frequency
刹	ㄔㄚˋ	0	nonpositive_frequency
刼	ㄐㄧㄝˊ	0	nonpositive_frequency
刽	ㄔㄨㄤ	0	nonpositive_frequency
刽	ㄔㄨㄤˋ	0	nonpositive_frequency
剅	ㄉㄡ	0	nonpositive_frequency
剅	ㄌㄡˊ	0	nonpositive_frequency
剈	ㄩㄢ	0	nonpositive_frequency
剏	ㄔㄨㄤ	0	nonpositive_frequency
剏	ㄔㄨㄤˋ	0	nonpositive_frequency
剓	ㄌㄧˊ	0	nonpositive_frequency
剗	ㄔㄢˇ	0	nonpositive_frequency
剘	ㄑㄧˊ	0	nonpositive_frequency
剙	ㄔㄨㄤ	0	nonpositive_frequency
剙	ㄔㄨㄤˋ	0	nonpositive_frequency
剠	ㄌㄩㄝˋ	0	nonpositive_frequency
剣	ㄐㄧㄢˋ	0	nonpositive_frequency
剤	ㄐㄧˋ	0	nonpositive_frequency
剥	ㄅㄛ	0	nonpositive_frequency
剧	ㄐㄧˊ	0	nonpositive_frequency
剨	ㄏㄨㄛˋ	0	nonpositive_frequency
剰	ㄕㄥˋ	0	nonpositive_frequency
剳	ㄉㄚˊ	0	nonpositive_frequency
剶	ㄐㄩㄢ	0	nonpositive_frequency
剹	ㄌㄨˋ	0	nonpositive_frequency
剾	ㄎㄡ	0	nonpositive_frequency
劅	ㄓㄨㄛˊ	0	nonpositive_frequency
劆	ㄌㄧㄢˊ	0	nonpositive_frequency
劎	ㄐㄧㄢˋ	0	nonpositive_frequency
劐	ㄏㄨㄚˊ	0	nonpositive_frequency
劒	ㄐㄧㄢˋ	0	nonpositive_frequency
劔	ㄐㄧㄢˋ	0	nonpositive_frequency
劕	ㄓˋ	0	nonpositive_frequency
劚	ㄓㄨˊ	0	nonpositive_frequency
劜	ㄧㄚ	0	nonpositive_frequency
劝	ㄑㄩㄢˋ	0	nonpositive_frequency
办	ㄅㄢˋ	0	nonpositive_frequency
劤	ㄐㄧㄣˋ	0	nonpositive_frequency
劥	ㄎㄥ	0	nonpositive_frequency
劧	ㄓˇ	0	nonpositive_frequency
动	ㄉㄨㄥˋ	0	nonpositive_frequency
劯	ㄓㄨ	0	nonpositive_frequency
劰	ㄇㄧㄠˇ	0	nonpositive_frequency
励	ㄌㄧˋ	0	nonpositive_frequency
劳	ㄌㄠˊ	0	nonpositive_frequency
労	ㄌㄠˊ	0	nonpositive_frequency
劵	ㄐㄩㄢˋ	0	nonpositive_frequency
劶	ㄎㄡˇ	0	nonpositive_frequency
劷	ㄧㄤˊ	0	nonpositive_frequency
劸	ㄨㄚ	0	nonpositive_frequency
効	ㄒㄧㄠˋ	0	nonpositive_frequency
劺	ㄇㄡˊ	0	nonpositive_frequency
劽	ㄌㄧㄝˋ	0	nonpositive_frequency
势	ㄕˋ	0	nonpositive_frequency
勄	ㄇㄧㄣˇ	0	nonpositive_frequency
勅	ㄔˋ	0	nonpositive_frequency
勆	ㄌㄤˊ	0	nonpositive_frequency
勈	ㄩㄥˇ	0	nonpositive_frequency
勊	ㄎㄜˋ	0	nonpositive_frequency
勌	ㄑㄩㄢˋ	0	nonpositive_frequency
勎	ㄌㄨˋ	0	nonpositive_frequency
勏	ㄆㄡˇ	0	nonpositive_frequency
勐	ㄇㄥˇ	0	nonpositive_frequency
勑	ㄔˋ	0	nonpositive_frequency
勔	ㄇㄧㄢˇ	0	nonpositive_frequency
勜	ㄧㄤˇ	0	nonpositive_frequency
勠	ㄌㄨˋ	0	nonpositive_frequency
勡	ㄆㄧㄠˇ	0	nonpositive_frequency
勥	ㄑㄧㄤˇ	0	nonpositive_frequency
勧	ㄑㄩㄢˋ	0	nonpositive_frequency
勨	ㄒㄧㄤˋ	0	nonpositive_frequency
勪	ㄐㄩㄝˊ	0	nonpositive_frequency
勬	ㄐㄩㄢ	0	nonpositive_frequency
勭	ㄉㄨㄥˋ	0	nonpositive_frequency
勮	ㄐㄩˋ	0	nonpositive_frequency
勲	ㄒㄩㄣ	0	nonpositive_frequency
勶	ㄔㄜˋ	0	nonpositive_frequency
勽	ㄅㄠˋ	0	nonpositive_frequency
匀	ㄩㄣˊ	0	nonpositive_frequency
匃	ㄍㄨㄚ	0	nonpositive_frequency
匄	ㄍㄞˋ	0	nonpositive_frequency
匇	ㄘㄨㄥ	0	nonpositive_frequency
匌	ㄍㄜˊ	0	nonpositive_frequency
匓	ㄐㄧㄡˋ	0	nonpositive_frequency
匔	ㄍㄨㄥ	0	nonpositive_frequency
匔	ㄐㄩˊ	0	nonpositive_frequency
匘	ㄋㄠˇ	0	nonpositive_frequency
匛	ㄐㄧㄡˇ	0	nonpositive_frequency
匞	ㄐㄧㄤˋ	0	nonpositive_frequency
匥	ㄈㄢˊ	0	nonpositive_frequency
匧	ㄑㄧㄝˋ	0	nonpositive_frequency
匨	ㄗㄤ	0	nonpositive_frequency
匨	ㄘㄤˊ	0	nonpositive_frequency
匩	ㄎㄨㄤ	0	nonpositive_frequency
匫	ㄏㄨ	0	nonpositive_frequency
匫	ㄨˋ	0	nonpositive_frequency
匬	ㄩˇ	0	nonpositive_frequency
匲	ㄌㄧㄢˊ	0	nonpositive_frequency
匳	ㄌㄧㄢˊ	0	nonpositive_frequency
匵	ㄉㄨˊ	0	nonpositive_frequency
匶	ㄐㄧㄡˇ	0	nonpositive_frequency
匸	ㄒㄧˇ	0	nonpositive_frequency
区	ㄍㄡ	0	nonpositive_frequency
卂	ㄒㄧㄣˋ	0	nonpositive_frequency
卄	ㄋㄧㄢˋ	0	nonpositive_frequency
卆	ㄗㄨˊ	0	nonpositive_frequency
卋	ㄕˋ	0	nonpositive_frequency
协	ㄒㄧㄝˊ	0	nonpositive_frequency
卐	ㄨㄢˋ	0	nonpositive_frequency
单	ㄉㄢ	0	nonpositive_frequency
单	ㄔㄢˊ	0	nonpositive_frequency
単	ㄉㄢ	0	nonpositive_frequency
単	ㄔㄢˊ	0	nonpositive_frequency
卙	ㄐㄧˊ	0	nonpositive_frequency
卙	ㄔˋ	0	nonpositive_frequency
卛	ㄌㄩˋ	0	nonpositive_frequency
卛	ㄕㄨㄛˋ	0	nonpositive_frequency
卝	ㄍㄨㄢˋ	0	nonpositive_frequency
卟	ㄐㄧ	0	nonpositive_frequency
卤	ㄒㄧ	0	nonpositive_frequency
卧	ㄨㄛˋ	0	nonpositive_frequency
卨	ㄌㄧˊ	0	nonpositive_frequency
卩	ㄐㄧㄝˊ	0	nonpositive_frequency
卪	ㄐㄧㄝˊ	0	nonpositive_frequency
卭	ㄑㄩㄥˊ	0	nonpositive_frequency
却	ㄑㄩㄝˋ	0	nonpositive_frequency
卶	ㄔˋ	0	nonpositive_frequency
卺	ㄐㄧㄣˇ	0	nonpositive_frequency
卺	ㄔㄥˊ	0	nonpositive_frequency
卽	ㄐㄧˊ	0	nonpositive_frequency
卾	ㄜˋ	0	nonpositive_frequency
厀	ㄒㄧ	0	nonpositive_frequency
厃	ㄓㄢ	0	nonpositive_frequency
厃	ㄧㄢˊ	0	nonpositive_frequency
历	ㄌㄧˋ	0	nonpositive_frequency
厇	ㄐㄧㄝˊ	0	nonpositive_frequency
厇	ㄓㄜˊ	0	nonpositive_frequency
厈	ㄏㄢˇ	0	nonpositive_frequency
厉	ㄌㄞˋ	0	nonpositive_frequency
压	ㄧㄚ	0	nonpositive_frequency
厓	ㄞˊ	0	nonpositive_frequency
厓	ㄧㄚˊ	0	nonpositive_frequency
厠	ㄘˋ	0	nonpositive_frequency
厠	ㄘㄜˋ	0	nonpositive_frequency
厡	ㄩㄢˊ	0	nonpositive_frequency
厦	ㄒㄧㄚˋ	0	nonpositive_frequency
厦	ㄕㄚˋ	0	nonpositive_frequency
厨	ㄔㄨˊ	0	nonpositive_frequency
厩	ㄐㄧˋ	0	nonpositive_frequency
厩	ㄐㄧㄡˋ	0	nonpositive_frequency
厪	ㄐㄧㄣˇ	0	nonpositive_frequency
厫	ㄠˊ	0	nonpositive_frequency
厯	ㄌㄧˋ	0	nonpositive_frequency
厰	ㄔㄤˇ	0	nonpositive_frequency
厱	ㄌㄢˊ	0	nonpositive_frequency
厱	ㄑㄧㄢ	0	nonpositive_frequency
厳	ㄧㄢˊ	0	nonpositive_frequency
厷	ㄑㄩˋ	0	nonpositive_frequency
厸	ㄇㄧㄢˇ	0	nonpositive_frequency
厺	ㄑㄩˋ	0	nonpositive_frequency
厽	ㄌㄟˇ	0	nonpositive_frequency
厾	ㄉㄧㄡ	0	nonpositive_frequency
叀	ㄓㄨㄢ	0	nonpositive_frequency
叁	ㄕㄣ	0	nonpositive_frequency
参	ㄕㄣ	0	nonpositive_frequency
叄	ㄙㄢ	0	nonpositive_frequency
叅	ㄕㄣ	0	nonpositive_frequency
双	ㄕㄨㄤ	0	nonpositive_frequency
双	ㄕㄨㄤˋ	0	nonpositive_frequency
収	ㄕㄡ	0	nonpositive_frequency
叏	ㄍㄨㄞˋ	0	nonpositive_frequency
叐	ㄅㄛˊ	0	nonpositive_frequency
叒	ㄖㄜˇ	0	nonpositive_frequency
叒	ㄖㄨㄛˋ	0	nonpositive_frequency
叓	ㄕˋ	0	nonpositive_frequency
叕	ㄓㄨㄛˊ	0	nonpositive_frequency
叙	ㄒㄩˋ	0	nonpositive_frequency
叚	ㄐㄧㄚˇ	0	nonpositive_frequency
叜	ㄙㄡ	0	nonpositive_frequency
叜	ㄙㄡˇ	0	nonpositive_frequency
叝	ㄍㄠˋ	0	nonpositive_frequency
叞	ㄨㄟˋ	0	nonpositive_frequency
叠	ㄉㄚˊ	0	nonpositive_frequency
叠	ㄉㄧㄝˊ	0	nonpositive_frequency
叧	ㄍㄨㄛ	0	nonpositive_frequency
叴	ㄑㄧㄡˊ	0	nonpositive_frequency
叴	ㄖㄡˊ	0	nonpositive_frequency
叶	ㄒㄧㄝˊ	0	nonpositive_frequency
叶	ㄧㄝˋ	0	nonpositive_frequency
号	ㄏㄠˊ	0	nonpositive_frequency
叹	ㄧㄡˋ	0	nonpositive_frequency
叽	ㄐㄧㄠˋ	0	nonpositive_frequency
叿	ㄏㄨㄥ	0	nonpositive_frequency
吀	ㄒㄧㄤˊ	0	nonpositive_frequency
吀	ㄧㄤˊ	0	nonpositive_frequency
吂	ㄇㄤˊ	0	nonpositive_frequency
吅	ㄌㄧㄣˊ	0	nonpositive_frequency
吓	ㄏㄜˋ	0	nonpositive_frequency
吓	ㄒㄧㄚˋ	0	nonpositive_frequency
吕	ㄌㄩˇ	0	nonpositive_frequency
吚	ㄒㄧ	0	nonpositive_frequency
吡	ㄅㄧˋ	0	nonpositive_frequency
吡	ㄅㄧㄝˊ	0	nonpositive_frequency
吢	ㄑㄧㄣˋ	0	nonpositive_frequency
吣	ㄑㄧㄣˋ	0	nonpositive_frequency
启	ㄑㄧˇ	0	nonpositive_frequency
吲	ㄕㄣˇ	0	nonpositive_frequency
吴	ㄨˊ	0	nonpositive_frequency
吺	ㄉㄡ	0	nonpositive_frequency
吿	ㄍㄠˋ	0	nonpositive_frequency
呄	ㄍㄜˊ	0	nonpositive_frequency
呉	ㄨˊ	0	nonpositive_frequency
呋	ㄈㄨ	0	nonpositive_frequency
呋	ㄈㄨˊ	0	nonpositive_frequency
呋	ㄉㄧㄝˊ	0	nonpositive_frequency
呌	ㄐㄧㄠˋ	0	nonpositive_frequency
呍	ㄏㄡˇ	0	nonpositive_frequency
呐	ㄋㄚˋ	0	nonpositive_frequency
呑	ㄊㄨㄣ	0	nonpositive_frequency
呚	ㄑㄧˋ	0	nonpositive_frequency
呝	ㄜˋ	0	nonpositive_frequency
呞	ㄊㄞˊ	0	nonpositive_frequency
呟	ㄑㄩㄢˇ	0	nonpositive_frequency
呩	ㄕˋ	0	nonpositive_frequency
呪	ㄓㄡˋ	0	nonpositive_frequency
呫	ㄓㄢ	0	nonpositive_frequency
呬	ㄌㄧㄥˊ	0	nonpositive_frequency
呭	ㄧˋ	0	nonpositive_frequency
呮	ㄑㄧˋ	0	nonpositive_frequency
呯	ㄆㄧㄥˊ	0	nonpositive_frequency
呲	ㄘˊ	0	nonpositive_frequency
呹	ㄔˋ	0	nonpositive_frequency
咃	ㄊㄨㄛ	0	nonpositive_frequency
咅	ㄆㄡˇ	0	nonpositive_frequency
咉	ㄧㄤ	0	nonpositive_frequency
咊	ㄏㄜˊ	0	nonpositive_frequency
咊	ㄏㄨㄛˋ	0	nonpositive_frequency
咏	ㄩㄥˇ	0	nonpositive_frequency
咓	ㄨㄚˇ	0	nonpositive_frequency
咔	ㄌㄨㄥˋ	0	nonpositive_frequency
咔	ㄎㄚ	0	nonpositive_frequency
咔	ㄎㄚˇ	0	nonpositive_frequency
咞	ㄒㄧㄢˋ	0	nonpositive_frequency
咟	ㄏㄨㄛˋ	0	nonpositive_frequency
咠	ㄑㄧ	0	nonpositive_frequency
咣	ㄍㄨㄤ	0	nonpositive_frequency
咤	ㄓㄚˋ	0	nonpositive_frequency
咤	ㄔˋ	0	nonpositive_frequency
咲	ㄒㄧㄠˋ	0	nonpositive_frequency
咴	ㄏㄨㄟ	0	nonpositive_frequency
咵	ㄎㄨㄚ	0	nonpositive_frequency
咹	ㄜˋ	0	nonpositive_frequency
哊	ㄩˋ	0	nonpositive_frequency
哌	ㄍㄨ	0	nonpositive_frequency
哌	ㄍㄨㄚ	0	nonpositive_frequency
响	ㄒㄧㄤˇ	0	nonpositive_frequency
哐	ㄎㄨㄤ	0	nonpositive_frequency
哚	ㄉㄨㄛˇ	0	nonpositive_frequency
員	ㄩㄣˊ	0	nonpositive_frequency
哣	ㄆㄡˇ	0	nonpositive_frequency
哬	ㄏㄜˊ	0	nonpositive_frequency
哯	ㄒㄧㄢˋ	0	nonpositive_frequency
哰	ㄌㄠ	0	nonpositive_frequency
哰	ㄌㄠˊ	0	nonpositive_frequency
哴	ㄌㄤˊ	0	nonpositive_frequency
哵	ㄅㄚ	0	nonpositive_frequency
哶	ㄒㄧㄤˊ	0	nonpositive_frequency
哶	ㄧㄤˊ	0	nonpositive_frequency
哷	ㄌㄜˋ	0	nonpositive_frequency
哹	ㄈㄨˊ	0	nonpositive_frequency
哾	ㄕㄨㄛ	0	nonpositive_frequency
哾	ㄩㄝˋ	0	nonpositive_frequency
唀	ㄧㄡˋ	0	nonpositive_frequency
唂	ㄍㄨ	0	nonpositive_frequency
唍	ㄨㄢˇ	0	nonpositive_frequency
唑	ㄕˋ	0	nonpositive_frequency
唒	ㄇㄧㄡ	0	nonpositive_frequency
唓	ㄔㄜ	0	nonpositive_frequency
唕	ㄗㄠˋ	0	nonpositive_frequency
唖	ㄜˋ	0	nonpositive_frequency
唖	ㄧㄚ	0	nonpositive_frequency
唖	ㄧㄚˇ	0	nonpositive_frequency
唗	ㄉㄡ	0	nonpositive_frequency
唗	ㄉㄡˇ	0	nonpositive_frequency
唘	ㄑㄧˇ	0	nonpositive_frequency
唙	ㄉㄧˊ	0	nonpositive_frequency
唚	ㄑㄧㄣˋ	0	nonpositive_frequency
唩	ㄨㄛ	0	nonpositive_frequency
唪	ㄈㄥˇ	0	nonpositive_frequency
唫	ㄐㄧㄣˋ	0	nonpositive_frequency
唭	ㄑㄧ	0	nonpositive_frequency
唲	ㄦˊ	0	nonpositive_frequency
唳	ㄌㄧˋ	0	nonpositive_frequency
唴	ㄑㄧㄤˋ	0	nonpositive_frequency
唵	ㄢˇ	0	nonpositive_frequency
唶	ㄐㄧㄝˋ	0	nonpositive_frequency
唹	ㄩˊ	0	nonpositive_frequency
唺	ㄒㄧㄢˋ	0	nonpositive_frequency
唻	ㄌㄞˊ	0	nonpositive_frequency
唼	ㄑㄧㄝˋ	0	nonpositive_frequency
唼	ㄕㄚˋ	0	nonpositive_frequency
唼	ㄗㄚ	0	nonpositive_frequency
唽	ㄒㄧ	0	nonpositive_frequency
唿	ㄏㄨ	0	nonpositive_frequency
啀	ㄧㄞˊ	0	nonpositive_frequency
啁	ㄓㄡ	0	nonpositive_frequency
啂	ㄋㄡˇ	0	nonpositive_frequency
啅	ㄓㄨㄛˊ	0	nonpositive_frequency
啇	ㄉㄧˋ	0	nonpositive_frequency
啇	ㄕˋ	0	nonpositive_frequency
啈	ㄏㄥˋ	0	nonpositive_frequency
啉	ㄌㄢˊ	0	nonpositive_frequency
啋	ㄒㄧㄠ	0	nonpositive_frequency
啌	ㄑㄧㄤ	0	nonpositive_frequency
啍	ㄊㄨㄣ	0	nonpositive_frequency
啎	ㄨˇ	0	nonpositive_frequency
啐	ㄑ˙	1	structurally_invalid
啒	ㄏㄨ	0	nonpositive_frequency
啓	ㄑㄧˇ	0	nonpositive_frequency
啔	ㄑㄧˇ	0	nonpositive_frequency
啗	ㄉㄢˋ	0	nonpositive_frequency
啘	ㄧㄝˋ	0	nonpositive_frequency
啙	ㄗˇ	0	nonpositive_frequency
啚	ㄅㄧˇ	0	nonpositive_frequency
啛	ㄘㄨㄟˋ	0	nonpositive_frequency
啝	ㄏㄜˊ	0	nonpositive_frequency
啠	ㄓㄜˊ	0	nonpositive_frequency
啢	ㄌㄧㄤˋ	0	nonpositive_frequency
啨	ㄑㄧㄥˊ	0	nonpositive_frequency
啨	ㄧㄥ	0	nonpositive_frequency
啵	ㄅㄛ˙	0	nonpositive_frequency
啶	ㄉㄧㄥˋ	0	nonpositive_frequency
啺	ㄊㄤˊ	0	nonpositive_frequency
啽	ㄢˊ	0	nonpositive_frequency
啿	ㄉㄢˋ	0	nonpositive_frequency
喁	ㄩㄥˊ	0	nonpositive_frequency
喅	ㄩˋ	0	nonpositive_frequency
喈	ㄐㄧㄝ	0	nonpositive_frequency
喈	ㄐㄧㄝˋ	0	nonpositive_frequency
喌	ㄓㄡ	0	nonpositive_frequency
喍	ㄔㄞˊ	0	nonpositive_frequency
喎	ㄎㄨㄞ	0	nonpositive_frequency
喐	ㄩˋ	0	nonpositive_frequency
喓	ㄧㄠ	0	nonpositive_frequency
喕	ㄇㄧㄢˇ	0	nonpositive_frequency
喖	ㄏㄨˊ	0	nonpositive_frequency
喗	ㄩㄣˇ	0	nonpositive_frequency
喛	ㄏㄨㄢˋ	0	nonpositive_frequency
喞	ㄐㄧ	0	nonpositive_frequency
喠	ㄓㄨㄥˇ	0	nonpositive_frequency
喡	ㄨㄟˇ	0	nonpositive_frequency
喢	ㄕㄚˋ	0	nonpositive_frequency
喤	ㄏㄨㄤˊ	0	nonpositive_frequency
喥	ㄉㄨˋ	0	nonpositive_frequency
喦	ㄧㄢˊ	0	nonpositive_frequency
喨	ㄌㄧㄤˋ	0	nonpositive_frequency
喩	ㄩˊ	0	nonpositive_frequency
喭	ㄧㄢˋ	0	nonpositive_frequency
喯	ㄆㄣ	0	nonpositive_frequency
喯	ㄆㄣˋ	0	nonpositive_frequency
喴	ㄨㄟ	0	nonpositive_frequency
営	ㄧㄥˊ	0	nonpositive_frequency
喿	ㄘㄠ	0	nonpositive_frequency
嗀	ㄏㄨㄛˋ	0	nonpositive_frequency
嗁	ㄊㄧˊ	0	nonpositive_frequency
嗂	ㄧㄠˊ	0	nonpositive_frequency
嗃	ㄏㄜˋ	0	nonpositive_frequency
嗄	ㄕㄚˋ	0	nonpositive_frequency
嗄	ㄚˊ	0	nonpositive_frequency
嗈	ㄩㄥ	0	nonpositive_frequency
嗊	ㄏㄨㄥˇ	0	nonpositive_frequency
嗋	ㄒㄧㄝ	0	nonpositive_frequency
嗌	ㄧˋ	0	nonpositive_frequency
嗎	ㄇㄚˇ	0	nonpositive_frequency
嗏	ㄔㄚ	0	nonpositive_frequency
嗐	ㄏㄞˋ	0	nonpositive_frequency
嗒	ㄊㄚˋ	0	nonpositive_frequency
嗕	ㄋㄡˋ	0	nonpositive_frequency
嗗	ㄍㄨ	0	nonpositive_frequency
嗘	ㄐㄧ	0	nonpositive_frequency
嗙	ㄆㄤˇ	0	nonpositive_frequency
嗠	ㄌㄨㄛˋ	0	nonpositive_frequency
嗢	ㄨㄚˋ	0	nonpositive_frequency
嗪	ㄑㄧㄣˊ	0	nonpositive_frequency
嗬	ㄏㄜ	0	nonpositive_frequency
嗸	ㄠˊ	0	nonpositive_frequency
嗹	ㄌㄧㄢˊ	0	nonpositive_frequency
嗺	ㄘㄨㄟ	0	nonpositive_frequency
嗻	ㄓㄜ	0	nonpositive_frequency
嗻	ㄓㄜˋ	0	nonpositive_frequency
嗼	ㄇㄛˋ	0	nonpositive_frequency
嗿	ㄊㄢˇ	0	nonpositive_frequency
嘁	ㄑㄧ	0	nonpositive_frequency
嘂	ㄐㄧㄠˋ	0	nonpositive_frequency
嘃	ㄔㄨㄥ	0	nonpositive_frequency
嘄	ㄐㄧㄠ	0	nonpositive_frequency
嘅	ㄎㄞˋ	0	nonpositive_frequency
嘇	ㄕㄢ	0	nonpositive_frequency
嘇	ㄘㄢˋ	0	nonpositive_frequency
嘊	ㄞˊ	0	nonpositive_frequency
嘊	ㄧㄞˊ	0	nonpositive_frequency
嘋	ㄒㄧㄠ	0	nonpositive_frequency
嘏	ㄍㄨˇ	0	nonpositive_frequency
嘐	ㄒㄧㄠ	0	nonpositive_frequency
嘑	ㄏㄨ	0	nonpositive_frequency
嘒	ㄏㄨㄟˋ	0	nonpositive_frequency
嘕	ㄒㄧㄢ	0	nonpositive_frequency
嘘	ㄒㄩ	0	nonpositive_frequency
嘙	ㄆㄛˊ	0	nonpositive_frequency
嘜	ㄇㄚˇ	0	nonpositive_frequency
嘝	ㄏㄨˊ	0	nonpositive_frequency
嘞	ㄌㄜ˙	0	nonpositive_frequency
嘞	ㄌㄧㄠˇ	0	nonpositive_frequency
嘦	ㄐㄧㄠˋ	0	nonpositive_frequency
嘧	ㄇㄧˋ	0	nonpositive_frequency
嘨	ㄒㄧㄠˋ	0	nonpositive_frequency
嘪	ㄇㄞˇ	0	nonpositive_frequency
嘫	ㄖㄢˊ	0	nonpositive_frequency
嘬	ㄔㄨㄞˋ	0	nonpositive_frequency
嘭	ㄆㄥ	0	nonpositive_frequency
嘱	ㄓㄨˇ	0	nonpositive_frequency
嘳	ㄎㄨㄟˋ	0	nonpositive_frequency
嘵	ㄒㄧㄠ	0	nonpositive_frequency
嘷	ㄍㄠ	0	nonpositive_frequency
嘷	ㄏㄠˊ	0	nonpositive_frequency
嘼	ㄒㄧㄡˋ	0	nonpositive_frequency
嘼	ㄒㄩˋ	0	nonpositive_frequency
嘽	ㄔㄢˇ	0	nonpositive_frequency
嘾	ㄉㄢˋ	0	nonpositive_frequency
嘿	ㄇㄛˋ	0	nonpositive_frequency
噀	ㄒㄩㄣˋ	0	nonpositive_frequency
噂	ㄗㄨㄣˇ	0	nonpositive_frequency
噃	ㄈㄢ	0	nonpositive_frequency
噅	ㄎㄨㄟ	0	nonpositive_frequency
噆	ㄘㄢˇ	0	nonpositive_frequency
噇	ㄔㄨㄤˊ	0	nonpositive_frequency
噈	ㄘㄨˋ	0	nonpositive_frequency
噉	ㄉㄢˋ	0	nonpositive_frequency
噊	ㄩˋ	0	nonpositive_frequency
噋	ㄊㄨㄣ	0	nonpositive_frequency
噌	ㄔㄥ	0	nonpositive_frequency
噌	ㄘㄥˇ	0	nonpositive_frequency
噍	ㄐㄧㄡ	0	nonpositive_frequency
噏	ㄒㄧ	0	nonpositive_frequency
噐	ㄑㄧˋ	0	nonpositive_frequency
噑	ㄍㄠ	0	nonpositive_frequency
噑	ㄏㄠˊ	0	nonpositive_frequency
噒	ㄊㄢ	0	nonpositive_frequency
噔	ㄉㄥ	0	nonpositive_frequency
噕	ㄏㄨㄟ	0	nonpositive_frequency
噖	ㄧㄣˊ	0	nonpositive_frequency
噚	ㄒㄩㄣˊ	0	nonpositive_frequency
噞	ㄧㄢˋ	0	nonpositive_frequency
噟	ㄧㄥ	0	nonpositive_frequency
噟	ㄧㄥˋ	0	nonpositive_frequency
噠	ㄉㄚ	0	nonpositive_frequency
噡	ㄓㄢ	0	nonpositive_frequency
噢	ㄡˋ	0	nonpositive_frequency
噣	ㄓㄡˋ	0	nonpositive_frequency
噦	ㄩㄝ	0	nonpositive_frequency
噧	ㄒㄧㄝˋ	0	nonpositive_frequency
噰	ㄩㄥ	0	nonpositive_frequency
噲	ㄎㄨㄞˋ	0	nonpositive_frequency
噳	ㄩˇ	0	nonpositive_frequency
噵	ㄉㄠˋ	0	nonpositive_frequency
噷	ㄒㄧㄣ	0	nonpositive_frequency
噻	ㄙㄞ	0	nonpositive_frequency
噽	ㄆㄧˇ	0	nonpositive_frequency
噾	ㄧㄣ	0	nonpositive_frequency
噿	ㄗㄨㄟˇ	0	nonpositive_frequency
嚀	ㄋㄧㄥˊ	0	nonpositive_frequency
嚁	ㄉㄧˊ	0	nonpositive_frequency
嚂	ㄏㄢˇ	0	nonpositive_frequency
嚃	ㄊㄚˋ	0	nonpositive_frequency
嚆	ㄏㄠ	0	nonpositive_frequency
嚈	ㄧㄝˋ	0	nonpositive_frequency
嚉	ㄉㄨㄛˋ	0	nonpositive_frequency
嚊	ㄅㄧˋ	0	nonpositive_frequency
嚋	ㄓㄡ	0	nonpositive_frequency
嚋	ㄕㄡˋ	0	nonpositive_frequency
嚌	ㄐㄧˋ	0	nonpositive_frequency
嚍	ㄐㄧㄣˋ	0	nonpositive_frequency
嚔	ㄊㄧˋ	0	nonpositive_frequency
嚖	ㄏㄨㄟˋ	0	nonpositive_frequency
嚗	ㄅㄠˋ	0	nonpositive_frequency
嚘	ㄧㄡ	0	nonpositive_frequency
嚚	ㄧㄣˊ	0	nonpositive_frequency
嚛	ㄏㄨˋ	0	nonpositive_frequency
嚜	ㄇㄛˋ	0	nonpositive_frequency
嚝	ㄏㄨㄤ	0	nonpositive_frequency
嚞	ㄓㄜˊ	0	nonpositive_frequency
嚟	ㄌㄧˊ	0	nonpositive_frequency
嚠	ㄌㄧㄡˊ	0	nonpositive_frequency
嚧	ㄌㄨˊ	0	nonpositive_frequency
嚨	ㄌㄨㄥˊ	0	nonpositive_frequency
嚩	ㄇㄛˊ	0	nonpositive_frequency
嚪	ㄉㄢ	0	nonpositive_frequency
嚫	ㄔㄣˋ	0	nonpositive_frequency
嚬	ㄆㄧㄣˊ	0	nonpositive_frequency
嚭	ㄆㄧˇ	0	nonpositive_frequency
嚯	ㄐㄩˋ	0	nonpositive_frequency
嚯	ㄐㄩㄝˊ	0	nonpositive_frequency
嚯	ㄒㄩㄝ	0	nonpositive_frequency
嚱	ㄒㄧˋ	0	nonpositive_frequency
嚲	ㄉㄨㄛˇ	0	nonpositive_frequency
嚳	ㄎㄨˋ	0	nonpositive_frequency
嚵	ㄔㄢˋ	0	nonpositive_frequency
嚻	ㄑㄧˋ	0	nonpositive_frequency
嚻	ㄒㄧㄠ	0	nonpositive_frequency
嚽	ㄔㄨㄛˋ	0	nonpositive_frequency
嚾	ㄏㄨㄢ	0	nonpositive_frequency
嚿	ㄏㄨㄛˋ	0	nonpositive_frequency
囀	ㄓㄨㄢˇ	0	nonpositive_frequency
囁	ㄋㄧㄝˋ	0	nonpositive_frequency
囃	ㄘㄚˋ	0	nonpositive_frequency
囅	ㄔㄢˇ	0	nonpositive_frequency
囆	ㄔㄞˋ	0	nonpositive_frequency
囇	ㄌㄧˋ	0	nonpositive_frequency
囋	ㄗㄢˋ	0	nonpositive_frequency
囌	ㄙㄨ	0	nonpositive_frequency
囏	ㄐㄧㄢ	0	nonpositive_frequency
囐	ㄋㄧㄝˋ	0	nonpositive_frequency
囐	ㄗㄚˊ	0	nonpositive_frequency
囐	ㄜˋ	0	nonpositive_frequency
囒	ㄌㄢˊ	0	nonpositive_frequency
囗	ㄨㄟˊ	0	nonpositive_frequency
囘	ㄏㄨㄟˊ	0	nonpositive_frequency
囙	ㄧㄣ	0	nonpositive_frequency
囜	ㄋㄧㄣˊ	0	nonpositive_frequency
囟	ㄒㄧㄣˋ	0	nonpositive_frequency
団	ㄊㄨㄢˊ	0	nonpositive_frequency
囥	ㄎㄤˋ	0	nonpositive_frequency
囦	ㄩㄢ	0	nonpositive_frequency
囩	ㄩㄣˊ	0	nonpositive_frequency
囪	ㄔㄨㄤ	0	nonpositive_frequency
囬	ㄏㄨㄟˊ	0	nonpositive_frequency
园	ㄩㄢˊ	0	nonpositive_frequency
囮	ㄜˊ	0	nonpositive_frequency
囮	ㄧㄡˊ	0	nonpositive_frequency
囯	ㄍㄨㄛˊ	0	nonpositive_frequency
囱	ㄔㄨㄤ	0	nonpositive_frequency
囲	ㄊㄨㄥ	0	nonpositive_frequency
図	ㄊㄨˊ	0	nonpositive_frequency
囶	ㄍㄨㄛˊ	0	nonpositive_frequency
囷	ㄐㄩㄣ	0	nonpositive_frequency
囸	ㄇㄧˋ	0	nonpositive_frequency
囸	ㄖˋ	0	nonpositive_frequency
囻	ㄍㄨㄛˊ	0	nonpositive_frequency
囼	ㄊㄞ	0	nonpositive_frequency
国	ㄍㄨㄛˊ	0	nonpositive_frequency
圀	ㄍㄨㄛˊ	0	nonpositive_frequency
圁	ㄧㄣˊ	0	nonpositive_frequency
圂	ㄏㄨㄣˋ	0	nonpositive_frequency
圄	ㄩˇ	0	nonpositive_frequency
圅	ㄏㄢˊ	0	nonpositive_frequency
圇	ㄌㄨㄣˊ	0	nonpositive_frequency
圈	ㄐㄩㄢ	0	nonpositive_frequency
圊	ㄑㄧㄥ	0	nonpositive_frequency
圌	ㄔㄨㄟˊ	0	nonpositive_frequency
圎	ㄩㄢˊ	0	nonpositive_frequency
圏	ㄐㄩㄢ	0	nonpositive_frequency
圏	ㄐㄩㄢˋ	0	nonpositive_frequency
圐	ㄎㄨ	0	nonpositive_frequency
圑	ㄈㄨˋ	0	nonpositive_frequency
圔	ㄜˋ	0	nonpositive_frequency
圗	ㄊㄨˊ	0	nonpositive_frequency
圚	ㄏㄨㄟˋ	0	nonpositive_frequency
圛	ㄧˋ	0	nonpositive_frequency
圝	ㄌㄨㄢˊ	0	nonpositive_frequency
圞	ㄌㄨㄢˊ	0	nonpositive_frequency
圠	ㄧㄚˋ	0	nonpositive_frequency
圡	ㄊㄨˇ	0	nonpositive_frequency
圢	ㄊㄧㄥˇ	0	nonpositive_frequency
圣	ㄎㄨ	0	nonpositive_frequency
圣	ㄕㄥˋ	0	nonpositive_frequency
圤	ㄆㄨˊ	0	nonpositive_frequency
圥	ㄌㄨˋ	0	nonpositive_frequency
圧	ㄧㄚ	0	nonpositive_frequency
圫	ㄠˋ	0	nonpositive_frequency
圱	ㄑㄧㄢ	0	nonpositive_frequency
圲	ㄑㄧㄢ	0	nonpositive_frequency
圵	ㄉㄤˋ	0	nonpositive_frequency
圶	ㄑㄧㄚˋ	0	nonpositive_frequency
圼	ㄋㄧㄝˋ	0	nonpositive_frequency
圽	ㄇㄛˋ	0	nonpositive_frequency
圿	ㄐㄧㄚˊ	0	nonpositive_frequency
坂	ㄅㄢˇ	0	nonpositive_frequency
坃	ㄒㄩㄢ	0	nonpositive_frequency
坄	ㄊㄡˊ	0	nonpositive_frequency
坆	ㄈㄣˊ	0	nonpositive_frequency
坈	ㄖㄨㄥˇ	0	nonpositive_frequency
坓	ㄒㄧㄥˊ	0	nonpositive_frequency
坔	ㄉㄜ˙	0	nonpositive_frequency
坕	ㄐㄧㄥ	0	nonpositive_frequency
坖	ㄐㄧˋ	0	nonpositive_frequency
块	ㄎㄨㄞˋ	0	nonpositive_frequency
坘	ㄉㄧˇ	0	nonpositive_frequency
坘	ㄔˊ	0	nonpositive_frequency
坟	ㄈㄣˊ	0	nonpositive_frequency
坣	ㄊㄤˊ	0	nonpositive_frequency
坥	ㄐㄩˋ	0	nonpositive_frequency
坧	ㄓˊ	0	nonpositive_frequency
坧	ㄓㄨㄛˊ	0	nonpositive_frequency
坬	ㄍㄨㄚˋ	0	nonpositive_frequency
坮	ㄊㄞˊ	0	nonpositive_frequency
坸	ㄍㄡˋ	0	nonpositive_frequency
坹	ㄒㄩㄝˋ	0	nonpositive_frequency
坺	ㄅㄚˊ	0	nonpositive_frequency
坾	ㄓㄨˋ	0	nonpositive_frequency
坿	ㄈㄨˋ	0	nonpositive_frequency
垁	ㄓˋ	0	nonpositive_frequency
垍	ㄐㄧˋ	0	nonpositive_frequency
垎	ㄏㄜˋ	0	nonpositive_frequency
垐	ㄐㄧˊ	0	nonpositive_frequency
垑	ㄔˇ	0	nonpositive_frequency
垒	ㄌㄟˇ	0	nonpositive_frequency
垖	ㄉㄨㄟ	0	nonpositive_frequency
垜	ㄉㄨㄛˇ	0	nonpositive_frequency
垡	ㄈㄚˊ	0	nonpositive_frequency
垦	ㄧㄣˊ	0	nonpositive_frequency
垧	ㄐㄩㄥ	0	nonpositive_frequency
垧	ㄐㄩㄥˇ	0	nonpositive_frequency
垨	ㄕㄡˇ	0	nonpositive_frequency
垩	ㄕㄥˋ	0	nonpositive_frequency
垬	ㄏㄨㄥˊ	0	nonpositive_frequency
垴	ㄋㄠˇ	0	nonpositive_frequency
垷	ㄒㄧㄢˋ	0	nonpositive_frequency
垻	ㄅㄚˋ	0	nonpositive_frequency
垾	ㄢˋ	0	nonpositive_frequency
埀	ㄔㄨㄟˊ	0	nonpositive_frequency
埁	ㄘㄣˊ	0	nonpositive_frequency
埄	ㄅㄥˋ	0	nonpositive_frequency
埅	ㄈㄤˊ	0	nonpositive_frequency
埈	ㄐㄩㄣˋ	0	nonpositive_frequency
埉	ㄐㄧㄚˊ	0	nonpositive_frequency
埊	ㄉㄜ˙	0	nonpositive_frequency
埍	ㄐㄩㄢˇ	0	nonpositive_frequency
埑	ㄓㄜˊ	0	nonpositive_frequency
埓	ㄌㄜˋ	0	nonpositive_frequency
埛	ㄐㄩㄥ	0	nonpositive_frequency
埛	ㄐㄩㄥˇ	0	nonpositive_frequency
埝	ㄉㄧㄢˋ	0	nonpositive_frequency
埞	ㄉㄧ	0	nonpositive_frequency
埞	ㄊㄧˊ	0	nonpositive_frequency
埦	ㄨㄢˇ	0	nonpositive_frequency
埨	ㄌㄨㄣˊ	0	nonpositive_frequency
埪	ㄎㄨㄥ	0	nonpositive_frequency
埫	ㄔㄨㄥˇ	0	nonpositive_frequency
埯	ㄢˇ	0	nonpositive_frequency
埯	ㄧㄢˇ	0	nonpositive_frequency
埾	ㄐㄩˋ	0	nonpositive_frequency
埿	ㄋㄧˇ	0	nonpositive_frequency
堃	ㄎㄨㄣ	0	nonpositive_frequency
堗	ㄊㄨˊ	0	nonpositive_frequency
堘	ㄔㄥˊ	0	nonpositive_frequency
堚	ㄏㄨㄣˊ	0	nonpositive_frequency
堟	ㄓㄨㄢˋ	0	nonpositive_frequency
堢	ㄅㄠˇ	0	nonpositive_frequency
堦	ㄐㄧㄝ	0	nonpositive_frequency
堨	ㄜˋ	0	nonpositive_frequency
堫	ㄗㄨㄥ	0	nonpositive_frequency
堺	ㄐㄧㄝˋ	0	nonpositive_frequency
堼	ㄈㄥ	0	nonpositive_frequency
堾	ㄔㄨㄢˇ	0	nonpositive_frequency
塃	ㄏㄨㄤ	0	nonpositive_frequency
塄	ㄌㄥˊ	0	nonpositive_frequency
塅	ㄉㄨㄢˋ	0	nonpositive_frequency
塐	ㄙㄨˋ	0	nonpositive_frequency
塐	ㄙㄨㄛˋ	0	nonpositive_frequency
塖	ㄔㄥˊ	0	nonpositive_frequency
塜	ㄆㄥˊ	0	nonpositive_frequency
塟	ㄗㄤˋ	0	nonpositive_frequency
塠	ㄉㄨㄟ	0	nonpositive_frequency
塡	ㄊㄧㄢˊ	0	nonpositive_frequency
塦	ㄓㄣˋ	0	nonpositive_frequency
塧	ㄞˋ	0	nonpositive_frequency
塩	ㄧㄢˊ	0	nonpositive_frequency
塪	ㄎㄢˇ	0	nonpositive_frequency
塪	ㄒㄧㄢˋ	0	nonpositive_frequency
塬	ㄩㄢˊ	0	nonpositive_frequency
塲	ㄔㄤˇ	0	nonpositive_frequency
塳	ㄆㄥˊ	0	nonpositive_frequency
塷	ㄌㄨˇ	0	nonpositive_frequency
墄	ㄘㄜˋ	0	nonpositive_frequency
墌	ㄓˊ	0	nonpositive_frequency
墌	ㄓㄨㄛˊ	0	nonpositive_frequency
墍	ㄐㄧˋ	0	nonpositive_frequency
墑	ㄉㄧ	0	nonpositive_frequency
墒	ㄕㄤ	0	nonpositive_frequency
墕	ㄧㄢˇ	0	nonpositive_frequency
墖	ㄊㄚˇ	0	nonpositive_frequency
増	ㄗㄥ	0	nonpositive_frequency
墚	ㄌㄧㄤˊ	0	nonpositive_frequency
墢	ㄅㄚˊ	0	nonpositive_frequency
墤	ㄊㄨㄟˊ	0	nonpositive_frequency
墧	ㄍㄠ	0	nonpositive_frequency
墧	ㄍㄠˇ	0	nonpositive_frequency
墧	ㄑㄩㄝˋ	0	nonpositive_frequency
墪	ㄉㄨㄣ	0	nonpositive_frequency
墭	ㄕㄥˋ	0	nonpositive_frequency
墰	ㄊㄢˊ	0	nonpositive_frequency
墲	ㄇㄨˊ	0	nonpositive_frequency
墲	ㄨˊ	0	nonpositive_frequency
墴	ㄏㄨㄤˊ	0	nonpositive_frequency
墵	ㄊㄢˊ	0	nonpositive_frequency
墷	ㄧㄝˋ	0	nonpositive_frequency
壀	ㄅㄧˋ	0	nonpositive_frequency
壃	ㄐㄧㄤ	0	nonpositive_frequency
壄	ㄧㄝˇ	0	nonpositive_frequency
壊	ㄍㄨㄞˋ	0	nonpositive_frequency
壍	ㄑㄧㄢˋ	0	nonpositive_frequency
壐	ㄒㄧ	0	nonpositive_frequency
壐	ㄒㄧˇ	0	nonpositive_frequency
壜	ㄊㄢˊ	0	nonpositive_frequency
壠	ㄌㄨㄥˇ	0	nonpositive_frequency
壡	ㄖㄨㄟˋ	0	nonpositive_frequency
壣	ㄌㄧㄣˊ	0	nonpositive_frequency
壦	ㄒㄩㄢ	0	nonpositive_frequency
壮	ㄓㄨㄤˋ	0	nonpositive_frequency
声	ㄕㄥ	0	nonpositive_frequency
売	ㄇㄞˋ	0	nonpositive_frequency
壳	ㄎㄜˊ	0	nonpositive_frequency
壳	ㄑㄧㄠˋ	0	nonpositive_frequency
壵	ㄓㄨㄤˋ	0	nonpositive_frequency
壷	ㄏㄨˊ	0	nonpositive_frequency
壻	ㄒㄩˋ	0	nonpositive_frequency
夂	ㄓˇ	0	nonpositive_frequency
处	ㄔㄨˇ	0	nonpositive_frequency
夅	ㄐㄧㄤˋ	0	nonpositive_frequency
夈	ㄓㄞ	0	nonpositive_frequency
変	ㄅㄧㄢˋ	0	nonpositive_frequency
夊	ㄙㄨㄟ	0	nonpositive_frequency
夋	ㄐㄩㄣˋ	0	nonpositive_frequency
夐	ㄒㄩㄢˋ	0	nonpositive_frequency
夓	ㄐㄧㄚˇ	0	nonpositive_frequency
夘	ㄩㄢˋ	0	nonpositive_frequency
夛	ㄉㄨㄛ	0	nonpositive_frequency
夛	ㄉㄨㄛˊ	0	nonpositive_frequency
夝	ㄑㄧㄥˊ	0	nonpositive_frequency
够	ㄍㄡˋ	0	nonpositive_frequency
夡	ㄑㄧˋ	0	nonpositive_frequency
夣	ㄇㄥˋ	0	nonpositive_frequency
夦	ㄔㄣˇ	0	nonpositive_frequency
大	ㄊㄞˋ	0	nonpositive_frequency
夨	ㄗㄜˋ	0	nonpositive_frequency
夰	ㄍㄠˇ	0	nonpositive_frequency
夲	ㄅㄣˇ	0	nonpositive_frequency
夲	ㄊㄠ	0	nonpositive_frequency
夳	ㄊㄞˋ	0	nonpositive_frequency
头	ㄊㄡˊ	0	nonpositive_frequency
夵	ㄊㄠ	0	nonpositive_frequency
夵	ㄧㄢˇ	0	nonpositive_frequency
夶	ㄅㄧˇ	0	nonpositive_frequency
夽	ㄩㄣˇ	0	nonpositive_frequency
夿	ㄆㄚ	0	nonpositive_frequency
奃	ㄉㄧ	0	nonpositive_frequency
奆	ㄐㄩㄢˇ	0	nonpositive_frequency
奋	ㄈㄣˋ	0	nonpositive_frequency
奌	ㄉㄧㄢˇ	0	nonpositive_frequency
奒	ㄎㄞ	0	nonpositive_frequency
奙	ㄅㄛˋ	0	nonpositive_frequency
奛	ㄏㄨㄤˇ	0	nonpositive_frequency
奝	ㄉㄧㄠ	0	nonpositive_frequency
奞	ㄒㄧㄠ	0	nonpositive_frequency
奞	ㄒㄩㄣˋ	0	nonpositive_frequency
奟	ㄅㄥ	0	nonpositive_frequency
奣	ㄨㄥˇ	0	nonpositive_frequency
奤	ㄆㄛˋ	0	nonpositive_frequency
奥	ㄠˋ	0	nonpositive_frequency
奦	ㄨˋ	0	nonpositive_frequency
奨	ㄐㄧㄤˇ	0	nonpositive_frequency
奬	ㄐㄧㄤˇ	0	nonpositive_frequency
奯	ㄏㄨㄛˋ	0	nonpositive_frequency
奵	ㄉㄧㄥˇ	0	nonpositive_frequency
奺	ㄐㄧㄡˇ	0	nonpositive_frequency
妆	ㄓㄨㄤ	0	nonpositive_frequency
妉	ㄉㄢ	0	nonpositive_frequency
妋	ㄈㄨ	0	nonpositive_frequency
妌	ㄐㄧㄥˋ	0	nonpositive_frequency
妑	ㄆㄚ	0	nonpositive_frequency
妔	ㄎㄥ	0	nonpositive_frequency
妕	ㄓㄨㄥˋ	0	nonpositive_frequency
妚	ㄆㄟ	0	nonpositive_frequency
妜	ㄐㄩㄝˊ	0	nonpositive_frequency
妟	ㄧㄢˋ	0	nonpositive_frequency
妬	ㄉㄨˋ	0	nonpositive_frequency
妭	ㄅㄛˊ	0	nonpositive_frequency
妰	ㄓㄨㄛˊ	0	nonpositive_frequency
妴	ㄩㄢˇ	0	nonpositive_frequency
妷	ㄓˊ	0	nonpositive_frequency
妹	ㄇㄟ˙	0	nonpositive_frequency
姂	ㄈㄚˊ	0	nonpositive_frequency
姄	ㄇㄧㄣˊ	0	nonpositive_frequency
姉	ㄐㄧㄝˇ	0	nonpositive_frequency
姉	ㄗˇ	0	nonpositive_frequency
姊	ㄐㄧㄝ˙	0	nonpositive_frequency
姌	ㄖㄢˇ	0	nonpositive_frequency
委	ㄨㄟ	0	nonpositive_frequency
姗	ㄒㄧㄢ	0	nonpositive_frequency
姗	ㄕㄢ	0	nonpositive_frequency
姙	ㄖㄣˊ	0	nonpositive_frequency
姟	ㄍㄞ	0	nonpositive_frequency
姢	ㄐㄩㄢ	0	nonpositive_frequency
姧	ㄐㄧㄢ	0	nonpositive_frequency
姫	ㄓㄣˇ	0	nonpositive_frequency
姯	ㄍㄨㄤ	0	nonpositive_frequency
姰	ㄒㄩㄢˋ	0	nonpositive_frequency
姰	ㄒㄩㄣ	0	nonpositive_frequency
姸	ㄧㄢˊ	0	nonpositive_frequency
姹	ㄔㄚˋ	0	nonpositive_frequency
娂	ㄍㄤ	0	nonpositive_frequency
娂	ㄍㄨㄥ	0	nonpositive_frequency
娂	ㄏㄨㄥˊ	0	nonpositive_frequency
娄	ㄌㄡˊ	0	nonpositive_frequency
娋	ㄕㄠ	0	nonpositive_frequency
娋	ㄕㄠˋ	0	nonpositive_frequency
娍	ㄔㄥˊ	0	nonpositive_frequency
娎	ㄒㄧㄠˋ	0	nonpositive_frequency
娐	ㄈㄨ	0	nonpositive_frequency
娒	ㄇㄨˇ	0	nonpositive_frequency
娔	ㄎㄜˋ	0	nonpositive_frequency
娚	ㄋㄠˇ	0	nonpositive_frequency
娝	ㄆㄡ	0	nonpositive_frequency
娡	ㄓˋ	0	nonpositive_frequency
娢	ㄏㄢˊ	0	nonpositive_frequency
娤	ㄓㄨㄤ	0	nonpositive_frequency
娦	ㄅㄧㄣ	0	nonpositive_frequency
娦	ㄆㄧㄣˊ	0	nonpositive_frequency
娧	ㄊㄨㄟˋ	0	nonpositive_frequency
娨	ㄏㄢˋ	0	nonpositive_frequency
娪	ㄨˊ	0	nonpositive_frequency
娫	ㄧㄢˊ	0	nonpositive_frequency
娬	ㄈㄨˇ	0	nonpositive_frequency
娬	ㄨˇ	0	nonpositive_frequency
娯	ㄩˊ	0	nonpositive_frequency
娰	ㄙˋ	0	nonpositive_frequency
娱	ㄩˊ	0	nonpositive_frequency
娺	ㄓㄨㄛˊ	0	nonpositive_frequency
娺	ㄓㄨㄟ	0	nonpositive_frequency
娻	ㄉㄨㄥ	0	nonpositive_frequency
娽	ㄌㄨˋ	0	nonpositive_frequency
婅	ㄐㄩˊ	0	nonpositive_frequency
婋	ㄒㄧㄠ	0	nonpositive_frequency
婎	ㄏㄨㄟ	0	nonpositive_frequency
婏	ㄈㄨˋ	0	nonpositive_frequency
婔	ㄈㄟ	0	nonpositive_frequency
婙	ㄐㄧㄥ	0	nonpositive_frequency
婙	ㄑㄧㄢˋ	0	nonpositive_frequency
婡	ㄌㄞˊ	0	nonpositive_frequency
婣	ㄧㄣ	0	nonpositive_frequency
婨	ㄌㄨㄣˊ	0	nonpositive_frequency
婮	ㄐㄩ	0	nonpositive_frequency
婯	ㄌㄧˊ	0	nonpositive_frequency
婱	ㄒㄧㄢˊ	0	nonpositive_frequency
婳	ㄏㄨㄚˋ	0	nonpositive_frequency
婵	ㄔㄢˊ	0	nonpositive_frequency
婹	ㄧㄠˇ	0	nonpositive_frequency
婾	ㄊㄡ	0	nonpositive_frequency
媀	ㄩˊ	0	nonpositive_frequency
媁	ㄨㄟˊ	0	nonpositive_frequency
媂	ㄉㄧˋ	0	nonpositive_frequency
媅	ㄉㄢ	0	nonpositive_frequency
媆	ㄖㄨㄢˇ	0	nonpositive_frequency
媇	ㄑㄧㄣ	0	nonpositive_frequency
媇	ㄑㄧㄥˋ	0	nonpositive_frequency
媈	ㄏㄨㄟ	0	nonpositive_frequency
媍	ㄈㄨˋ	0	nonpositive_frequency
媑	ㄓㄨㄥˋ	0	nonpositive_frequency
媖	ㄧㄥ	0	nonpositive_frequency
媘	ㄐㄧㄝ	0	nonpositive_frequency
媙	ㄨㄟ	0	nonpositive_frequency
媠	ㄊㄨㄛˇ	0	nonpositive_frequency
媡	ㄌㄧㄢˋ	0	nonpositive_frequency
媣	ㄖㄢˇ	0	nonpositive_frequency
媨	ㄐㄧㄡˋ	0	nonpositive_frequency
媪	ㄠˇ	0	nonpositive_frequency
媪	ㄨㄣ	0	nonpositive_frequency
媫	ㄐㄧㄝˊ	0	nonpositive_frequency
嫃	ㄓㄣ	0	nonpositive_frequency
嫅	ㄐㄧㄝ	0	nonpositive_frequency
嫎	ㄅㄤˋ	0	nonpositive_frequency
嫏	ㄌㄤˊ	0	nonpositive_frequency
嫐	ㄋㄠˇ	0	nonpositive_frequency
嫤	ㄐㄧㄣˇ	0	nonpositive_frequency
嫧	ㄗㄜˊ	0	nonpositive_frequency
嫯	ㄠˋ	0	nonpositive_frequency
嫰	ㄋㄣˋ	0	nonpositive_frequency
嫰	ㄋㄨㄣˋ	0	nonpositive_frequency
嫼	ㄇㄛˋ	0	nonpositive_frequency
嫾	ㄌㄧㄢˊ	0	nonpositive_frequency
嬀	ㄍㄨㄟ	0	nonpositive_frequency
嬀	ㄨㄟˊ	0	nonpositive_frequency
嬃	ㄒㄩ	0	nonpositive_frequency
嬆	ㄒㄧ	0	nonpositive_frequency
嬊	ㄧㄢˇ	0	nonpositive_frequency
嬍	ㄇㄟˇ	0	nonpositive_frequency
嬎	ㄈㄨˋ	0	nonpositive_frequency
嬑	ㄧˋ	0	nonpositive_frequency
嬒	ㄨㄛˋ	0	nonpositive_frequency
嬕	ㄕˋ	0	nonpositive_frequency
嬘	ㄙㄨㄟˋ	0	nonpositive_frequency
嬜	ㄒㄧㄢ	0	nonpositive_frequency
嬟	ㄧˇ	0	nonpositive_frequency
嬢	ㄋㄧㄚˊ	0	nonpositive_frequency
嬩	ㄩˊ	0	nonpositive_frequency
嬫	ㄖㄨㄥˊ	0	nonpositive_frequency
嬱	ㄑㄧㄢˋ	0	nonpositive_frequency
嬱	ㄘㄢˊ	0	nonpositive_frequency
嬳	ㄩㄝˋ	0	nonpositive_frequency
嬵	ㄇㄧㄢˊ	0	nonpositive_frequency
嬷	ㄇㄚ	0	nonpositive_frequency
嬷	ㄇㄛˊ	0	nonpositive_frequency
嬹	ㄒㄧㄥ	0	nonpositive_frequency
嬹	ㄒㄧㄥˋ	0	nonpositive_frequency
嬺	ㄋㄧˋ	0	nonpositive_frequency
嬻	ㄉㄨˊ	0	nonpositive_frequency
孁	ㄌㄧㄥˊ	0	nonpositive_frequency
孂	ㄍㄨㄟˇ	0	nonpositive_frequency
孄	ㄌㄢˇ	0	nonpositive_frequency
孆	ㄧㄥ	0	nonpositive_frequency
孉	ㄐㄩㄢˇ	0	nonpositive_frequency
孊	ㄇㄧˇ	0	nonpositive_frequency
孏	ㄌㄢˇ	0	nonpositive_frequency
孒	ㄍㄨㄥˇ	0	nonpositive_frequency
孠	ㄙˋ	0	nonpositive_frequency
孡	ㄊㄞ	0	nonpositive_frequency
孨	ㄋㄧˋ	0	nonpositive_frequency
孨	ㄓㄨㄢˇ	0	nonpositive_frequency
孪	ㄌㄩㄢˊ	0	nonpositive_frequency
孯	ㄑㄧㄢ	0	nonpositive_frequency
孴	ㄋㄧˇ	0	nonpositive_frequency
孹	ㄅㄛˋ	0	nonpositive_frequency
孼	ㄋㄧㄝˋ	0	nonpositive_frequency
孾	ㄧㄥ	0	nonpositive_frequency
宀	ㄇㄧㄢˊ	0	nonpositive_frequency
宂	ㄖㄨㄥˇ	0	nonpositive_frequency
宆	ㄑㄩㄥ	0	nonpositive_frequency
宆	ㄑㄩㄥˊ	0	nonpositive_frequency
宊	ㄊㄨˊ	0	nonpositive_frequency
宊	ㄐㄧㄚ	0	nonpositive_frequency
宍	ㄖㄡˋ	0	nonpositive_frequency
宐	ㄧˊ	0	nonpositive_frequency
宔	ㄓㄨˇ	0	nonpositive_frequency
宖	ㄏㄨㄥˊ	0	nonpositive_frequency
宝	ㄅㄠˇ	0	nonpositive_frequency
实	ㄕˊ	0	nonpositive_frequency
実	ㄕˊ	0	nonpositive_frequency
宫	ㄍㄨㄥ	0	nonpositive_frequency
宯	ㄒㄧㄠ	0	nonpositive_frequency
宱	ㄓㄚˋ	0	nonpositive_frequency
宲	ㄅㄠˇ	0	nonpositive_frequency
宲	ㄕˊ	0	nonpositive_frequency
宷	ㄕㄣˇ	0	nonpositive_frequency
宺	ㄏㄨㄤˇ	0	nonpositive_frequency
宻	ㄇㄧˋ	0	nonpositive_frequency
宼	ㄎㄡˋ	0	nonpositive_frequency
寃	ㄩㄢ	0	nonpositive_frequency
寈	ㄐㄧㄥ	0	nonpositive_frequency
寏	ㄏㄨㄢˊ	0	nonpositive_frequency
寕	ㄋㄧㄥˊ	0	nonpositive_frequency
寗	ㄋㄧㄥˊ	0	nonpositive_frequency
寚	ㄅㄠˇ	0	nonpositive_frequency
寛	ㄎㄨㄢ	0	nonpositive_frequency
寜	ㄋㄧㄥˊ	0	nonpositive_frequency
寝	ㄑㄧㄣˇ	0	nonpositive_frequency
寭	ㄏㄨㄟˋ	0	nonpositive_frequency
寳	ㄅㄠˇ	0	nonpositive_frequency
寴	ㄑㄧㄣ	0	nonpositive_frequency
寷	ㄈㄥ	0	nonpositive_frequency
对	ㄉㄨㄟˋ	0	nonpositive_frequency
寽	ㄌㄜˋ	0	nonpositive_frequency
寽	ㄌㄨㄛ	0	nonpositive_frequency
対	ㄉㄨㄟˋ	0	nonpositive_frequency
寿	ㄕㄡˋ	0	nonpositive_frequency
尀	ㄆㄛˇ	0	nonpositive_frequency
尅	ㄎㄜˋ	0	nonpositive_frequency
将	ㄐㄧㄤ	0	nonpositive_frequency
将	ㄐㄧㄤˋ	0	nonpositive_frequency
尓	ㄦˇ	0	nonpositive_frequency
尔	ㄦˇ	0	nonpositive_frequency
尗	ㄕㄨˊ	0	nonpositive_frequency
尘	ㄔㄣˊ	0	nonpositive_frequency
尙	ㄕㄤˋ	0	nonpositive_frequency
尛	ㄇㄚˊ	0	nonpositive_frequency
尞	ㄌㄧㄠˇ	0	nonpositive_frequency
尟	ㄒㄧㄢˇ	0	nonpositive_frequency
尠	ㄒㄧㄢˇ	0	nonpositive_frequency
尣	ㄨㄤ	0	nonpositive_frequency
尩	ㄨㄤ	0	nonpositive_frequency
尫	ㄨㄤ	0	nonpositive_frequency
尯	ㄎㄨㄟˇ	0	nonpositive_frequency
尵	ㄊㄨㄟˊ	0	nonpositive_frequency
尶	ㄍㄢ	0	nonpositive_frequency
尶	ㄐㄧㄢ	0	nonpositive_frequency
尽	ㄐㄧㄣˋ	0	nonpositive_frequency
屉	ㄊㄧˋ	0	nonpositive_frequency
届	ㄐㄧㄝˋ	0	nonpositive_frequency
届	ㄑㄩ	0	nonpositive_frequency
屒	ㄓㄣˇ	0	nonpositive_frequency
屓	ㄒㄧˋ	0	nonpositive_frequency
屚	ㄌㄡˋ	0	nonpositive_frequency
屛	ㄅㄧㄥ	0	nonpositive_frequency
屛	ㄅㄧㄥˇ	0	nonpositive_frequency
属	ㄓㄨˇ	0	nonpositive_frequency
屟	ㄉㄧㄝˊ	0	nonpositive_frequency
屡	ㄌㄩˇ	0	nonpositive_frequency
屫	ㄐㄩㄝˊ	0	nonpositive_frequency
屰	ㄆㄛˋ	0	nonpositive_frequency
屵	ㄜˋ	0	nonpositive_frequency
屸	ㄌㄨㄥˊ	0	nonpositive_frequency
屽	ㄏㄢˋ	0	nonpositive_frequency
岀	ㄔㄨ	0	nonpositive_frequency
岄	ㄩㄝˋ	0	nonpositive_frequency
岅	ㄗㄜˊ	0	nonpositive_frequency
岇	ㄤˊ	0	nonpositive_frequency
岎	ㄈㄣ	0	nonpositive_frequency
岜	ㄅㄚ	0	nonpositive_frequency
岞	ㄗㄜˊ	0	nonpositive_frequency
岞	ㄗㄨㄛˊ	0	nonpositive_frequency
岲	ㄏㄨㄤˋ	0	nonpositive_frequency
岴	ㄑㄩ	0	nonpositive_frequency
岹	ㄊㄧㄠˊ	0	nonpositive_frequency
岺	ㄌㄧㄥˊ	0	nonpositive_frequency
岻	ㄔˊ	0	nonpositive_frequency
峀	ㄅㄤ	0	nonpositive_frequency
峁	ㄇㄠˇ	0	nonpositive_frequency
峍	ㄌㄨˋ	0	nonpositive_frequency
峑	ㄐㄧˋ	0	nonpositive_frequency
峜	ㄑㄩㄢ	0	nonpositive_frequency
峝	ㄉㄨㄥˋ	0	nonpositive_frequency
峡	ㄒㄧㄚˊ	0	nonpositive_frequency
峢	ㄌㄧˇ	0	nonpositive_frequency
峥	ㄓㄥ	0	nonpositive_frequency
峥	ㄔㄥˊ	0	nonpositive_frequency
峦	ㄌㄨㄢˊ	0	nonpositive_frequency
峩	ㄜˊ	0	nonpositive_frequency
峫	ㄒㄧㄝˊ	0	nonpositive_frequency
峫	ㄧㄝˊ	0	nonpositive_frequency
峯	ㄈㄥ	0	nonpositive_frequency
峲	ㄌㄧˇ	0	nonpositive_frequency
峳	ㄧㄡˊ	0	nonpositive_frequency
峵	ㄏㄨㄥˊ	0	nonpositive_frequency
峺	ㄍㄥˇ	0	nonpositive_frequency
峼	ㄏㄠˋ	0	nonpositive_frequency
峾	ㄧㄣˊ	0	nonpositive_frequency
崈	ㄔㄨㄥˊ	0	nonpositive_frequency
崉	ㄊㄚˋ	0	nonpositive_frequency
崊	ㄌㄧㄣˊ	0	nonpositive_frequency
崐	ㄎㄨㄣ	0	nonpositive_frequency
崓	ㄍㄨˋ	0	nonpositive_frequency
崕	ㄞˊ	0	nonpositive_frequency
崕	ㄧㄚˊ	0	nonpositive_frequency
崘	ㄌㄨㄣˊ	0	nonpositive_frequency
崜	ㄉㄨㄛ	0	nonpositive_frequency
崡	ㄏㄢˊ	0	nonpositive_frequency
崪	ㄗㄨˊ	0	nonpositive_frequency
崫	ㄎㄨ	0	nonpositive_frequency
崫	ㄐㄩㄝˊ	0	nonpositive_frequency
崬	ㄉㄨㄥ	0	nonpositive_frequency
崯	ㄧㄣˊ	0	nonpositive_frequency
崻	ㄓˋ	0	nonpositive_frequency
崾	ㄧㄠˇ	0	nonpositive_frequency
嵄	ㄇㄟˇ	0	nonpositive_frequency
嵆	ㄐㄧ	0	nonpositive_frequency
嵈	ㄍㄨㄢˇ	0	nonpositive_frequency
嵍	ㄇㄠˊ	0	nonpositive_frequency
嵍	ㄨˋ	0	nonpositive_frequency
嵏	ㄗㄨㄥ	0	nonpositive_frequency
嵓	ㄧㄢˊ	0	nonpositive_frequency
嵔	ㄨㄟ	0	nonpositive_frequency
嵖	ㄘㄨㄛˊ	0	nonpositive_frequency
嵗	ㄙㄨㄟˋ	0	nonpositive_frequency
嵛	ㄩˊ	0	nonpositive_frequency
嵞	ㄊㄨˊ	0	nonpositive_frequency
嵟	ㄉㄨㄟ	0	nonpositive_frequency
嵠	ㄑㄧ	0	nonpositive_frequency
嵡	ㄨㄥˇ	0	nonpositive_frequency
嵣	ㄉㄤ	0	nonpositive_frequency
嵤	ㄏㄨㄥˊ	0	nonpositive_frequency
嵦	ㄎㄞˇ	0	nonpositive_frequency
嵪	ㄎㄠ	0	nonpositive_frequency
嵪	ㄑㄧㄠ	0	nonpositive_frequency
嵭	ㄅㄥ	0	nonpositive_frequency
嵮	ㄉㄧㄢ	0	nonpositive_frequency
嵰	ㄑㄧㄢˇ	0	nonpositive_frequency
嵳	ㄘㄨㄛˊ	0	nonpositive_frequency
嵴	ㄐㄧˇ	0	nonpositive_frequency
嵸	ㄗㄨㄥ	0	nonpositive_frequency
嵻	ㄎㄤ	0	nonpositive_frequency
嶃	ㄔㄢˊ	0	nonpositive_frequency
嶅	ㄠˊ	0	nonpositive_frequency
嶋	ㄉㄠˇ	0	nonpositive_frequency
嶌	ㄉㄠˇ	0	nonpositive_frequency
嶏	ㄆㄟˋ	0	nonpositive_frequency
嶐	ㄌㄨㄥˊ	0	nonpositive_frequency
嶑	ㄒㄧㄤˋ	0	nonpositive_frequency
嶖	ㄧㄢ	0	nonpositive_frequency
嶖	ㄧㄢˇ	0	nonpositive_frequency
嶘	ㄓㄢˋ	0	nonpositive_frequency
嶛	ㄌㄧㄠˊ	0	nonpositive_frequency
嶣	ㄐㄧㄠ	0	nonpositive_frequency
嶣	ㄑㄧㄠˊ	0	nonpositive_frequency
嶤	ㄧㄠˊ	0	nonpositive_frequency
嶦	ㄓㄢ	0	nonpositive_frequency
嶦	ㄕㄢˋ	0	nonpositive_frequency
嶫	ㄧㄝˋ	0	nonpositive_frequency
嶬	ㄧ	0	nonpositive_frequency
嶳	ㄉㄜ˙	0	nonpositive_frequency
嶹	ㄉㄠˇ	0	nonpositive_frequency
嶻	ㄐㄧㄝˊ	0	nonpositive_frequency
嶻	ㄗㄚˊ	0	nonpositive_frequency
嶾	ㄧㄣˇ	0	nonpositive_frequency
巁	ㄌㄧˋ	0	nonpositive_frequency
巁	ㄌㄧㄝˋ	0	nonpositive_frequency
巄	ㄌㄨㄥˊ	0	nonpositive_frequency
巈	ㄐㄩˊ	0	nonpositive_frequency
巊	ㄧㄥˇ	0	nonpositive_frequency
巌	ㄧㄢˊ	0	nonpositive_frequency
巎	ㄋㄠˊ	0	nonpositive_frequency
巐	ㄔㄠˇ	0	nonpositive_frequency
巓	ㄉㄧㄢ	0	nonpositive_frequency
巗	ㄧㄢˊ	0	nonpositive_frequency
巙	ㄋㄠˊ	0	nonpositive_frequency
巚	ㄧㄢˇ	0	nonpositive_frequency
巛	ㄔㄨㄢ	0	nonpositive_frequency
巜	ㄎㄨㄞˋ	0	nonpositive_frequency
巣	ㄔㄠˊ	0	nonpositive_frequency
巤	ㄌㄧㄝˋ	0	nonpositive_frequency
巩	ㄍㄨㄥˇ	0	nonpositive_frequency
巶	ㄓㄠ	0	nonpositive_frequency
巸	ㄧˊ	0	nonpositive_frequency
巺	ㄒㄩㄣˋ	0	nonpositive_frequency
巻	ㄐㄩㄢˇ	0	nonpositive_frequency
帀	ㄗㄚ	0	nonpositive_frequency
币	ㄧㄣˋ	0	nonpositive_frequency
帇	ㄋㄧㄝˋ	0	nonpositive_frequency
帉	ㄈㄣ	0	nonpositive_frequency
帋	ㄓˇ	0	nonpositive_frequency
帍	ㄏㄨˋ	0	nonpositive_frequency
帒	ㄉㄞˋ	0	nonpositive_frequency
帓	ㄇㄛˋ	0	nonpositive_frequency
帞	ㄆㄚˋ	0	nonpositive_frequency
帪	ㄓㄣ	0	nonpositive_frequency
帬	ㄐㄩㄣ	0	nonpositive_frequency
帬	ㄑㄩㄣˊ	0	nonpositive_frequency
帮	ㄅㄤ	0	nonpositive_frequency
帯	ㄉㄞˋ	0	nonpositive_frequency
帰	ㄍㄨㄟ	0	nonpositive_frequency
帰	ㄎㄨㄟˋ	0	nonpositive_frequency
帲	ㄆㄧㄥˊ	0	nonpositive_frequency
帵	ㄨㄢ	0	nonpositive_frequency
帹	ㄑㄧㄝˋ	0	nonpositive_frequency
帹	ㄕㄚˋ	0	nonpositive_frequency
帺	ㄐㄧˋ	0	nonpositive_frequency
帿	ㄏㄡˊ	0	nonpositive_frequency
幂	ㄇㄧˋ	0	nonpositive_frequency
幆	ㄎㄞˋ	0	nonpositive_frequency
幆	ㄧˋ	0	nonpositive_frequency
幇	ㄅㄤ	0	nonpositive_frequency
幈	ㄅㄧㄥ	0	nonpositive_frequency
幈	ㄅㄧㄥˇ	0	nonpositive_frequency
幐	ㄊㄥˊ	0	nonpositive_frequency
幑	ㄏㄨㄟ	0	nonpositive_frequency
幒	ㄓㄨㄥ	0	nonpositive_frequency
幒	ㄘㄨㄥˇ	0	nonpositive_frequency
幖	ㄅㄧㄠ	0	nonpositive_frequency
幚	ㄅㄤ	0	nonpositive_frequency
幞	ㄆㄨˊ	0	nonpositive_frequency
幷	ㄅㄧㄥ	0	nonpositive_frequency
幷	ㄅㄧㄥˋ	0	nonpositive_frequency
幺	ㄧㄠ	0	nonpositive_frequency
广	ㄧㄢˇ	0	nonpositive_frequency
庁	ㄊㄧㄥ	0	nonpositive_frequency
広	ㄍㄨㄤˇ	0	nonpositive_frequency
庎	ㄐㄧㄝˋ	0	nonpositive_frequency
庐	ㄌㄨˊ	0	nonpositive_frequency
庒	ㄓㄨㄤ	0	nonpositive_frequency
庘	ㄧㄚ	0	nonpositive_frequency
庙	ㄇㄧㄠˋ	0	nonpositive_frequency
庝	ㄊㄨㄥˊ	0	nonpositive_frequency
庡	ㄧˇ	0	nonpositive_frequency
庩	ㄊㄨ	0	nonpositive_frequency
庯	ㄅㄨ	0	nonpositive_frequency
庺	ㄙㄨㄥ	0	nonpositive_frequency
庻	ㄕㄨˋ	0	nonpositive_frequency
庽	ㄩˋ	0	nonpositive_frequency
庿	ㄇㄧㄠˋ	0	nonpositive_frequency
廀	ㄙㄡ	0	nonpositive_frequency
廀	ㄙㄡˇ	0	nonpositive_frequency
廃	ㄈㄟˋ	0	nonpositive_frequency
廅	ㄏㄜˊ	0	nonpositive_frequency
廆	ㄏㄨㄟˋ	0	nonpositive_frequency
廇	ㄌㄧㄡˋ	0	nonpositive_frequency
廏	ㄐㄧˋ	0	nonpositive_frequency
廏	ㄐㄧㄡˋ	0	nonpositive_frequency
廐	ㄐㄧˋ	0	nonpositive_frequency
廐	ㄐㄧㄡˋ	0	nonpositive_frequency
廪	ㄌㄧㄣˇ	0	nonpositive_frequency
廫	ㄌㄧㄠˊ	0	nonpositive_frequency
廰	ㄊㄧㄥ	0	nonpositive_frequency
廴	ㄧㄣˇ	0	nonpositive_frequency
廵	ㄒㄩㄣˊ	0	nonpositive_frequency
廸	ㄉㄧˊ	0	nonpositive_frequency
廹	ㄆㄛˋ	0	nonpositive_frequency
廻	ㄏㄨㄟˊ	0	nonpositive_frequency
廼	ㄋㄞˇ	0	nonpositive_frequency
廽	ㄏㄨㄟˊ	0	nonpositive_frequency
开	ㄅㄧㄥˋ	0	nonpositive_frequency
开	ㄐㄧㄢ	0	nonpositive_frequency
开	ㄧㄢˊ	0	nonpositive_frequency
弃	ㄑㄧˋ	0	nonpositive_frequency
弆	ㄐㄩˇ	0	nonpositive_frequency
弌	ㄧˊ	0	nonpositive_frequency
弍	ㄦˋ	0	nonpositive_frequency
弎	ㄙㄚ	0	nonpositive_frequency
弎	ㄙㄢˋ	0	nonpositive_frequency
弑	ㄕˋ	0	nonpositive_frequency
弜	ㄐㄧㄤˋ	0	nonpositive_frequency
弜	ㄑㄧˊ	0	nonpositive_frequency
弞	ㄕㄣˇ	0	nonpositive_frequency
弡	ㄐㄩㄝˊ	0	nonpositive_frequency
弥	ㄇㄧˇ	0	nonpositive_frequency
弫	ㄓㄣˇ	0	nonpositive_frequency
弬	ㄧˊ	0	nonpositive_frequency
弯	ㄨㄢ	0	nonpositive_frequency
弲	ㄒㄩㄢ	0	nonpositive_frequency
弴	ㄉㄧㄠ	0	nonpositive_frequency
弹	ㄉㄢˋ	0	nonpositive_frequency
强	ㄐㄧㄤˋ	0	nonpositive_frequency
弻	ㄅㄧˋ	0	nonpositive_frequency
弽	ㄕㄜˋ	0	nonpositive_frequency
弾	ㄉㄢˋ	0	nonpositive_frequency
弿	ㄐㄧㄢˇ	0	nonpositive_frequency
彂	ㄈㄚ	0	nonpositive_frequency
彇	ㄒㄧㄠ	0	nonpositive_frequency
彍	ㄏㄥˊ	0	nonpositive_frequency
彍	ㄏㄨㄛˋ	0	nonpositive_frequency
彐	ㄐㄧˋ	0	nonpositive_frequency
彑	ㄐㄧˋ	0	nonpositive_frequency
归	ㄍㄨㄟ	0	nonpositive_frequency
归	ㄎㄨㄟˋ	0	nonpositive_frequency
当	ㄉㄤ	0	nonpositive_frequency
当	ㄉㄤˇ	0	nonpositive_frequency
录	ㄌㄨˋ	0	nonpositive_frequency
彚	ㄏㄨㄟˋ	0	nonpositive_frequency
彛	ㄧˊ	0	nonpositive_frequency
彞	ㄧˊ	0	nonpositive_frequency
彠	ㄏㄨㄛˋ	0	nonpositive_frequency
彡	ㄒㄧㄢ	0	nonpositive_frequency
彣	ㄨㄣˊ	0	nonpositive_frequency
彦	ㄧㄢˋ	0	nonpositive_frequency
彮	ㄩㄥˇ	0	nonpositive_frequency
彲	ㄌㄧˊ	0	nonpositive_frequency
彵	ㄊㄨㄛˊ	0	nonpositive_frequency
彺	ㄨㄤˊ	0	nonpositive_frequency
徃	ㄨㄤˇ	0	nonpositive_frequency
径	ㄐㄧㄥˋ	0	nonpositive_frequency
徍	ㄨㄚ	0	nonpositive_frequency
徎	ㄓㄥˋ	0	nonpositive_frequency
徏	ㄅㄨˋ	0	nonpositive_frequency
徏	ㄓˋ	0	nonpositive_frequency
従	ㄗㄨㄥ	0	nonpositive_frequency
従	ㄗㄨㄥˋ	0	nonpositive_frequency
徝	ㄓˋ	0	nonpositive_frequency
徢	ㄒㄧㄝˋ	0	nonpositive_frequency
徣	ㄐㄧㄝˋ	0	nonpositive_frequency
徤	ㄐㄧㄢˋ	0	nonpositive_frequency
徧	ㄅㄧㄢˋ	0	nonpositive_frequency
徰	ㄓㄥ	0	nonpositive_frequency
徱	ㄅㄧㄠ	0	nonpositive_frequency
徱	ㄆㄧㄠˋ	0	nonpositive_frequency
徳	ㄉㄜˊ	0	nonpositive_frequency
徴	ㄓˇ	0	nonpositive_frequency
徴	ㄓㄥ	0	nonpositive_frequency
徸	ㄓㄨㄥ	0	nonpositive_frequency
忂	ㄑㄩˊ	0	nonpositive_frequency
忄	ㄒㄧㄣ	0	nonpositive_frequency
忇	ㄌㄜˋ	0	nonpositive_frequency
忈	ㄖㄣˊ	0	nonpositive_frequency
忊	ㄉㄧㄥˋ	0	nonpositive_frequency
忋	ㄍㄞˇ	0	nonpositive_frequency
忎	ㄖㄣˊ	0	nonpositive_frequency
忓	ㄍㄢ	0	nonpositive_frequency
忚	ㄌㄧㄝˇ	0	nonpositive_frequency
忚	ㄒㄧ	0	nonpositive_frequency
忛	ㄈㄢ	0	nonpositive_frequency
忛	ㄈㄢˊ	0	nonpositive_frequency
応	ㄧㄥ	0	nonpositive_frequency
応	ㄧㄥˋ	0	nonpositive_frequency
忟	ㄇㄧㄣˊ	0	nonpositive_frequency
忢	ㄨˋ	0	nonpositive_frequency
忦	ㄐㄧㄚˊ	0	nonpositive_frequency
忧	ㄧㄡ	0	nonpositive_frequency
忩	ㄘㄨㄥ	0	nonpositive_frequency
忬	ㄕㄨ	0	nonpositive_frequency
忰	ㄘㄨㄟˋ	0	nonpositive_frequency
忲	ㄊㄞˋ	0	nonpositive_frequency
忲	ㄕˋ	0	nonpositive_frequency
忶	ㄏㄨㄣˊ	0	nonpositive_frequency
忹	ㄋㄧㄣˊ	0	nonpositive_frequency
忹	ㄖㄣˋ	0	nonpositive_frequency
忼	ㄎㄤ	0	nonpositive_frequency
忼	ㄎㄤˇ	0	nonpositive_frequency
忾	ㄎㄞˋ	0	nonpositive_frequency
忾	ㄒㄧ	0	nonpositive_frequency
怇	ㄐㄩˋ	0	nonpositive_frequency
怈	ㄧˋ	0	nonpositive_frequency
怘	ㄍㄨˋ	0	nonpositive_frequency
怟	ㄉㄧˋ	0	nonpositive_frequency
怣	ㄧㄡˊ	0	nonpositive_frequency
怰	ㄒㄩㄢˋ	0	nonpositive_frequency
怱	ㄘㄨㄥ	0	nonpositive_frequency
怶	ㄅㄧˋ	0	nonpositive_frequency
怸	ㄒㄧ	0	nonpositive_frequency
怸	ㄒㄧˊ	0	nonpositive_frequency
怽	ㄇㄧˊ	0	nonpositive_frequency
恈	ㄇㄨˊ	0	nonpositive_frequency
恊	ㄒㄧㄝˊ	0	nonpositive_frequency
恋	ㄌㄧㄢˋ	0	nonpositive_frequency
恎	ㄉㄧㄝˊ	0	nonpositive_frequency
恏	ㄏㄠˋ	0	nonpositive_frequency
恑	ㄍㄨㄟˇ	0	nonpositive_frequency
恖	ㄙˋ	0	nonpositive_frequency
恖	ㄙㄞ	0	nonpositive_frequency
恗	ㄎㄨㄚ	0	nonpositive_frequency
恗	ㄏㄨ	0	nonpositive_frequency
恜	ㄔˋ	0	nonpositive_frequency
恠	ㄍㄨㄞˋ	0	nonpositive_frequency
恡	ㄌㄧㄣˋ	0	nonpositive_frequency
恱	ㄩㄝˋ	0	nonpositive_frequency
恳	ㄎㄣˇ	0	nonpositive_frequency
恴	ㄉㄜˊ	0	nonpositive_frequency
恵	ㄏㄨㄟˋ	0	nonpositive_frequency
恼	ㄋㄠˇ	0	nonpositive_frequency
恾	ㄇㄤˊ	0	nonpositive_frequency
悂	ㄅㄧ	0	nonpositive_frequency
悋	ㄌㄧㄣˋ	0	nonpositive_frequency
悏	ㄑㄧㄝˋ	0	nonpositive_frequency
悐	ㄊㄧˋ	0	nonpositive_frequency
悑	ㄅㄨˋ	0	nonpositive_frequency
悓	ㄐㄧㄢˋ	0	nonpositive_frequency
悙	ㄏㄥ	0	nonpositive_frequency
悞	ㄨˋ	0	nonpositive_frequency
悡	ㄌㄧˊ	0	nonpositive_frequency
悤	ㄘㄨㄥ	0	nonpositive_frequency
悥	ㄧˋ	0	nonpositive_frequency
悦	ㄩㄝˋ	0	nonpositive_frequency
悧	ㄌㄧˋ	0	nonpositive_frequency
悩	ㄋㄠˇ	0	nonpositive_frequency
悪	ㄜˇ	0	nonpositive_frequency
悮	ㄨˋ	0	nonpositive_frequency
悳	ㄉㄜˊ	0	nonpositive_frequency
惂	ㄎㄢˇ	0	nonpositive_frequency
惐	ㄒㄩˋ	0	nonpositive_frequency
惐	ㄩˋ	0	nonpositive_frequency
惒	ㄏㄜˊ	0	nonpositive_frequency
惒	ㄏㄨㄛˋ	0	nonpositive_frequency
惖	ㄊㄧˋ	0	nonpositive_frequency
惗	ㄋㄧㄝˋ	0	nonpositive_frequency
惞	ㄒㄧㄣ	0	nonpositive_frequency
惣	ㄗㄨㄥˇ	0	nonpositive_frequency
惥	ㄩˊ	0	nonpositive_frequency
惥	ㄩㄥˇ	0	nonpositive_frequency
惧	ㄐㄩˋ	0	nonpositive_frequency
惨	ㄘㄢˇ	0	nonpositive_frequency
惩	ㄔㄥˇ	0	nonpositive_frequency
惪	ㄉㄜˊ	0	nonpositive_frequency
惮	ㄉㄢ	0	nonpositive_frequency
惮	ㄉㄢˋ	0	nonpositive_frequency
惽	ㄏㄨㄣ	0	nonpositive_frequency
惾	ㄗㄨㄥ	0	nonpositive_frequency
愂	ㄅㄛˊ	0	nonpositive_frequency
愇	ㄨㄟˇ	0	nonpositive_frequency
愌	ㄏㄨㄢˋ	0	nonpositive_frequency
愑	ㄩㄥˇ	0	nonpositive_frequency
愗	ㄇㄡˋ	0	nonpositive_frequency
愙	ㄎㄜˋ	0	nonpositive_frequency
愙	ㄑㄩㄝˋ	0	nonpositive_frequency
愞	ㄋㄨㄛˋ	0	nonpositive_frequency
愞	ㄖㄨˊ	0	nonpositive_frequency
愠	ㄩㄣˋ	0	nonpositive_frequency
愡	ㄗㄨㄥˇ	0	nonpositive_frequency
愢	ㄒㄧˇ	0	nonpositive_frequency
愢	ㄙㄞ	0	nonpositive_frequency
愪	ㄩㄣˊ	0	nonpositive_frequency
愭	ㄑㄧˊ	0	nonpositive_frequency
愰	ㄏㄨㄤˋ	0	nonpositive_frequency
愱	ㄐㄧˊ	0	nonpositive_frequency
愳	ㄐㄩˋ	0	nonpositive_frequency
愵	ㄋㄧˋ	0	nonpositive_frequency
愸	ㄓㄥˇ	0	nonpositive_frequency
愹	ㄩㄥˇ	0	nonpositive_frequency
愺	ㄘㄠˇ	0	nonpositive_frequency
愼	ㄕㄣˋ	0	nonpositive_frequency
愽	ㄅㄛˊ	0	nonpositive_frequency
慂	ㄩˊ	0	nonpositive_frequency
慂	ㄩㄥˇ	0	nonpositive_frequency
慃	ㄧㄤˇ	0	nonpositive_frequency
慗	ㄔˋ	0	nonpositive_frequency
慙	ㄘㄢˊ	0	nonpositive_frequency
慜	ㄇㄧㄣˇ	0	nonpositive_frequency
慠	ㄠˋ	0	nonpositive_frequency
慤	ㄑㄩㄝˋ	0	nonpositive_frequency
慩	ㄌㄧㄢˊ	0	nonpositive_frequency
慭	ㄧㄣˋ	0	nonpositive_frequency
慯	ㄕㄤ	0	nonpositive_frequency
慸	ㄔˋ	0	nonpositive_frequency
慻	ㄐㄩㄢˋ	0	nonpositive_frequency
慽	ㄑㄧ	0	nonpositive_frequency
慿	ㄆㄧㄥˊ	0	nonpositive_frequency
憁	ㄗㄨㄥˇ	0	nonpositive_frequency
憄	ㄓˋ	0	nonpositive_frequency
憅	ㄉㄨㄥˋ	0	nonpositive_frequency
憆	ㄊㄤˊ	0	nonpositive_frequency
憆	ㄔㄥ	0	nonpositive_frequency
憇	ㄑㄧˋ	0	nonpositive_frequency
憈	ㄑㄩ	0	nonpositive_frequency
憏	ㄔˋ	0	nonpositive_frequency
憕	ㄉㄥˋ	0	nonpositive_frequency
憗	ㄧㄣˋ	0	nonpositive_frequency
憘	ㄒㄧˇ	0	nonpositive_frequency
憙	ㄒㄧˇ	0	nonpositive_frequency
憜	ㄉㄨㄛˋ	0	nonpositive_frequency
憞	ㄉㄨㄟˋ	0	nonpositive_frequency
憞	ㄉㄨㄣ	0	nonpositive_frequency
憠	ㄐㄩㄝˊ	0	nonpositive_frequency
憣	ㄈㄢ	0	nonpositive_frequency
憥	ㄌㄠˊ	0	nonpositive_frequency
憦	ㄌㄠˋ	0	nonpositive_frequency
憷	ㄔㄨˇ	0	nonpositive_frequency
憹	ㄋㄠˇ	0	nonpositive_frequency
憹	ㄋㄨㄥˊ	0	nonpositive_frequency
憻	ㄊㄢˇ	0	nonpositive_frequency
憽	ㄙㄨㄥ	0	nonpositive_frequency
懀	ㄨㄟˋ	0	nonpositive_frequency
懄	ㄐㄧㄣˇ	0	nonpositive_frequency
懎	ㄙㄜˋ	0	nonpositive_frequency
懏	ㄐㄩㄣˋ	0	nonpositive_frequency
懐	ㄏㄨㄞˊ	0	nonpositive_frequency
懕	ㄧㄢ	0	nonpositive_frequency
懕	ㄧㄢˋ	0	nonpositive_frequency
懗	ㄒㄧㄚˋ	0	nonpositive_frequency
懙	ㄩˇ	0	nonpositive_frequency
懚	ㄧㄣˋ	0	nonpositive_frequency
懛	ㄉㄞ	0	nonpositive_frequency
懜	ㄇㄥˊ	0	nonpositive_frequency
懝	ㄋㄧˋ	0	nonpositive_frequency
懝	ㄞˋ	0	nonpositive_frequency
懡	ㄇㄛˇ	0	nonpositive_frequency
懢	ㄌㄢˊ	0	nonpositive_frequency
懢	ㄒㄧㄢˋ	0	nonpositive_frequency
懬	ㄎㄨㄤˇ	0	nonpositive_frequency
懯	ㄈㄨ	0	nonpositive_frequency
懳	ㄏㄨㄟˋ	0	nonpositive_frequency
戂	ㄇㄛˊ	0	nonpositive_frequency
戅	ㄍㄤˋ	0	nonpositive_frequency
戅	ㄓㄨㄤˋ	0	nonpositive_frequency
戏	ㄏㄨ	0	nonpositive_frequency
戏	ㄏㄨㄟ	0	nonpositive_frequency
戏	ㄒㄧˋ	0	nonpositive_frequency
戓	ㄍㄜ	0	nonpositive_frequency
战	ㄓㄢˋ	0	nonpositive_frequency
戜	ㄉㄧㄝˊ	0	nonpositive_frequency
戝	ㄗㄜˊ	0	nonpositive_frequency
戞	ㄍㄚ	0	nonpositive_frequency
戞	ㄐㄧㄚˊ	0	nonpositive_frequency
戦	ㄓㄢˋ	0	nonpositive_frequency
戨	ㄍㄜ	0	nonpositive_frequency
戬	ㄐㄧㄢˇ	0	nonpositive_frequency
戯	ㄏㄨ	0	nonpositive_frequency
戯	ㄏㄨㄟ	0	nonpositive_frequency
戯	ㄒㄧˋ	0	nonpositive_frequency
戱	ㄏㄨ	0	nonpositive_frequency
戱	ㄏㄨㄟ	0	nonpositive_frequency
戱	ㄒㄧˋ	0	nonpositive_frequency
戵	ㄑㄩˊ	0	nonpositive_frequency
户	ㄏㄨˋ	0	nonpositive_frequency
戸	ㄏㄨˋ	0	nonpositive_frequency
戹	ㄜˋ	0	nonpositive_frequency
戻	ㄊㄧˋ	0	nonpositive_frequency
戼	ㄇㄠˇ	0	nonpositive_frequency
扅	ㄧˊ	0	nonpositive_frequency
扊	ㄧㄢˇ	0	nonpositive_frequency
扌	ㄕㄡˇ	0	nonpositive_frequency
扏	ㄑㄧㄡˊ	0	nonpositive_frequency
扗	ㄗㄞˋ	0	nonpositive_frequency
扝	ㄒㄩ	0	nonpositive_frequency
扟	ㄕㄣ	0	nonpositive_frequency
执	ㄓˊ	0	nonpositive_frequency
扸	ㄓㄜˊ	0	nonpositive_frequency
抂	ㄎㄨㄤˊ	0	nonpositive_frequency
抅	ㄐㄩ	0	nonpositive_frequency
抅	ㄐㄩˊ	0	nonpositive_frequency
抋	ㄑㄧㄣˋ	0	nonpositive_frequency
抍	ㄓㄥˇ	0	nonpositive_frequency
抐	ㄋㄜˋ	0	nonpositive_frequency
抙	ㄆㄡˊ	0	nonpositive_frequency
抚	ㄈㄨˇ	0	nonpositive_frequency
抚	ㄨˇ	0	nonpositive_frequency
抛	ㄆㄠ	0	nonpositive_frequency
抜	ㄅㄚˊ	0	nonpositive_frequency
抝	ㄋㄧㄡˋ	0	nonpositive_frequency
抝	ㄠˇ	0	nonpositive_frequency
抝	ㄧㄠˋ	0	nonpositive_frequency
択	ㄓㄞˊ	0	nonpositive_frequency
报	ㄅㄠˋ	0	nonpositive_frequency
抦	ㄅㄧㄥˇ	0	nonpositive_frequency
抧	ㄓˇ	0	nonpositive_frequency
抲	ㄏㄜ	0	nonpositive_frequency
抷	ㄆㄟ	0	nonpositive_frequency
抺	ㄇㄟˋ	0	nonpositive_frequency
拀	ㄓㄨˋ	0	nonpositive_frequency
拁	ㄐㄧㄚ	0	nonpositive_frequency
担	ㄉㄢ	0	nonpositive_frequency
担	ㄉㄢˋ	0	nonpositive_frequency
拕	ㄊㄨㄛ	0	nonpositive_frequency
拝	ㄅㄞˋ	0	nonpositive_frequency
拞	ㄉㄧˇ	0	nonpositive_frequency
拞	ㄓˇ	0	nonpositive_frequency
拟	ㄋㄧˇ	0	nonpositive_frequency
拠	ㄐㄩˋ	0	nonpositive_frequency
拡	ㄎㄨㄛˋ	0	nonpositive_frequency
拤	ㄎㄚˇ	0	nonpositive_frequency
拪	ㄑㄧㄢ	0	nonpositive_frequency
挄	ㄎㄨㄛˋ	0	nonpositive_frequency
挅	ㄉㄨㄛˇ	0	nonpositive_frequency
挆	ㄉㄨㄛˇ	0	nonpositive_frequency
挊	ㄋㄡˋ	0	nonpositive_frequency
挊	ㄋㄨㄥˋ	0	nonpositive_frequency
挒	ㄌㄧㄝˋ	0	nonpositive_frequency
挗	ㄐㄩㄝˊ	0	nonpositive_frequency
挙	ㄐㄩˇ	0	nonpositive_frequency
挛	ㄌㄧㄢˋ	0	nonpositive_frequency
挟	ㄐㄧㄚˊ	0	nonpositive_frequency
挡	ㄉㄤˇ	0	nonpositive_frequency
挣	ㄓㄥ	0	nonpositive_frequency
挣	ㄓㄥˋ	0	nonpositive_frequency
挮	ㄊㄧˇ	0	nonpositive_frequency
挰	ㄔㄥˊ	0	nonpositive_frequency
挱	ㄕㄚ	0	nonpositive_frequency
挱	ㄙㄚ˙	0	nonpositive_frequency
挱	ㄙㄨㄛ	0	nonpositive_frequency
挵	ㄋㄡˋ	0	nonpositive_frequency
挵	ㄋㄨㄥˋ	0	nonpositive_frequency
挷	ㄅㄤˇ	0	nonpositive_frequency
挿	ㄔㄚ	0	nonpositive_frequency
捒	ㄕㄨˋ	0	nonpositive_frequency
捒	ㄙㄡ	0	nonpositive_frequency
捒	ㄙㄨㄥˇ	0	nonpositive_frequency
捓	ㄧㄝˊ	0	nonpositive_frequency
捛	ㄌㄩˇ	0	nonpositive_frequency
捜	ㄙㄡ	0	nonpositive_frequency
捝	ㄊㄨㄛ	0	nonpositive_frequency
捝	ㄕㄨㄟˋ	0	nonpositive_frequency
捦	ㄑㄧㄣˊ	0	nonpositive_frequency
捪	ㄇㄧㄣˊ	0	nonpositive_frequency
捬	ㄈㄨˇ	0	nonpositive_frequency
捬	ㄨˇ	0	nonpositive_frequency
捳	ㄩㄝˋ	0	nonpositive_frequency
捴	ㄗㄨㄥˇ	0	nonpositive_frequency
捹	ㄅㄣˋ	0	nonpositive_frequency
捾	ㄒㄧㄚˊ	0	nonpositive_frequency
捾	ㄨㄛˋ	0	nonpositive_frequency
捿	ㄑㄧ	0	nonpositive_frequency
掆	ㄍㄤ	0	nonpositive_frequency
掋	ㄉㄧˇ	0	nonpositive_frequency
掓	ㄕㄨˊ	0	nonpositive_frequency
掕	ㄌㄥˊ	0	nonpositive_frequency
掕	ㄌㄧㄥˊ	0	nonpositive_frequency
掚	ㄌㄧㄤˇ	0	nonpositive_frequency
掦	ㄊㄧ	0	nonpositive_frequency
掲	ㄐㄧㄝ	0	nonpositive_frequency
掲	ㄐㄧㄝˊ	0	nonpositive_frequency
掲	ㄑㄧˋ	0	nonpositive_frequency
掺	ㄔㄢ	0	nonpositive_frequency
掺	ㄕㄢˇ	0	nonpositive_frequency
掿	ㄋㄧˋ	0	nonpositive_frequency
掿	ㄋㄨㄛˋ	0	nonpositive_frequency
揁	ㄎㄥ	0	nonpositive_frequency
揑	ㄋㄧㄝ	0	nonpositive_frequency
揔	ㄗㄨㄥˇ	0	nonpositive_frequency
揞	ㄢˇ	0	nonpositive_frequency
揢	ㄎㄜˊ	0	nonpositive_frequency
揦	ㄌㄚˊ	0	nonpositive_frequency
揬	ㄊㄨˊ	0	nonpositive_frequency
揷	ㄔㄚ	0	nonpositive_frequency
揸	ㄓㄚ	0	nonpositive_frequency
揺	ㄧㄠˊ	0	nonpositive_frequency
揾	ㄨㄣˋ	0	nonpositive_frequency
搇	ㄑㄧㄣ	0	nonpositive_frequency
搇	ㄑㄧㄣˋ	0	nonpositive_frequency
搈	ㄩㄥˊ	0	nonpositive_frequency
搑	ㄋㄤˇ	0	nonpositive_frequency
搑	ㄖㄨㄥˇ	0	nonpositive_frequency
搙	ㄋㄡˋ	0	nonpositive_frequency
搙	ㄋㄨㄛˋ	0	nonpositive_frequency
搝	ㄑㄧㄡˇ	0	nonpositive_frequency
搩	ㄓㄚˇ	0	nonpositive_frequency
搱	ㄋㄞˊ	0	nonpositive_frequency
搱	ㄓˋ	0	nonpositive_frequency
搲	ㄨㄚ	0	nonpositive_frequency
搸	ㄓㄣ	0	nonpositive_frequency
携	ㄒㄧ	0	nonpositive_frequency
携	ㄒㄧㄝˊ	0	nonpositive_frequency
搻	ㄋㄧˋ	0	nonpositive_frequency
搻	ㄋㄨㄛˋ	0	nonpositive_frequency
搼	ㄑㄩㄢˊ	0	nonpositive_frequency
摆	ㄅㄞˇ	0	nonpositive_frequency
摇	ㄧㄠˊ	0	nonpositive_frequency
摌	ㄔㄢˇ	0	nonpositive_frequency
摌	ㄙㄨㄣˋ	0	nonpositive_frequency
摏	ㄔㄨㄥ	0	nonpositive_frequency
摕	ㄉㄧˋ	0	nonpositive_frequency
摖	ㄑㄧˋ	0	nonpositive_frequency
摗	ㄙㄡ	0	nonpositive_frequency
摗	ㄙㄨㄥˇ	0	nonpositive_frequency
摚	ㄊㄤˊ	0	nonpositive_frequency
摢	ㄏㄨˋ	0	nonpositive_frequency
摢	ㄔㄨ	0	nonpositive_frequency
摣	ㄓㄚ	0	nonpositive_frequency
摤	ㄑㄧㄤ	0	nonpositive_frequency
摤	ㄑㄧㄤˇ	0	nonpositive_frequency
摪	ㄐㄧㄤ	0	nonpositive_frequency
摪	ㄑㄧㄤˋ	0	nonpositive_frequency
摱	ㄇㄢˊ	0	nonpositive_frequency
摼	ㄎㄥ	0	nonpositive_frequency
摼	ㄑㄧㄢ	0	nonpositive_frequency
摾	ㄌㄩㄝˋ	0	nonpositive_frequency
摾	ㄐㄧㄥ	0	nonpositive_frequency
撀	ㄍㄡˋ	0	nonpositive_frequency
撁	ㄑㄧㄢ	0	nonpositive_frequency
撃	ㄐㄧˊ	0	nonpositive_frequency
撆	ㄆㄧㄝ	0	nonpositive_frequency
撆	ㄆㄧㄝˇ	0	nonpositive_frequency
撍	ㄑㄧㄢˊ	0	nonpositive_frequency
撍	ㄗㄢ	0	nonpositive_frequency
撍	ㄗㄢˇ	0	nonpositive_frequency
撎	ㄧˋ	0	nonpositive_frequency
撑	ㄔㄥ	0	nonpositive_frequency
撔	ㄏㄥˋ	0	nonpositive_frequency
撛	ㄌㄧㄣˇ	0	nonpositive_frequency
撡	ㄔㄢ	0	nonpositive_frequency
撡	ㄕㄢˇ	0	nonpositive_frequency
撧	ㄐㄩㄝˊ	0	nonpositive_frequency
撨	ㄒㄧㄠ	0	nonpositive_frequency
撨	ㄒㄧㄠˋ	0	nonpositive_frequency
撨	ㄙㄡ	0	nonpositive_frequency
撪	ㄅㄣˋ	0	nonpositive_frequency
撯	ㄓㄨㄛˊ	0	nonpositive_frequency
撴	ㄉㄨㄣ	0	nonpositive_frequency
撹	ㄍㄠˇ	0	nonpositive_frequency
撹	ㄐㄧㄠˇ	0	nonpositive_frequency
擀	ㄍㄢˇ	0	nonpositive_frequency
擆	ㄓㄨㄛˊ	0	nonpositive_frequency
擈	ㄆㄨ	0	nonpositive_frequency
擌	ㄙㄨㄛˇ	0	nonpositive_frequency
擑	ㄐㄧㄝ	0	nonpositive_frequency
擓	ㄎㄨㄞ	0	nonpositive_frequency
擕	ㄒㄧ	0	nonpositive_frequency
擕	ㄒㄧㄝˊ	0	nonpositive_frequency
擜	ㄜˋ	0	nonpositive_frequency
擟	ㄇㄧˊ	0	nonpositive_frequency
擡	ㄊㄞˊ	0	nonpositive_frequency
擥	ㄌㄢˇ	0	nonpositive_frequency
擧	ㄐㄩˇ	0	nonpositive_frequency
擨	ㄧㄝˊ	0	nonpositive_frequency
擩	ㄖㄨˇ	0	nonpositive_frequency
擪	ㄧㄝˋ	0	nonpositive_frequency
擫	ㄧㄝˋ	0	nonpositive_frequency
擮	ㄐㄧㄚ	0	nonpositive_frequency
擮	ㄐㄧㄝˊ	0	nonpositive_frequency
擵	ㄇㄛˊ	0	nonpositive_frequency
擶	ㄐㄧㄢˋ	0	nonpositive_frequency
擹	ㄊㄢ	0	nonpositive_frequency
攂	ㄌㄟˊ	0	nonpositive_frequency
攅	ㄗㄢˇ	0	nonpositive_frequency
攅	ㄘㄨㄢˊ	0	nonpositive_frequency
攈	ㄐㄩㄣ	0	nonpositive_frequency
攈	ㄐㄩㄣˋ	0	nonpositive_frequency
攊	ㄌㄧˋ	0	nonpositive_frequency
攋	ㄌㄚˋ	0	nonpositive_frequency
攑	ㄑㄧㄢ	0	nonpositive_frequency
攞	ㄌㄨㄛˇ	0	nonpositive_frequency
攟	ㄐㄩㄣ	0	nonpositive_frequency
攟	ㄐㄩㄣˋ	0	nonpositive_frequency
攧	ㄉㄧㄢ	0	nonpositive_frequency
攨	ㄨㄚ	0	nonpositive_frequency
攨	ㄨㄚˇ	0	nonpositive_frequency
攰	ㄍㄨㄟˋ	0	nonpositive_frequency
攱	ㄍㄨㄟˇ	0	nonpositive_frequency
攴	ㄆㄨ	0	nonpositive_frequency
攺	ㄙˋ	0	nonpositive_frequency
攼	ㄍㄢ	0	nonpositive_frequency
敀	ㄅㄛˊ	0	nonpositive_frequency
敂	ㄎㄡˋ	0	nonpositive_frequency
敄	ㄨˋ	0	nonpositive_frequency
敇	ㄘㄜˋ	0	nonpositive_frequency
敋	ㄍㄜˊ	0	nonpositive_frequency
敌	ㄏㄨㄚˊ	0	nonpositive_frequency
敌	ㄑㄧˋ	0	nonpositive_frequency
敍	ㄒㄩˋ	0	nonpositive_frequency
敎	ㄐㄧㄠ	0	nonpositive_frequency
敎	ㄐㄧㄠˋ	0	nonpositive_frequency
敐	ㄓㄣˇ	0	nonpositive_frequency
敒	ㄕㄣ	0	nonpositive_frequency
敚	ㄉㄨㄛˊ	0	nonpositive_frequency
敟	ㄉㄧㄢˇ	0	nonpositive_frequency
敠	ㄉㄨㄛˊ	0	nonpositive_frequency
敡	ㄧˋ	0	nonpositive_frequency
敫	ㄐㄧㄠ	0	nonpositive_frequency
敫	ㄐㄧㄠˋ	0	nonpositive_frequency
敫	ㄧㄠˋ	0	nonpositive_frequency
敭	ㄧㄤˊ	0	nonpositive_frequency
敮	ㄒㄧㄚ	0	nonpositive_frequency
数	ㄕㄨˇ	0	nonpositive_frequency
数	ㄕㄨㄛˋ	0	nonpositive_frequency
敱	ㄓㄨ	0	nonpositive_frequency
敱	ㄞˊ	0	nonpositive_frequency
斅	ㄒㄧㄠˊ	0	nonpositive_frequency
斈	ㄒㄧㄠˊ	0	nonpositive_frequency
斉	ㄐㄧˋ	0	nonpositive_frequency
斉	ㄓㄞ	0	nonpositive_frequency
斊	ㄐㄧˋ	0	nonpositive_frequency
斊	ㄓㄞ	0	nonpositive_frequency
斋	ㄓㄞ	0	nonpositive_frequency
斍	ㄐㄧㄠˇ	0	nonpositive_frequency
斎	ㄓㄞ	0	nonpositive_frequency
斘	ㄕㄥ	0	nonpositive_frequency
斚	ㄐㄧㄚˇ	0	nonpositive_frequency
斣	ㄉㄡˋ	0	nonpositive_frequency
斦	ㄓˋ	0	nonpositive_frequency
断	ㄉㄨㄢˋ	0	nonpositive_frequency
斱	ㄓㄨㄛˊ	0	nonpositive_frequency
斴	ㄌㄧㄣˊ	0	nonpositive_frequency
斵	ㄓㄨㄛˊ	0	nonpositive_frequency
斺	ㄒㄧㄝˋ	0	nonpositive_frequency
於	ㄨ	0	nonpositive_frequency
斾	ㄆㄟˋ	0	nonpositive_frequency
旇	ㄅㄟˋ	0	nonpositive_frequency
旈	ㄌㄧㄡˊ	0	nonpositive_frequency
旉	ㄈㄨ	0	nonpositive_frequency
旉	ㄈㄨˊ	0	nonpositive_frequency
旊	ㄈㄤˇ	0	nonpositive_frequency
旑	ㄧˇ	0	nonpositive_frequency
旔	ㄐㄧㄢˋ	0	nonpositive_frequency
旘	ㄓˋ	0	nonpositive_frequency
旜	ㄉㄢ	0	nonpositive_frequency
无	ㄇㄛˊ	0	nonpositive_frequency
无	ㄨˊ	0	nonpositive_frequency
旣	ㄐㄧˋ	0	nonpositive_frequency
旤	ㄏㄨㄛˋ	0	nonpositive_frequency
旧	ㄐㄧㄡˋ	0	nonpositive_frequency
旪	ㄒㄧㄝˊ	0	nonpositive_frequency
旫	ㄊㄧㄠ	0	nonpositive_frequency
时	ㄕˊ	0	nonpositive_frequency
旹	ㄕˊ	0	nonpositive_frequency
旾	ㄔㄨㄣ	0	nonpositive_frequency
旿	ㄨˇ	0	nonpositive_frequency
昁	ㄆㄛ	0	nonpositive_frequency
昁	ㄆㄟˋ	0	nonpositive_frequency
昖	ㄧㄢˊ	0	nonpositive_frequency
昗	ㄗㄜˋ	0	nonpositive_frequency
昘	ㄈㄤˇ	0	nonpositive_frequency
昚	ㄕㄣˋ	0	nonpositive_frequency
昛	ㄐㄩˋ	0	nonpositive_frequency
昞	ㄅㄧㄥˇ	0	nonpositive_frequency
昣	ㄓㄣˇ	0	nonpositive_frequency
昩	ㄇㄛˋ	0	nonpositive_frequency
昪	ㄅㄧㄢˋ	0	nonpositive_frequency
昫	ㄒㄩˋ	0	nonpositive_frequency
昬	ㄏㄨㄣ	0	nonpositive_frequency
昮	ㄗㄨㄥˋ	0	nonpositive_frequency
昰	ㄕˋ	0	nonpositive_frequency
昷	ㄨㄣ	0	nonpositive_frequency
昸	ㄉㄨㄥ	0	nonpositive_frequency
昻	ㄤˊ	0	nonpositive_frequency
昼	ㄓㄡˋ	0	nonpositive_frequency
晀	ㄊㄧㄠˇ	0	nonpositive_frequency
晄	ㄏㄨㄤˇ	0	nonpositive_frequency
晆	ㄎㄨㄟˊ	0	nonpositive_frequency
晈	ㄐㄧㄠ	0	nonpositive_frequency
晈	ㄐㄧㄠˇ	0	nonpositive_frequency
晋	ㄐㄧㄣˋ	0	nonpositive_frequency
晍	ㄊㄨㄥˊ	0	nonpositive_frequency
晎	ㄏㄨㄥˇ	0	nonpositive_frequency
晐	ㄍㄞ	0	nonpositive_frequency
晗	ㄏㄢˊ	0	nonpositive_frequency
晘	ㄏㄢˋ	0	nonpositive_frequency
晠	ㄔㄥˊ	0	nonpositive_frequency
晣	ㄓㄜˊ	0	nonpositive_frequency
晧	ㄏㄠˋ	0	nonpositive_frequency
晩	ㄨㄢˇ	0	nonpositive_frequency
晫	ㄓㄨㄛˊ	0	nonpositive_frequency
晭	ㄓㄡˇ	0	nonpositive_frequency
晳	ㄒㄧ	0	nonpositive_frequency
晵	ㄑㄧˇ	0	nonpositive_frequency
晽	ㄌㄧㄣˊ	0	nonpositive_frequency
晿	ㄔㄤ	0	nonpositive_frequency
暁	ㄒㄧㄠˇ	0	nonpositive_frequency
暅	ㄒㄩㄢ	0	nonpositive_frequency
暅	ㄩㄢˊ	0	nonpositive_frequency
暎	ㄧㄥˋ	0	nonpositive_frequency
暏	ㄕㄨˇ	0	nonpositive_frequency
暒	ㄑㄧㄥˊ	0	nonpositive_frequency
暓	ㄇㄠˋ	0	nonpositive_frequency
暚	ㄧㄠˊ	0	nonpositive_frequency
暛	ㄙㄨㄛˇ	0	nonpositive_frequency
暜	ㄆㄨˇ	0	nonpositive_frequency
暞	ㄐㄧㄠˇ	0	nonpositive_frequency
暣	ㄑㄧˋ	0	nonpositive_frequency
暤	ㄍㄠ	0	nonpositive_frequency
暤	ㄏㄠˋ	0	nonpositive_frequency
暥	ㄧㄢˋ	0	nonpositive_frequency
暦	ㄌㄧˋ	0	nonpositive_frequency
暬	ㄋㄧㄝˋ	0	nonpositive_frequency
暭	ㄍㄠ	0	nonpositive_frequency
暭	ㄏㄠˋ	0	nonpositive_frequency
暳	ㄏㄨㄟˋ	0	nonpositive_frequency
暶	ㄒㄩㄢˊ	0	nonpositive_frequency
暼	ㄆㄧㄠ	0	nonpositive_frequency
暿	ㄒㄧ	0	nonpositive_frequency
曁	ㄐㄧˋ	0	nonpositive_frequency
曂	ㄏㄨㄤˋ	0	nonpositive_frequency
曃	ㄊㄞˋ	0	nonpositive_frequency
曅	ㄏㄨㄚˊ	0	nonpositive_frequency
曅	ㄧㄝˋ	0	nonpositive_frequency
曍	ㄍㄠ	0	nonpositive_frequency
曍	ㄏㄠˋ	0	nonpositive_frequency
曎	ㄧˋ	0	nonpositive_frequency
曐	ㄒㄧㄥ	0	nonpositive_frequency
曑	ㄕㄣ	0	nonpositive_frequency
曓	ㄅㄠˋ	0	nonpositive_frequency
曔	ㄐㄧㄥˋ	0	nonpositive_frequency
曕	ㄧㄢˋ	0	nonpositive_frequency
曗	ㄏㄨㄚˊ	0	nonpositive_frequency
曗	ㄧㄝˋ	0	nonpositive_frequency
曟	ㄔㄣˊ	0	nonpositive_frequency
曡	ㄉㄚˊ	0	nonpositive_frequency
曡	ㄉㄧㄝˊ	0	nonpositive_frequency
曥	ㄌㄩˊ	0	nonpositive_frequency
曧	ㄖㄨㄥˊ	0	nonpositive_frequency
曪	ㄌㄨㄛˇ	0	nonpositive_frequency
曯	ㄓㄨˊ	0	nonpositive_frequency
曱	ㄧㄚ	0	nonpositive_frequency
曵	ㄧˋ	0	nonpositive_frequency
曵	ㄧㄝˋ	0	nonpositive_frequency
朆	ㄈㄣ	0	nonpositive_frequency
朇	ㄅㄧˋ	0	nonpositive_frequency
朌	ㄅㄢ	0	nonpositive_frequency
朎	ㄌㄧㄥˊ	0	nonpositive_frequency
朖	ㄌㄤˇ	0	nonpositive_frequency
朙	ㄇㄧㄥˊ	0	nonpositive_frequency
朚	ㄇㄤˊ	0	nonpositive_frequency
朜	ㄊㄨㄣ	0	nonpositive_frequency
朞	ㄐㄧ	0	nonpositive_frequency
朞	ㄑㄧˊ	0	nonpositive_frequency
朤	ㄌㄤˇ	0	nonpositive_frequency
术	ㄓㄨˊ	0	nonpositive_frequency
朲	ㄖㄣˊ	0	nonpositive_frequency
朶	ㄉㄨㄛˇ	0	nonpositive_frequency
朷	ㄇㄨˋ	0	nonpositive_frequency
朷	ㄉㄠ	0	nonpositive_frequency
朷	ㄊㄧㄠˊ	0	nonpositive_frequency
杄	ㄑㄧㄢ	0	nonpositive_frequency
杊	ㄒㄩㄣˊ	0	nonpositive_frequency
杒	ㄖㄣˋ	0	nonpositive_frequency
杔	ㄊㄨㄛ	0	nonpositive_frequency
杘	ㄔˋ	0	nonpositive_frequency
杛	ㄍㄨㄥ	0	nonpositive_frequency
条	ㄉㄧˊ	0	nonpositive_frequency
条	ㄊㄧㄠˊ	0	nonpositive_frequency
来	ㄌㄞˊ	0	nonpositive_frequency
杫	ㄒㄧˇ	0	nonpositive_frequency
杫	ㄓˇ	0	nonpositive_frequency
杮	ㄌㄧㄣˊ	0	nonpositive_frequency
枀	ㄙㄨㄥ	0	nonpositive_frequency
枂	ㄨㄛˋ	0	nonpositive_frequency
枈	ㄅㄧˋ	0	nonpositive_frequency
枊	ㄤˋ	0	nonpositive_frequency
枏	ㄋㄢˊ	0	nonpositive_frequency
枖	ㄧㄠ	0	nonpositive_frequency
枛	ㄓㄠˋ	0	nonpositive_frequency
枞	ㄘㄨㄥ	0	nonpositive_frequency
枢	ㄑㄩ	0	nonpositive_frequency
枣	ㄗㄠˇ	0	nonpositive_frequency
枱	ㄊㄞˊ	0	nonpositive_frequency
枼	ㄧㄝˋ	0	nonpositive_frequency
枽	ㄧㄝˋ	0	nonpositive_frequency
枾	ㄌㄧㄣˊ	0	nonpositive_frequency
枿	ㄋㄧㄝˋ	0	nonpositive_frequency
柇	ㄏㄜˊ	0	nonpositive_frequency
柕	ㄇㄠˋ	0	nonpositive_frequency
柖	ㄕㄠˊ	0	nonpositive_frequency
柗	ㄙㄨㄥ	0	nonpositive_frequency
柠	ㄔㄨˇ	0	nonpositive_frequency
柡	ㄩㄥˇ	0	nonpositive_frequency
柨	ㄅㄨˋ	0	nonpositive_frequency
柹	ㄕˋ	0	nonpositive_frequency
査	ㄓㄚ	0	nonpositive_frequency
査	ㄔㄚˊ	0	nonpositive_frequency
柾	ㄐㄧㄡˇ	0	nonpositive_frequency
栁	ㄌㄧㄡˇ	0	nonpositive_frequency
栄	ㄖㄨㄥˊ	0	nonpositive_frequency
栅	ㄓㄚˋ	0	nonpositive_frequency
栕	ㄓㄣ	0	nonpositive_frequency
栕	ㄓㄣˋ	0	nonpositive_frequency
栙	ㄒㄧㄤˊ	0	nonpositive_frequency
栛	ㄌㄧˋ	0	nonpositive_frequency
栞	ㄎㄢ	0	nonpositive_frequency
栢	ㄅㄛˊ	0	nonpositive_frequency
栣	ㄖㄣˇ	0	nonpositive_frequency
栤	ㄅㄧㄥˋ	0	nonpositive_frequency
栧	ㄧˋ	0	nonpositive_frequency
栬	ㄗㄨㄟˋ	0	nonpositive_frequency
栰	ㄈㄚ	0	nonpositive_frequency
栰	ㄈㄚˊ	0	nonpositive_frequency
栶	ㄧㄣ	0	nonpositive_frequency
样	ㄧㄤˊ	0	nonpositive_frequency
栾	ㄌㄨㄢˊ	0	nonpositive_frequency
栿	ㄈㄨˊ	0	nonpositive_frequency
桇	ㄖㄨˊ	0	nonpositive_frequency
桊	ㄐㄩㄢˋ	0	nonpositive_frequency
桒	ㄙㄤ	0	nonpositive_frequency
桕	ㄍㄠ	0	nonpositive_frequency
桖	ㄒㄩㄝˋ	0	nonpositive_frequency
桘	ㄔㄨㄟˊ	0	nonpositive_frequency
桙	ㄩˊ	0	nonpositive_frequency
桬	ㄕㄚ	0	nonpositive_frequency
桬	ㄙㄨㄛ	0	nonpositive_frequency
桰	ㄍㄨㄚ	0	nonpositive_frequency
桳	ㄅㄣˋ	0	nonpositive_frequency
桺	ㄌㄧㄡˇ	0	nonpositive_frequency
梄	ㄧㄡˇ	0	nonpositive_frequency
梈	ㄆㄥ	0	nonpositive_frequency
梎	ㄧㄠ	0	nonpositive_frequency
梕	ㄖㄣˋ	0	nonpositive_frequency
梘	ㄐㄧㄢˇ	0	nonpositive_frequency
梙	ㄏㄨㄢˋ	0	nonpositive_frequency
梚	ㄨㄢˇ	0	nonpositive_frequency
梞	ㄐㄧˋ	0	nonpositive_frequency
梥	ㄙㄨㄥ	0	nonpositive_frequency
梦	ㄇㄥˋ	0	nonpositive_frequency
梶	ㄨㄟˇ	0	nonpositive_frequency
梷	ㄐㄧㄥˋ	0	nonpositive_frequency
梸	ㄌㄧˊ	0	nonpositive_frequency
梹	ㄅㄧㄣ	0	nonpositive_frequency
棁	ㄓㄨㄛˊ	0	nonpositive_frequency
棃	ㄌㄧˊ	0	nonpositive_frequency
棅	ㄅㄧㄥˇ	0	nonpositive_frequency
棊	ㄐㄧ	0	nonpositive_frequency
棊	ㄑㄧˊ	0	nonpositive_frequency
棏	ㄓㄜˊ	0	nonpositive_frequency
棙	ㄌㄧˋ	0	nonpositive_frequency
棛	ㄩˋ	0	nonpositive_frequency
棢	ㄨㄤˇ	0	nonpositive_frequency
棥	ㄈㄢˊ	0	nonpositive_frequency
棭	ㄧˋ	0	nonpositive_frequency
棾	ㄑㄩㄥˊ	0	nonpositive_frequency
棿	ㄋㄧˊ	0	nonpositive_frequency
椀	ㄨㄢˇ	0	nonpositive_frequency
椁	ㄍㄨㄛˇ	0	nonpositive_frequency
椂	ㄌㄨˋ	0	nonpositive_frequency
椃	ㄏㄠˊ	0	nonpositive_frequency
椉	ㄔㄥˊ	0	nonpositive_frequency
椘	ㄔㄨˇ	0	nonpositive_frequency
検	ㄐㄧㄢˇ	0	nonpositive_frequency
椞	ㄒㄧˋ	0	nonpositive_frequency
椮	ㄙㄢ	0	nonpositive_frequency
椮	ㄙㄢˇ	0	nonpositive_frequency
椱	ㄈㄨˋ	0	nonpositive_frequency
椶	ㄗㄨㄥ	0	nonpositive_frequency
椺	ㄒㄧˊ	0	nonpositive_frequency
椾	ㄓㄢˋ	0	nonpositive_frequency
楃	ㄨㄛˋ	0	nonpositive_frequency
楆	ㄧㄠ	0	nonpositive_frequency
楇	ㄍㄨㄛˇ	0	nonpositive_frequency
楍	ㄅㄣˇ	0	nonpositive_frequency
楐	ㄐㄧㄝˋ	0	nonpositive_frequency
楕	ㄊㄨㄛˇ	0	nonpositive_frequency
楡	ㄩˊ	0	nonpositive_frequency
楤	ㄘㄨㄥ	0	nonpositive_frequency
楧	ㄧㄤ	0	nonpositive_frequency
楲	ㄨㄟ	0	nonpositive_frequency
楳	ㄇㄟˊ	0	nonpositive_frequency
楼	ㄌㄡˊ	0	nonpositive_frequency
楽	ㄌㄜˋ	0	nonpositive_frequency
榅	ㄨˋ	0	nonpositive_frequency
榏	ㄧˋ	0	nonpositive_frequency
榒	ㄋㄨㄛˋ	0	nonpositive_frequency
榘	ㄐㄩˇ	0	nonpositive_frequency
榝	ㄕㄚ	0	nonpositive_frequency
榝	ㄕㄚˋ	0	nonpositive_frequency
榟	ㄗˇ	0	nonpositive_frequency
榢	ㄐㄧㄚˋ	0	nonpositive_frequency
榲	ㄨˋ	0	nonpositive_frequency
榵	ㄖㄨㄥˊ	0	nonpositive_frequency
榶	ㄊㄤˊ	0	nonpositive_frequency
榷	ㄑㄩㄝˋ	0	nonpositive_frequency
榸	ㄓㄞ	0	nonpositive_frequency
榺	ㄕㄥˋ	0	nonpositive_frequency
槀	ㄍㄠˇ	0	nonpositive_frequency
槅	ㄍㄜˊ	0	nonpositive_frequency
槇	ㄉㄧㄢ	0	nonpositive_frequency
槈	ㄋㄡˋ	0	nonpositive_frequency
槑	ㄇㄟˊ	0	nonpositive_frequency
槒	ㄒㄩˋ	0	nonpositive_frequency
槕	ㄓㄨㄛ	0	nonpositive_frequency
槖	ㄊㄨㄛˊ	0	nonpositive_frequency
槗	ㄑㄧㄠˊ	0	nonpositive_frequency
様	ㄒㄧㄤˋ	0	nonpositive_frequency
様	ㄧㄤˋ	0	nonpositive_frequency
槡	ㄙㄤ	0	nonpositive_frequency
槣	ㄍㄨㄟ	0	nonpositive_frequency
槣	ㄐㄧ	0	nonpositive_frequency
槩	ㄍㄞˋ	0	nonpositive_frequency
槪	ㄍㄞˋ	0	nonpositive_frequency
槯	ㄘㄨㄟ	0	nonpositive_frequency
槰	ㄆㄥˊ	0	nonpositive_frequency
槵	ㄏㄨㄢˋ	0	nonpositive_frequency
槹	ㄍㄠ	0	nonpositive_frequency
槺	ㄌㄧㄤˊ	0	nonpositive_frequency
樃	ㄌㄤˊ	0	nonpositive_frequency
樋	ㄊㄨㄥ	0	nonpositive_frequency
樌	ㄍㄨㄢˋ	0	nonpositive_frequency
樎	ㄙㄨˋ	0	nonpositive_frequency
樐	ㄌㄨˇ	0	nonpositive_frequency
樒	ㄇㄧˋ	0	nonpositive_frequency
樚	ㄌㄨˋ	0	nonpositive_frequency
樜	ㄓㄜˋ	0	nonpositive_frequency
樢	ㄇㄨˋ	0	nonpositive_frequency
樢	ㄋㄧㄠˇ	0	nonpositive_frequency
樤	ㄉㄧˊ	0	nonpositive_frequency
樤	ㄊㄧㄠˊ	0	nonpositive_frequency
権	ㄑㄩㄢˊ	0	nonpositive_frequency
横	ㄏㄥˊ	0	nonpositive_frequency
樬	ㄘㄨㄥ	0	nonpositive_frequency
樳	ㄒㄩㄣˊ	0	nonpositive_frequency
樶	ㄗㄨㄟ	0	nonpositive_frequency
樷	ㄘㄨㄥ	0	nonpositive_frequency
樷	ㄘㄨㄥˊ	0	nonpositive_frequency
橂	ㄉㄧㄢˋ	0	nonpositive_frequency
橃	ㄈㄚˊ	0	nonpositive_frequency
橅	ㄇㄛˊ	0	nonpositive_frequency
橊	ㄌㄧㄡˊ	0	nonpositive_frequency
橌	ㄒㄧㄢˋ	0	nonpositive_frequency
橒	ㄩㄣˊ	0	nonpositive_frequency
橓	ㄕㄨㄣˋ	0	nonpositive_frequency
橗	ㄇㄥˊ	0	nonpositive_frequency
橜	ㄐㄩㄝˊ	0	nonpositive_frequency
橣	ㄋㄧㄥˇ	0	nonpositive_frequency
橥	ㄓㄨ	0	nonpositive_frequency
橬	ㄑㄧㄢˊ	0	nonpositive_frequency
橮	ㄌㄧㄡˇ	0	nonpositive_frequency
橰	ㄍㄠ	0	nonpositive_frequency
橱	ㄔㄨˊ	0	nonpositive_frequency
橽	ㄊㄚˋ	0	nonpositive_frequency
檂	ㄋㄨㄥˊ	0	nonpositive_frequency
檆	ㄕㄚ	0	nonpositive_frequency
檈	ㄒㄩㄢˊ	0	nonpositive_frequency
檊	ㄍㄢˋ	0	nonpositive_frequency
檋	ㄐㄩˋ	0	nonpositive_frequency
檏	ㄆㄨˇ	0	nonpositive_frequency
檘	ㄅㄛˋ	0	nonpositive_frequency
檙	ㄉㄧㄥˇ	0	nonpositive_frequency
檝	ㄐㄧˊ	0	nonpositive_frequency
檧	ㄙㄨㄥ	0	nonpositive_frequency
檪	ㄌㄧˋ	0	nonpositive_frequency
檫	ㄔㄚˊ	0	nonpositive_frequency
檰	ㄇㄧㄢˊ	0	nonpositive_frequency
檱	ㄐㄧ	0	nonpositive_frequency
檱	ㄑㄧˊ	0	nonpositive_frequency
檲	ㄊㄨㄢˊ	0	nonpositive_frequency
檵	ㄐㄧˋ	0	nonpositive_frequency
檼	ㄧㄣˇ	0	nonpositive_frequency
檾	ㄑㄧㄥˇ	0	nonpositive_frequency
檿	ㄧㄢˇ	0	nonpositive_frequency
櫀	ㄐㄧ	0	nonpositive_frequency
櫀	ㄑㄧˊ	0	nonpositive_frequency
櫁	ㄇㄧˋ	0	nonpositive_frequency
櫄	ㄊㄨㄣˊ	0	nonpositive_frequency
櫄	ㄔㄨㄣ	0	nonpositive_frequency
櫈	ㄉㄥˋ	0	nonpositive_frequency
櫎	ㄍㄨㄛ	0	nonpositive_frequency
櫎	ㄍㄨㄤˋ	0	nonpositive_frequency
櫒	ㄔㄚˊ	0	nonpositive_frequency
櫔	ㄌㄧˋ	0	nonpositive_frequency
櫕	ㄗㄢˋ	0	nonpositive_frequency
櫕	ㄗㄨㄢˋ	0	nonpositive_frequency
櫖	ㄌㄩˋ	0	nonpositive_frequency
櫗	ㄇㄧㄝˋ	0	nonpositive_frequency
櫘	ㄏㄨㄟˋ	0	nonpositive_frequency
櫢	ㄙㄡˇ	0	nonpositive_frequency
櫣	ㄌㄧㄢˊ	0	nonpositive_frequency
櫩	ㄧㄢˊ	0	nonpositive_frequency
櫭	ㄐㄧˋ	0	nonpositive_frequency
櫭	ㄐㄧㄝˊ	0	nonpositive_frequency
櫮	ㄜˋ	0	nonpositive_frequency
櫲	ㄩˋ	0	nonpositive_frequency
櫴	ㄌㄞˋ	0	nonpositive_frequency
櫶	ㄒㄧㄢˋ	0	nonpositive_frequency
櫽	ㄧㄣˇ	0	nonpositive_frequency
櫾	ㄧㄡˊ	0	nonpositive_frequency
櫿	ㄧㄥˊ	0	nonpositive_frequency
欁	ㄋㄨㄥˊ	0	nonpositive_frequency
欆	ㄕㄨㄤ	0	nonpositive_frequency
欇	ㄕㄜˋ	0	nonpositive_frequency
欔	ㄐㄩㄝˊ	0	nonpositive_frequency
欙	ㄌㄟˇ	0	nonpositive_frequency
欛	ㄅㄚ˙	0	nonpositive_frequency
欜	ㄋㄤˊ	0	nonpositive_frequency
欝	ㄩˋ	0	nonpositive_frequency
欢	ㄏㄨㄢ	0	nonpositive_frequency
欤	ㄩˊ	0	nonpositive_frequency
欦	ㄏㄢˇ	0	nonpositive_frequency
欦	ㄑㄧㄢˇ	0	nonpositive_frequency
欦	ㄒㄧㄢ	0	nonpositive_frequency
欩	ㄔㄠ	0	nonpositive_frequency
欪	ㄒㄧˋ	0	nonpositive_frequency
欫	ㄑㄧˋ	0	nonpositive_frequency
欮	ㄐㄩㄝˊ	0	nonpositive_frequency
欰	ㄒㄩˋ	0	nonpositive_frequency
欵	ㄎㄨㄢˇ	0	nonpositive_frequency
歀	ㄎㄨㄢˇ	0	nonpositive_frequency
歄	ㄍㄨㄚ	0	nonpositive_frequency
歏	ㄐㄧㄣˋ	0	nonpositive_frequency
歒	ㄊㄧˋ	0	nonpositive_frequency
歓	ㄏㄨㄢ	0	nonpositive_frequency
歗	ㄒㄧㄠˋ	0	nonpositive_frequency
歘	ㄉㄢˋ	0	nonpositive_frequency
歘	ㄏㄨ	0	nonpositive_frequency
歘	ㄔㄨㄚ	0	nonpositive_frequency
歝	ㄉㄨˋ	0	nonpositive_frequency
歝	ㄧˋ	0	nonpositive_frequency
歨	ㄅㄨˋ	0	nonpositive_frequency
歩	ㄅㄨˋ	0	nonpositive_frequency
歫	ㄐㄩˋ	0	nonpositive_frequency
歬	ㄑㄧㄢˊ	0	nonpositive_frequency
歮	ㄙㄜˋ	0	nonpositive_frequency
歯	ㄔˇ	0	nonpositive_frequency
歰	ㄙㄜˋ	0	nonpositive_frequency
歱	ㄓㄨㄥˇ	0	nonpositive_frequency
歳	ㄙㄨㄟˋ	0	nonpositive_frequency
歴	ㄌㄧˋ	0	nonpositive_frequency
歵	ㄗㄜˋ	0	nonpositive_frequency
歺	ㄉㄞˇ	0	nonpositive_frequency
歺	ㄜˋ	0	nonpositive_frequency
歽	ㄓㄜˊ	0	nonpositive_frequency
殁	ㄇㄛˋ	0	nonpositive_frequency
殅	ㄕㄥ	0	nonpositive_frequency
残	ㄘㄢˊ	0	nonpositive_frequency
殐	ㄙㄨˋ	0	nonpositive_frequency
殜	ㄉㄧㄝˊ	0	nonpositive_frequency
殜	ㄧㄝˋ	0	nonpositive_frequency
殝	ㄓㄣ	0	nonpositive_frequency
殡	ㄅㄧㄣ	0	nonpositive_frequency
殡	ㄅㄧㄣˋ	0	nonpositive_frequency
殨	ㄎㄨㄟˋ	0	nonpositive_frequency
殩	ㄘㄨㄢˋ	0	nonpositive_frequency
殬	ㄉㄨˋ	0	nonpositive_frequency
殴	ㄑㄩ	0	nonpositive_frequency
殸	ㄎㄥ	0	nonpositive_frequency
殸	ㄑㄧㄥˋ	0	nonpositive_frequency
殹	ㄧˋ	0	nonpositive_frequency
殻	ㄎㄜˊ	0	nonpositive_frequency
殻	ㄑㄧㄠˋ	0	nonpositive_frequency
殾	ㄒㄩㄣˋ	0	nonpositive_frequency
毁	ㄏㄨㄟˇ	0	nonpositive_frequency
毎	ㄇㄟˇ	0	nonpositive_frequency
毑	ㄐㄧㄝˇ	0	nonpositive_frequency
毡	ㄊㄢˇ	0	nonpositive_frequency
毡	ㄓㄢ	0	nonpositive_frequency
毥	ㄒㄩㄣˊ	0	nonpositive_frequency
毩	ㄐㄩˊ	0	nonpositive_frequency
毪	ㄇㄨˊ	0	nonpositive_frequency
毭	ㄉㄡˋ	0	nonpositive_frequency
毰	ㄆㄟˊ	0	nonpositive_frequency
毱	ㄐㄩˊ	0	nonpositive_frequency
毴	ㄅㄧ	0	nonpositive_frequency
毺	ㄕㄨ	0	nonpositive_frequency
毺	ㄩˊ	0	nonpositive_frequency
氉	ㄙㄠˋ	0	nonpositive_frequency
氊	ㄊㄢˇ	0	nonpositive_frequency
氊	ㄓㄢ	0	nonpositive_frequency
氒	ㄐㄩㄝˊ	0	nonpositive_frequency
氜	ㄧㄤˊ	0	nonpositive_frequency
氭	ㄉㄨㄥ	0	nonpositive_frequency
氱	ㄧㄤˇ	0	nonpositive_frequency
氲	ㄩㄣ	0	nonpositive_frequency
氷	ㄅㄧㄥ	0	nonpositive_frequency
氷	ㄋㄧㄥˊ	0	nonpositive_frequency
氹	ㄉㄤˋ	0	nonpositive_frequency
氼	ㄋㄧˋ	0	nonpositive_frequency
氼	ㄋㄧㄠˋ	0	nonpositive_frequency
汄	ㄗㄜˋ	0	nonpositive_frequency
汅	ㄇㄧㄢˇ	0	nonpositive_frequency
汑	ㄊㄨㄛ	0	nonpositive_frequency
汓	ㄑㄧㄡˊ	0	nonpositive_frequency
汖	ㄆㄛ	0	nonpositive_frequency
汘	ㄑㄧㄢ	0	nonpositive_frequency
汚	ㄨˋ	0	nonpositive_frequency
汚	ㄨㄚ	0	nonpositive_frequency
汬	ㄐㄧㄥˇ	0	nonpositive_frequency
汮	ㄐㄩㄣ	0	nonpositive_frequency
汵	ㄍㄢˋ	0	nonpositive_frequency
汷	ㄓㄨㄥ	0	nonpositive_frequency
汹	ㄒㄩㄥ	0	nonpositive_frequency
汼	ㄋㄧㄡˊ	0	nonpositive_frequency
汿	ㄒㄩˋ	0	nonpositive_frequency
沑	ㄋㄧㄡˇ	0	nonpositive_frequency
沑	ㄋㄩˋ	0	nonpositive_frequency
沗	ㄊㄧㄢ	0	nonpositive_frequency
沘	ㄅㄧˇ	0	nonpositive_frequency
沞	ㄗㄚ	0	nonpositive_frequency
沟	ㄍㄡ	0	nonpositive_frequency
沠	ㄌㄧㄡˊ	0	nonpositive_frequency
没	ㄇㄛˋ	0	nonpositive_frequency
沢	ㄗㄜˊ	0	nonpositive_frequency
沪	ㄏㄨˋ	0	nonpositive_frequency
沯	ㄅㄤ	0	nonpositive_frequency
沯	ㄅㄥˋ	0	nonpositive_frequency
沲	ㄊㄨㄛˊ	0	nonpositive_frequency
沵	ㄌㄧˋ	0	nonpositive_frequency
沵	ㄧˊ	0	nonpositive_frequency
泈	ㄓㄨㄥ	0	nonpositive_frequency
泋	ㄏㄨㄟˇ	0	nonpositive_frequency
泎	ㄐㄧㄠˋ	0	nonpositive_frequency
泘	ㄏㄨ	0	nonpositive_frequency
泟	ㄔㄥ	0	nonpositive_frequency
泤	ㄙˋ	0	nonpositive_frequency
泦	ㄐㄩˊ	0	nonpositive_frequency
泪	ㄌㄟˋ	0	nonpositive_frequency
泴	ㄍㄨㄢˋ	0	nonpositive_frequency
泿	ㄧㄣˊ	0	nonpositive_frequency
洂	ㄧˋ	0	nonpositive_frequency
洂	ㄧㄝˋ	0	nonpositive_frequency
洅	ㄗㄞˋ	0	nonpositive_frequency
洆	ㄔㄥˊ	0	nonpositive_frequency
洓	ㄑㄧˋ	0	nonpositive_frequency
洔	ㄓˋ	0	nonpositive_frequency
洕	ㄧㄣˋ	0	nonpositive_frequency
洜	ㄌㄨㄛˋ	0	nonpositive_frequency
洡	ㄌㄟˇ	0	nonpositive_frequency
洣	ㄇㄧˇ	0	nonpositive_frequency
洤	ㄑㄩㄢˊ	0	nonpositive_frequency
洦	ㄅㄛˊ	0	nonpositive_frequency
浃	ㄐㄧㄚˊ	0	nonpositive_frequency
浄	ㄐㄧㄥˋ	0	nonpositive_frequency
浅	ㄐㄧㄢ	0	nonpositive_frequency
浅	ㄑㄧㄢˇ	0	nonpositive_frequency
浖	ㄌㄧㄝˋ	0	nonpositive_frequency
浗	ㄑㄧㄡˊ	0	nonpositive_frequency
浛	ㄏㄢˋ	0	nonpositive_frequency
浜	ㄅㄧㄣ	0	nonpositive_frequency
浜	ㄆㄧㄣˊ	0	nonpositive_frequency
浝	ㄇㄤˊ	0	nonpositive_frequency
浞	ㄓㄨㄛˊ	0	nonpositive_frequency
浫	ㄏㄢˇ	0	nonpositive_frequency
浱	ㄔㄨㄣˊ	0	nonpositive_frequency
浲	ㄅㄥˇ	0	nonpositive_frequency
浳	ㄧˋ	0	nonpositive_frequency
涁	ㄕㄣˋ	0	nonpositive_frequency
涏	ㄊㄧㄥˇ	0	nonpositive_frequency
涖	ㄌㄧˋ	0	nonpositive_frequency
涙	ㄌㄟˋ	0	nonpositive_frequency
涚	ㄕㄨㄟˋ	0	nonpositive_frequency
涛	ㄊㄠ	0	nonpositive_frequency
涛	ㄊㄠˊ	0	nonpositive_frequency
涭	ㄕㄡˋ	0	nonpositive_frequency
涰	ㄔㄨㄛˋ	0	nonpositive_frequency
涱	ㄓㄤˇ	0	nonpositive_frequency
涶	ㄊㄨㄛ	0	nonpositive_frequency
涹	ㄨㄛ	0	nonpositive_frequency
涽	ㄏㄨㄣ	0	nonpositive_frequency
涾	ㄊㄚˋ	0	nonpositive_frequency
涿	ㄓㄨㄛ	0	nonpositive_frequency
淁	ㄐㄧˊ	0	nonpositive_frequency
淁	ㄑㄧㄝˋ	0	nonpositive_frequency
淂	ㄉㄜˊ	0	nonpositive_frequency
淃	ㄐㄩㄢˋ	0	nonpositive_frequency
淎	ㄆㄥˇ	0	nonpositive_frequency
淧	ㄇㄧˋ	0	nonpositive_frequency
淸	ㄑㄧㄥ	0	nonpositive_frequency
淾	ㄧㄣˇ	0	nonpositive_frequency
淿	ㄍㄨˇ	0	nonpositive_frequency
淿	ㄩˋ	0	nonpositive_frequency
渁	ㄩㄢ	0	nonpositive_frequency
渂	ㄨㄣˊ	0	nonpositive_frequency
渄	ㄈㄟ	0	nonpositive_frequency
渆	ㄩㄢ	0	nonpositive_frequency
渇	ㄎㄜˇ	0	nonpositive_frequency
渇	ㄐㄧㄝˊ	0	nonpositive_frequency
済	ㄐㄧˇ	0	nonpositive_frequency
渉	ㄕㄜˋ	0	nonpositive_frequency
渊	ㄩㄢ	0	nonpositive_frequency
渋	ㄙㄜˋ	0	nonpositive_frequency
渌	ㄌㄨˋ	0	nonpositive_frequency
渒	ㄆㄧˊ	0	nonpositive_frequency
渗	ㄕㄣˋ	0	nonpositive_frequency
渘	ㄖㄡˊ	0	nonpositive_frequency
渞	ㄑㄧㄡˊ	0	nonpositive_frequency
温	ㄨㄣ	0	nonpositive_frequency
渪	ㄖㄨˊ	0	nonpositive_frequency
渵	ㄇㄠˊ	0	nonpositive_frequency
渶	ㄧㄥ	0	nonpositive_frequency
渷	ㄧㄢˇ	0	nonpositive_frequency
湂	ㄜˋ	0	nonpositive_frequency
湈	ㄇㄟˊ	0	nonpositive_frequency
湌	ㄘㄢ	0	nonpositive_frequency
湏	ㄏㄨㄟˋ	0	nonpositive_frequency
湐	ㄅㄛˊ	0	nonpositive_frequency
湗	ㄈㄥ	0	nonpositive_frequency
湙	ㄧˋ	0	nonpositive_frequency
湪	ㄊㄨㄢˋ	0	nonpositive_frequency
湬	ㄐㄧㄠˇ	0	nonpositive_frequency
湬	ㄐㄧㄡ	0	nonpositive_frequency
湭	ㄑㄧㄡˊ	0	nonpositive_frequency
湰	ㄌㄨㄥˊ	0	nonpositive_frequency
湵	ㄧㄡˇ	0	nonpositive_frequency
湶	ㄑㄩㄢˊ	0	nonpositive_frequency
湻	ㄔㄨㄣˊ	0	nonpositive_frequency
湾	ㄨㄢ	0	nonpositive_frequency
満	ㄇㄢˇ	0	nonpositive_frequency
溆	ㄒㄩˋ	0	nonpositive_frequency
溑	ㄙㄨㄛˇ	0	nonpositive_frequency
溓	ㄌㄧㄢˊ	0	nonpositive_frequency
溕	ㄇㄥˊ	0	nonpositive_frequency
溚	ㄉㄚ	0	nonpositive_frequency
溚	ㄊㄚˇ	0	nonpositive_frequency
溨	ㄘㄞˊ	0	nonpositive_frequency
溩	ㄨˋ	0	nonpositive_frequency
溪	ㄑㄧ	0	nonpositive_frequency
溬	ㄑㄧㄤ	0	nonpositive_frequency
溭	ㄗㄜˊ	0	nonpositive_frequency
溵	ㄧㄣ	0	nonpositive_frequency
溸	ㄙㄨˋ	0	nonpositive_frequency
溻	ㄊㄚ	0	nonpositive_frequency
滗	ㄅㄧˇ	0	nonpositive_frequency
滙	ㄏㄨㄟˋ	0	nonpositive_frequency
滚	ㄍㄨㄣˇ	0	nonpositive_frequency
滛	ㄧㄣˊ	0	nonpositive_frequency
滝	ㄌㄨㄥˊ	0	nonpositive_frequency
滝	ㄕㄨㄤ	0	nonpositive_frequency
滣	ㄔㄨㄣˊ	0	nonpositive_frequency
滦	ㄌㄨㄢˊ	0	nonpositive_frequency
滨	ㄅㄧㄣ	0	nonpositive_frequency
滨	ㄆㄧㄣˊ	0	nonpositive_frequency
滩	ㄊㄢ	0	nonpositive_frequency
滰	ㄐㄧㄤˋ	0	nonpositive_frequency
滳	ㄕㄤ	0	nonpositive_frequency
滺	ㄧㄡˊ	0	nonpositive_frequency
漄	ㄧㄚˊ	0	nonpositive_frequency
漋	ㄌㄨㄥˊ	0	nonpositive_frequency
漌	ㄐㄧㄣˇ	0	nonpositive_frequency
漐	ㄓˊ	0	nonpositive_frequency
漑	ㄍㄞˋ	0	nonpositive_frequency
漖	ㄐㄧㄠˋ	0	nonpositive_frequency
漗	ㄘㄨㄥ	0	nonpositive_frequency
漛	ㄊㄥˊ	0	nonpositive_frequency
漝	ㄒㄧˊ	0	nonpositive_frequency
漤	ㄌㄢˇ	0	nonpositive_frequency
漨	ㄅㄥˇ	0	nonpositive_frequency
漴	ㄓㄨㄤˋ	0	nonpositive_frequency
漽	ㄊㄧˊ	0	nonpositive_frequency
潂	ㄏㄨㄥˊ	0	nonpositive_frequency
潄	ㄕㄨˋ	0	nonpositive_frequency
潅	ㄍㄨㄢˋ	0	nonpositive_frequency
潊	ㄒㄩˋ	0	nonpositive_frequency
潖	ㄆㄚˊ	0	nonpositive_frequency
潙	ㄍㄨㄟ	0	nonpositive_frequency
潙	ㄨㄟˊ	0	nonpositive_frequency
潜	ㄑㄧㄢˇ	0	nonpositive_frequency
潥	ㄙㄨˋ	0	nonpositive_frequency
潨	ㄓㄨㄥˋ	0	nonpositive_frequency
潫	ㄨㄢ	0	nonpositive_frequency
潱	ㄧㄣ	0	nonpositive_frequency
潴	ㄓㄨ	0	nonpositive_frequency
潵	ㄙㄢˇ	0	nonpositive_frequency
潹	ㄔㄢˊ	0	nonpositive_frequency
澁	ㄙㄜˋ	0	nonpositive_frequency
澃	ㄐㄩㄥˋ	0	nonpositive_frequency
澉	ㄍㄢˇ	0	nonpositive_frequency
澊	ㄘㄨㄣ	0	nonpositive_frequency
澏	ㄏㄢˋ	0	nonpositive_frequency
澑	ㄌㄧㄡ	0	nonpositive_frequency
澑	ㄌㄧㄡˋ	0	nonpositive_frequency
澘	ㄕㄢ	0	nonpositive_frequency
澟	ㄌㄧㄣˇ	0	nonpositive_frequency
澫	ㄇㄢˋ	0	nonpositive_frequency
澵	ㄑㄧㄣ	0	nonpositive_frequency
澵	ㄓㄣ	0	nonpositive_frequency
澷	ㄇㄢˊ	0	nonpositive_frequency
澻	ㄙㄨㄟˋ	0	nonpositive_frequency
澾	ㄊㄚˋ	0	nonpositive_frequency
濅	ㄐㄧㄣ	0	nonpositive_frequency
濅	ㄐㄧㄣˋ	0	nonpositive_frequency
濐	ㄓㄨˇ	0	nonpositive_frequency
濓	ㄌㄧㄢˊ	0	nonpositive_frequency
濖	ㄕㄨˋ	0	nonpositive_frequency
濗	ㄇㄧˋ	0	nonpositive_frequency
濙	ㄧㄥˊ	0	nonpositive_frequency
濚	ㄖㄨㄥˊ	0	nonpositive_frequency
濚	ㄧㄥˊ	0	nonpositive_frequency
濝	ㄑㄧˊ	0	nonpositive_frequency
濥	ㄧㄣˇ	0	nonpositive_frequency
濪	ㄑㄧㄥˋ	0	nonpositive_frequency
濳	ㄑㄧㄢˇ	0	nonpositive_frequency
濵	ㄅㄧㄣ	0	nonpositive_frequency
濵	ㄆㄧㄣˊ	0	nonpositive_frequency
濶	ㄎㄨㄛˋ	0	nonpositive_frequency
濽	ㄗㄢˋ	0	nonpositive_frequency
瀂	ㄌㄨˇ	0	nonpositive_frequency
瀃	ㄙˋ	0	nonpositive_frequency
瀈	ㄏㄨㄟ	0	nonpositive_frequency
瀐	ㄐㄧㄢ	0	nonpositive_frequency
瀒	ㄙㄜˋ	0	nonpositive_frequency
瀓	ㄓㄥ	0	nonpositive_frequency
瀓	ㄔㄥˊ	0	nonpositive_frequency
瀞	ㄐㄧㄥˋ	0	nonpositive_frequency
瀥	ㄍㄠˇ	0	nonpositive_frequency
瀬	ㄌㄞˋ	0	nonpositive_frequency
瀱	ㄐㄧˋ	0	nonpositive_frequency
瀶	ㄌㄧㄣˊ	0	nonpositive_frequency
瀸	ㄐㄧㄢ	0	nonpositive_frequency
瀽	ㄐㄧㄢˇ	0	nonpositive_frequency
灇	ㄓㄨㄥˋ	0	nonpositive_frequency
灋	ㄈㄚ	0	nonpositive_frequency
灋	ㄈㄚˇ	0	nonpositive_frequency
灍	ㄑㄩㄝˋ	0	nonpositive_frequency
灓	ㄌㄨㄢˊ	0	nonpositive_frequency
灔	ㄧㄢˋ	0	nonpositive_frequency
灙	ㄉㄤˇ	0	nonpositive_frequency
灧	ㄧㄢˋ	0	nonpositive_frequency
灬	ㄏㄨㄛˇ	0	nonpositive_frequency
灮	ㄍㄨㄤ	0	nonpositive_frequency
灯	ㄉㄥ	0	nonpositive_frequency
灲	ㄉㄠ	0	nonpositive_frequency
灲	ㄑㄧㄝˋ	0	nonpositive_frequency
灲	ㄒㄧㄠ	0	nonpositive_frequency
灳	ㄏㄨㄟ	0	nonpositive_frequency
灵	ㄌㄧㄥˊ	0	nonpositive_frequency
灷	ㄓㄨㄢˋ	0	nonpositive_frequency
灹	ㄓㄚˋ	0	nonpositive_frequency
灻	ㄔˋ	0	nonpositive_frequency
灾	ㄗㄞ	0	nonpositive_frequency
炁	ㄑㄧˋ	0	nonpositive_frequency
炇	ㄆㄨ	0	nonpositive_frequency
炈	ㄧˋ	0	nonpositive_frequency
炉	ㄌㄨˊ	0	nonpositive_frequency
炋	ㄆㄧ	0	nonpositive_frequency
炌	ㄍㄞ	0	nonpositive_frequency
炌	ㄎㄞˋ	0	nonpositive_frequency
炍	ㄆㄢˋ	0	nonpositive_frequency
炏	ㄧㄢˊ	0	nonpositive_frequency
炐	ㄆㄤˋ	0	nonpositive_frequency
炗	ㄍㄨㄤ	0	nonpositive_frequency
炛	ㄍㄥˇ	0	nonpositive_frequency
炛	ㄍㄨㄤ	0	nonpositive_frequency
炛	ㄏㄨㄛˇ	0	nonpositive_frequency
炠	ㄒㄧㄚˊ	0	nonpositive_frequency
炢	ㄓㄨˊ	0	nonpositive_frequency
炣	ㄎㄜˇ	0	nonpositive_frequency
炥	ㄈㄨˊ	0	nonpositive_frequency
炦	ㄅㄚˊ	0	nonpositive_frequency
炧	ㄉㄨㄛˋ	0	nonpositive_frequency
炧	ㄊㄚ	0	nonpositive_frequency
炧	ㄊㄨㄛ	0	nonpositive_frequency
炨	ㄉㄨㄛˋ	0	nonpositive_frequency
炨	ㄊㄚ	0	nonpositive_frequency
炨	ㄊㄨㄛ	0	nonpositive_frequency
炪	ㄓㄨㄛˊ	0	nonpositive_frequency
炪	ㄔㄨˋ	0	nonpositive_frequency
炲	ㄉㄞˇ	0	nonpositive_frequency
炶	ㄕㄢˋ	0	nonpositive_frequency
点	ㄉㄧㄢˇ	0	nonpositive_frequency
炻	ㄕˊ	0	nonpositive_frequency
烀	ㄏㄨ	0	nonpositive_frequency
烄	ㄐㄧㄠˇ	0	nonpositive_frequency
烉	ㄏㄨㄢˋ	0	nonpositive_frequency
烌	ㄒㄧㄡ	0	nonpositive_frequency
烐	ㄓㄡ	0	nonpositive_frequency
烕	ㄇㄧㄝˋ	0	nonpositive_frequency
烖	ㄗㄞ	0	nonpositive_frequency
烛	ㄓㄨˊ	0	nonpositive_frequency
烛	ㄔㄨㄥˊ	0	nonpositive_frequency
烟	ㄧㄢ	0	nonpositive_frequency
烣	ㄏㄨㄟ	0	nonpositive_frequency
烮	ㄌㄧㄝˋ	0	nonpositive_frequency
烱	ㄐㄩㄥˇ	0	nonpositive_frequency
烲	ㄒㄧㄝˋ	0	nonpositive_frequency
烲	ㄓㄜˊ	0	nonpositive_frequency
烵	ㄓㄨㄛˊ	0	nonpositive_frequency
烶	ㄊㄧㄥˇ	0	nonpositive_frequency
烾	ㄔˋ	0	nonpositive_frequency
焁	ㄒㄧ	0	nonpositive_frequency
焃	ㄏㄜˋ	0	nonpositive_frequency
焅	ㄎㄠˋ	0	nonpositive_frequency
焇	ㄒㄧㄠ	0	nonpositive_frequency
焈	ㄒㄧ	0	nonpositive_frequency
焈	ㄧˊ	0	nonpositive_frequency
焏	ㄐㄧˊ	0	nonpositive_frequency
焝	ㄏㄨㄣˋ	0	nonpositive_frequency
焤	ㄈㄨˇ	0	nonpositive_frequency
焧	ㄗㄨㄥˇ	0	nonpositive_frequency
焪	ㄑㄩㄥ	0	nonpositive_frequency
焫	ㄖㄜˋ	0	nonpositive_frequency
焫	ㄖㄨㄛˋ	0	nonpositive_frequency
焬	ㄒㄧ	0	nonpositive_frequency
焭	ㄑㄩㄥˊ	0	nonpositive_frequency
焳	ㄐㄩㄝˊ	0	nonpositive_frequency
焴	ㄩˋ	0	nonpositive_frequency
焵	ㄍㄤˋ	0	nonpositive_frequency
焷	ㄆㄧˊ	0	nonpositive_frequency
焸	ㄒㄩㄥˋ	0	nonpositive_frequency
煅	ㄉㄨㄢˋ	0	nonpositive_frequency
煈	ㄈㄥˋ	0	nonpositive_frequency
煊	ㄋㄨㄢˇ	0	nonpositive_frequency
煊	ㄒㄩㄢ	0	nonpositive_frequency
煏	ㄅㄧˋ	0	nonpositive_frequency
煑	ㄓㄨˇ	0	nonpositive_frequency
煗	ㄋㄨㄢˇ	0	nonpositive_frequency
煗	ㄒㄩㄢ	0	nonpositive_frequency
煛	ㄐㄩㄥˇ	0	nonpositive_frequency
煫	ㄙㄨㄟˋ	0	nonpositive_frequency
煭	ㄌㄧㄝˋ	0	nonpositive_frequency
煯	ㄐㄧㄝ	0	nonpositive_frequency
煴	ㄩㄣˊ	0	nonpositive_frequency
煹	ㄍㄡˋ	0	nonpositive_frequency
煺	ㄊㄨㄟ	0	nonpositive_frequency
煼	ㄔㄠˇ	0	nonpositive_frequency
煾	ㄠˊ	0	nonpositive_frequency
煿	ㄅㄛˊ	0	nonpositive_frequency
熃	ㄨˋ	0	nonpositive_frequency
熈	ㄒㄧ	0	nonpositive_frequency
熈	ㄧˊ	0	nonpositive_frequency
熋	ㄋㄞˊ	0	nonpositive_frequency
熋	ㄒㄩㄥˊ	0	nonpositive_frequency
熌	ㄕㄢˋ	0	nonpositive_frequency
熍	ㄑㄩㄥ	0	nonpositive_frequency
熎	ㄧㄠˋ	0	nonpositive_frequency
熑	ㄌㄧㄢˊ	0	nonpositive_frequency
熑	ㄑㄧㄢ	0	nonpositive_frequency
熢	ㄈㄥ	0	nonpositive_frequency
熣	ㄘㄨㄟˇ	0	nonpositive_frequency
熣	ㄙㄨㄟ	0	nonpositive_frequency
熦	ㄐㄩㄝˊ	0	nonpositive_frequency
熫	ㄐㄧㄡˇ	0	nonpositive_frequency
熫	ㄓˋ	0	nonpositive_frequency
熭	ㄨㄟˋ	0	nonpositive_frequency
熮	ㄌㄧㄠˊ	0	nonpositive_frequency
熶	ㄘㄨㄢˋ	0	nonpositive_frequency
熷	ㄗㄥ	0	nonpositive_frequency
熺	ㄒㄧ	0	nonpositive_frequency
熻	ㄒㄧ	0	nonpositive_frequency
燌	ㄈㄣˊ	0	nonpositive_frequency
燍	ㄒㄧ	0	nonpositive_frequency
燑	ㄊㄨㄥˊ	0	nonpositive_frequency
燓	ㄈㄣˊ	0	nonpositive_frequency
燗	ㄌㄢˋ	0	nonpositive_frequency
燣	ㄌㄢˇ	0	nonpositive_frequency
燩	ㄑㄩㄝˋ	0	nonpositive_frequency
燪	ㄗㄨㄥˇ	0	nonpositive_frequency
燫	ㄌㄧㄢˊ	0	nonpositive_frequency
燫	ㄑㄧㄢ	0	nonpositive_frequency
燯	ㄌㄧㄥˊ	0	nonpositive_frequency
燳	ㄓㄠˋ	0	nonpositive_frequency
燺	ㄎㄠˇ	0	nonpositive_frequency
爀	ㄏㄜˊ	0	nonpositive_frequency
爀	ㄔˋ	0	nonpositive_frequency
爄	ㄌㄧˋ	0	nonpositive_frequency
爄	ㄌㄧㄝˋ	0	nonpositive_frequency
爈	ㄌㄩˊ	0	nonpositive_frequency
爉	ㄌㄚˋ	0	nonpositive_frequency
爋	ㄒㄩㄣ	0	nonpositive_frequency
爋	ㄒㄩㄣˋ	0	nonpositive_frequency
爏	ㄌㄧˋ	0	nonpositive_frequency
爑	ㄐㄩㄝˊ	0	nonpositive_frequency
爒	ㄌㄧㄠˇ	0	nonpositive_frequency
爕	ㄒㄧㄝ	0	nonpositive_frequency
爕	ㄒㄧㄝˋ	0	nonpositive_frequency
爖	ㄌㄨㄥˊ	0	nonpositive_frequency
爗	ㄏㄨㄚˊ	0	nonpositive_frequency
爗	ㄧㄝˋ	0	nonpositive_frequency
爜	ㄘㄨㄥˊ	0	nonpositive_frequency
爠	ㄧㄠˋ	0	nonpositive_frequency
爡	ㄊㄚˋ	0	nonpositive_frequency
爤	ㄌㄢˋ	0	nonpositive_frequency
爥	ㄓㄨˊ	0	nonpositive_frequency
爫	ㄓㄠˇ	0	nonpositive_frequency
爫	ㄓㄨㄚˇ	0	nonpositive_frequency
爮	ㄆㄠˊ	0	nonpositive_frequency
爯	ㄔㄥ	0	nonpositive_frequency
爲	ㄨㄟˊ	0	nonpositive_frequency
爴	ㄐㄩㄝˊ	0	nonpositive_frequency
爼	ㄗㄨˇ	0	nonpositive_frequency
牀	ㄔㄨㄤˊ	0	nonpositive_frequency
牃	ㄧㄝˋ	0	nonpositive_frequency
牅	ㄩㄥ	0	nonpositive_frequency
牅	ㄩㄥˊ	0	nonpositive_frequency
牎	ㄔㄨㄤ	0	nonpositive_frequency
牐	ㄓㄚˊ	0	nonpositive_frequency
牑	ㄅㄧㄢ	0	nonpositive_frequency
牑	ㄇㄧㄢˋ	0	nonpositive_frequency
牔	ㄅㄛˊ	0	nonpositive_frequency
牕	ㄔㄨㄤ	0	nonpositive_frequency
牗	ㄧㄡˇ	0	nonpositive_frequency
牥	ㄈㄤ	0	nonpositive_frequency
牦	ㄇㄠˊ	0	nonpositive_frequency
牨	ㄔㄣˊ	0	nonpositive_frequency
牫	ㄍㄜ	0	nonpositive_frequency
牭	ㄙˋ	0	nonpositive_frequency
牱	ㄍㄜ	0	nonpositive_frequency
牺	ㄒㄧ	0	nonpositive_frequency
犂	ㄌㄧˊ	0	nonpositive_frequency
犃	ㄆㄡˇ	0	nonpositive_frequency
犇	ㄅㄣ	0	nonpositive_frequency
犇	ㄅㄣˋ	0	nonpositive_frequency
犏	ㄆㄧㄢ	0	nonpositive_frequency
犔	ㄒㄧˋ	0	nonpositive_frequency
犙	ㄙㄢ	0	nonpositive_frequency
犜	ㄉㄨㄣ	0	nonpositive_frequency
犟	ㄐㄧㄤˋ	0	nonpositive_frequency
犫	ㄔㄡ	0	nonpositive_frequency
犭	ㄑㄩㄢˇ	0	nonpositive_frequency
犮	ㄅㄚˊ	0	nonpositive_frequency
犱	ㄐㄧˇ	0	nonpositive_frequency
犲	ㄔㄞˊ	0	nonpositive_frequency
犳	ㄓㄨㄛˊ	0	nonpositive_frequency
状	ㄓㄨㄤˋ	0	nonpositive_frequency
犹	ㄧㄡˊ	0	nonpositive_frequency
犻	ㄅㄛˊ	0	nonpositive_frequency
犼	ㄏㄡˇ	0	nonpositive_frequency
犾	ㄧㄣˊ	0	nonpositive_frequency
狇	ㄇㄨˋ	0	nonpositive_frequency
狍	ㄆㄠˊ	0	nonpositive_frequency
狏	ㄧˊ	0	nonpositive_frequency
狓	ㄆㄧ	0	nonpositive_frequency
狕	ㄠˇ	0	nonpositive_frequency
狛	ㄆㄛˋ	0	nonpositive_frequency
狝	ㄇㄧˊ	0	nonpositive_frequency
狢	ㄇㄛˋ	0	nonpositive_frequency
狢	ㄌㄨㄛˋ	0	nonpositive_frequency
狥	ㄒㄩㄣˊ	0	nonpositive_frequency
狧	ㄊㄚˋ	0	nonpositive_frequency
独	ㄉㄨˊ	0	nonpositive_frequency
狭	ㄒㄧㄚˊ	0	nonpositive_frequency
狵	ㄉㄡˋ	0	nonpositive_frequency
猂	ㄏㄢˋ	0	nonpositive_frequency
猄	ㄐㄧㄥ	0	nonpositive_frequency
猅	ㄆㄞˊ	0	nonpositive_frequency
猆	ㄈㄟ	0	nonpositive_frequency
猉	ㄑㄧˊ	0	nonpositive_frequency
猍	ㄌㄧˊ	0	nonpositive_frequency
猎	ㄌㄧㄝˋ	0	nonpositive_frequency
猐	ㄑㄧㄤ	0	nonpositive_frequency
猔	ㄗㄨㄥˋ	0	nonpositive_frequency
猕	ㄇㄧˇ	0	nonpositive_frequency
猚	ㄧㄚˊ	0	nonpositive_frequency
猤	ㄎㄨㄟˇ	0	nonpositive_frequency
猨	ㄩㄢˊ	0	nonpositive_frequency
猪	ㄓㄨ	0	nonpositive_frequency
猫	ㄇㄠ	0	nonpositive_frequency
猬	ㄨㄟˋ	0	nonpositive_frequency
献	ㄒㄧㄢˋ	0	nonpositive_frequency
猯	ㄊㄨㄢ	0	nonpositive_frequency
猸	ㄇㄟˊ	0	nonpositive_frequency
猽	ㄇㄧㄥˊ	0	nonpositive_frequency
獁	ㄇㄚˋ	0	nonpositive_frequency
獆	ㄍㄠ	0	nonpositive_frequency
獆	ㄏㄠˊ	0	nonpositive_frequency
獉	ㄓㄣ	0	nonpositive_frequency
獊	ㄔㄨㄤˋ	0	nonpositive_frequency
獋	ㄍㄠ	0	nonpositive_frequency
獋	ㄏㄠˊ	0	nonpositive_frequency
獌	ㄇㄢˋ	0	nonpositive_frequency
獍	ㄐㄧㄥˋ	0	nonpositive_frequency
獏	ㄇㄛˋ	0	nonpositive_frequency
獓	ㄠˊ	0	nonpositive_frequency
獔	ㄍㄠ	0	nonpositive_frequency
獔	ㄏㄠˊ	0	nonpositive_frequency
獕	ㄘㄨㄟ	0	nonpositive_frequency
獖	ㄅㄣˋ	0	nonpositive_frequency
獜	ㄌㄧㄣˊ	0	nonpositive_frequency
獱	ㄅㄧㄢ	0	nonpositive_frequency
獲	ㄏㄨㄞˊ	0	nonpositive_frequency
獴	ㄇㄥˊ	0	nonpositive_frequency
獹	ㄌㄨˊ	0	nonpositive_frequency
率	ㄕㄨㄛˋ	0	nonpositive_frequency
玌	ㄅㄚ	0	nonpositive_frequency
玍	ㄍㄚˇ	0	nonpositive_frequency
玏	ㄌㄜˋ	0	nonpositive_frequency
玐	ㄐㄧㄡˋ	0	nonpositive_frequency
玘	ㄑㄧˇ	0	nonpositive_frequency
玜	ㄍㄤ	0	nonpositive_frequency
玜	ㄍㄨㄥ	0	nonpositive_frequency
玞	ㄈㄨ	0	nonpositive_frequency
玣	ㄅㄧㄢˋ	0	nonpositive_frequency
玧	ㄇㄣˊ	0	nonpositive_frequency
玪	ㄌㄧㄣˊ	0	nonpositive_frequency
环	ㄏㄨㄢˊ	0	nonpositive_frequency
玺	ㄒㄧ	0	nonpositive_frequency
玺	ㄒㄧˇ	0	nonpositive_frequency
玽	ㄍㄡˋ	0	nonpositive_frequency
珁	ㄘˊ	0	nonpositive_frequency
珄	ㄕㄥ	0	nonpositive_frequency
珉	ㄇㄧㄣˊ	0	nonpositive_frequency
珉	ㄨㄣˊ	0	nonpositive_frequency
珎	ㄓㄣ	0	nonpositive_frequency
珏	ㄐㄩㄝˊ	0	nonpositive_frequency
珏	ㄩˋ	0	nonpositive_frequency
珐	ㄈㄚˇ	0	nonpositive_frequency
珕	ㄌㄧˋ	0	nonpositive_frequency
珟	ㄙㄨˋ	0	nonpositive_frequency
珡	ㄑㄧㄣˊ	0	nonpositive_frequency
珢	ㄍㄣˋ	0	nonpositive_frequency
珤	ㄅㄠˇ	0	nonpositive_frequency
珦	ㄒㄧㄤˋ	0	nonpositive_frequency
珬	ㄒㄩˋ	0	nonpositive_frequency
珳	ㄨㄣˊ	0	nonpositive_frequency
珷	ㄨˇ	0	nonpositive_frequency
珹	ㄔㄥˊ	0	nonpositive_frequency
珻	ㄇㄟˊ	0	nonpositive_frequency
琂	ㄧㄢˊ	0	nonpositive_frequency
琔	ㄉㄧㄢˋ	0	nonpositive_frequency
琕	ㄆㄧㄣˊ	0	nonpositive_frequency
琗	ㄘㄨㄟˋ	0	nonpositive_frequency
琘	ㄇㄧㄣˊ	0	nonpositive_frequency
琘	ㄨㄣˊ	0	nonpositive_frequency
琙	ㄩˋ	0	nonpositive_frequency
琜	ㄌㄞˊ	0	nonpositive_frequency
琞	ㄕㄥˋ	0	nonpositive_frequency
琟	ㄨㄟˊ	0	nonpositive_frequency
琧	ㄜˋ	0	nonpositive_frequency
琸	ㄓㄨㄛˊ	0	nonpositive_frequency
琹	ㄑㄧㄣˊ	0	nonpositive_frequency
琼	ㄑㄩㄥˊ	0	nonpositive_frequency
琽	ㄉㄨˇ	0	nonpositive_frequency
琾	ㄐㄧㄝˋ	0	nonpositive_frequency
瑃	ㄓㄨㄢˋ	0	nonpositive_frequency
瑅	ㄊㄧˊ	0	nonpositive_frequency
瑇	ㄉㄞˋ	0	nonpositive_frequency
瑈	ㄖㄡˊ	0	nonpositive_frequency
瑉	ㄇㄧㄣˊ	0	nonpositive_frequency
瑉	ㄨㄣˊ	0	nonpositive_frequency
瑌	ㄖㄨˊ	0	nonpositive_frequency
瑌	ㄖㄨㄢˇ	0	nonpositive_frequency
瑓	ㄌㄧㄢˋ	0	nonpositive_frequency
瑖	ㄉㄨㄢˋ	0	nonpositive_frequency
瑘	ㄧㄝˊ	0	nonpositive_frequency
瑝	ㄏㄨㄤˊ	0	nonpositive_frequency
瑠	ㄌㄧㄡˊ	0	nonpositive_frequency
瑥	ㄨㄣ	0	nonpositive_frequency
瑦	ㄨˇ	0	nonpositive_frequency
瑨	ㄐㄧㄣˋ	0	nonpositive_frequency
瑫	ㄊㄠ	0	nonpositive_frequency
瑬	ㄌㄧㄡˊ	0	nonpositive_frequency
瑴	ㄐㄩㄝˊ	0	nonpositive_frequency
瑴	ㄩˋ	0	nonpositive_frequency
瑶	ㄧㄠˊ	0	nonpositive_frequency
瑺	ㄔㄤˊ	0	nonpositive_frequency
瑻	ㄎㄨㄣ	0	nonpositive_frequency
璂	ㄑㄧˊ	0	nonpositive_frequency
璄	ㄐㄧㄥˇ	0	nonpositive_frequency
璌	ㄧㄣˊ	0	nonpositive_frequency
璏	ㄓˋ	0	nonpositive_frequency
璑	ㄨˊ	0	nonpositive_frequency
璓	ㄒㄧㄡˋ	0	nonpositive_frequency
璖	ㄐㄩˋ	0	nonpositive_frequency
璙	ㄌㄧㄠˊ	0	nonpositive_frequency
璛	ㄙㄨˋ	0	nonpositive_frequency
璝	ㄍㄨㄟ	0	nonpositive_frequency
璝	ㄍㄨㄟˋ	0	nonpositive_frequency
璢	ㄌㄧㄡˊ	0	nonpositive_frequency
璬	ㄐㄧㄠˇ	0	nonpositive_frequency
璮	ㄊㄢˇ	0	nonpositive_frequency
璳	ㄊㄧㄢˊ	0	nonpositive_frequency
璹	ㄕㄡˋ	0	nonpositive_frequency
璼	ㄌㄢˊ	0	nonpositive_frequency
瓄	ㄉㄨˊ	0	nonpositive_frequency
瓆	ㄓˊ	0	nonpositive_frequency
瓇	ㄖㄡˊ	0	nonpositive_frequency
瓈	ㄌㄧˊ	0	nonpositive_frequency
瓉	ㄗㄢˋ	0	nonpositive_frequency
瓌	ㄍㄨㄟ	0	nonpositive_frequency
瓌	ㄍㄨㄟˋ	0	nonpositive_frequency
瓍	ㄙㄨㄟˊ	0	nonpositive_frequency
瓎	ㄌㄚˋ	0	nonpositive_frequency
瓐	ㄌㄨˊ	0	nonpositive_frequency
瓑	ㄌㄧˋ	0	nonpositive_frequency
瓓	ㄌㄢˋ	0	nonpositive_frequency
瓪	ㄅㄢˇ	0	nonpositive_frequency
瓫	ㄆㄣˊ	0	nonpositive_frequency
瓭	ㄉㄢˇ	0	nonpositive_frequency
瓳	ㄏㄨˊ	0	nonpositive_frequency
瓹	ㄐㄩㄢ	0	nonpositive_frequency
瓹	ㄐㄩㄢˋ	0	nonpositive_frequency
瓺	ㄔㄤˊ	0	nonpositive_frequency
甁	ㄆㄧㄥˊ	0	nonpositive_frequency
甆	ㄘˊ	0	nonpositive_frequency
甉	ㄒㄧㄢˊ	0	nonpositive_frequency
甊	ㄌㄡˇ	0	nonpositive_frequency
甎	ㄓㄨㄢ	0	nonpositive_frequency
甓	ㄆㄧˋ	0	nonpositive_frequency
甛	ㄊㄧㄢˊ	0	nonpositive_frequency
甞	ㄔㄤˊ	0	nonpositive_frequency
甠	ㄑㄧㄥˊ	0	nonpositive_frequency
産	ㄔㄢˇ	0	nonpositive_frequency
甤	ㄖㄨㄟˊ	0	nonpositive_frequency
甧	ㄕㄣ	0	nonpositive_frequency
甶	ㄈㄨˊ	0	nonpositive_frequency
画	ㄏㄨㄚˋ	0	nonpositive_frequency
畁	ㄅㄧˋ	0	nonpositive_frequency
畂	ㄇㄡˇ	0	nonpositive_frequency
畃	ㄒㄩㄣˊ	0	nonpositive_frequency
畄	ㄌㄧㄡˊ	0	nonpositive_frequency
畆	ㄇㄡˇ	0	nonpositive_frequency
畉	ㄈㄨˊ	0	nonpositive_frequency
畊	ㄍㄥ	0	nonpositive_frequency
畊	ㄐㄧㄥ	0	nonpositive_frequency
畍	ㄐㄧㄝˋ	0	nonpositive_frequency
畐	ㄈㄨˊ	0	nonpositive_frequency
畕	ㄐㄧㄤ	0	nonpositive_frequency
畖	ㄨㄚ	0	nonpositive_frequency
畗	ㄈㄨˊ	0	nonpositive_frequency
畘	ㄋㄢˊ	0	nonpositive_frequency
畞	ㄇㄡˇ	0	nonpositive_frequency
畡	ㄍㄞ	0	nonpositive_frequency
畡	ㄏㄞˊ	0	nonpositive_frequency
畧	ㄌㄩㄝˋ	0	nonpositive_frequency
畨	ㄆㄛˊ	0	nonpositive_frequency
畨	ㄆㄢ	0	nonpositive_frequency
畭	ㄕㄜ	0	nonpositive_frequency
畭	ㄩˊ	0	nonpositive_frequency
畮	ㄇㄡˇ	0	nonpositive_frequency
畱	ㄌㄧㄡˊ	0	nonpositive_frequency
畲	ㄕㄜ	0	nonpositive_frequency
畲	ㄩˊ	0	nonpositive_frequency
畵	ㄏㄨㄚˋ	0	nonpositive_frequency
當	ㄉㄤˇ	0	nonpositive_frequency
畺	ㄐㄧㄤ	0	nonpositive_frequency
畻	ㄔㄥˊ	0	nonpositive_frequency
畼	ㄔㄤˋ	0	nonpositive_frequency
疁	ㄌㄧㄡˊ	0	nonpositive_frequency
疃	ㄊㄨㄢˇ	0	nonpositive_frequency
疅	ㄐㄧㄤ	0	nonpositive_frequency
疈	ㄆㄧˋ	0	nonpositive_frequency
疉	ㄉㄚˊ	0	nonpositive_frequency
疉	ㄉㄧㄝˊ	0	nonpositive_frequency
疎	ㄕㄨ	0	nonpositive_frequency
疎	ㄕㄨˋ	0	nonpositive_frequency
疒	ㄔㄨㄤˊ	0	nonpositive_frequency
疓	ㄋㄞˇ	0	nonpositive_frequency
疛	ㄓㄡˇ	0	nonpositive_frequency
疜	ㄒㄧㄚˋ	0	nonpositive_frequency
疞	ㄓㄨㄤ	0	nonpositive_frequency
疦	ㄐㄩㄝˊ	0	nonpositive_frequency
疨	ㄐㄧㄚˇ	0	nonpositive_frequency
疩	ㄙㄨㄟˋ	0	nonpositive_frequency
疱	ㄆㄠˋ	0	nonpositive_frequency
痃	ㄒㄧㄢˊ	0	nonpositive_frequency
痆	ㄋㄧˋ	0	nonpositive_frequency
痆	ㄋㄧㄝˋ	0	nonpositive_frequency
痓	ㄔˋ	0	nonpositive_frequency
痜	ㄊㄨ	0	nonpositive_frequency
痥	ㄉㄨㄛˊ	0	nonpositive_frequency
痬	ㄧˋ	0	nonpositive_frequency
痮	ㄓㄤˋ	0	nonpositive_frequency
瘂	ㄜˋ	0	nonpositive_frequency
瘂	ㄧㄚ	0	nonpositive_frequency
瘂	ㄧㄚˇ	0	nonpositive_frequency
瘇	ㄔㄨㄥˋ	0	nonpositive_frequency
瘎	ㄔㄣˊ	0	nonpositive_frequency
瘒	ㄨㄣˊ	0	nonpositive_frequency
瘬	ㄓㄤˋ	0	nonpositive_frequency
瘮	ㄕㄣ	0	nonpositive_frequency
瘶	ㄕㄨˋ	0	nonpositive_frequency
瘷	ㄐㄧˊ	0	nonpositive_frequency
瘹	ㄉㄧㄠˋ	0	nonpositive_frequency
瘻	ㄌㄡˊ	0	nonpositive_frequency
癀	ㄏㄨㄤˊ	0	nonpositive_frequency
癁	ㄈㄨˋ	0	nonpositive_frequency
癄	ㄐㄧㄠ	0	nonpositive_frequency
癄	ㄑㄧㄠˊ	0	nonpositive_frequency
癅	ㄌㄧㄡˊ	0	nonpositive_frequency
癊	ㄧㄣˋ	0	nonpositive_frequency
癋	ㄏㄜˋ	0	nonpositive_frequency
癎	ㄒㄧㄢˊ	0	nonpositive_frequency
癏	ㄍㄨㄢ	0	nonpositive_frequency
癑	ㄋㄥˊ	0	nonpositive_frequency
癑	ㄋㄨㄥˊ	0	nonpositive_frequency
癔	ㄧˋ	0	nonpositive_frequency
癕	ㄩㄥ	0	nonpositive_frequency
癛	ㄅㄧㄣˇ	0	nonpositive_frequency
癧	ㄌㄧˋ	0	nonpositive_frequency
癨	ㄏㄨㄛˋ	0	nonpositive_frequency
癯	ㄑㄩˊ	0	nonpositive_frequency
癴	ㄌㄩㄢˊ	0	nonpositive_frequency
癶	ㄅㄛ	0	nonpositive_frequency
皀	ㄅㄧ	0	nonpositive_frequency
皀	ㄐㄧˊ	0	nonpositive_frequency
皀	ㄒㄧㄤ	0	nonpositive_frequency
皃	ㄇㄠˋ	0	nonpositive_frequency
皅	ㄅㄚˋ	0	nonpositive_frequency
皅	ㄆㄚ	0	nonpositive_frequency
皌	ㄇㄛˋ	0	nonpositive_frequency
皍	ㄐㄧˊ	0	nonpositive_frequency
皐	ㄍㄠ	0	nonpositive_frequency
皐	ㄍㄠˇ	0	nonpositive_frequency
皔	ㄏㄢˋ	0	nonpositive_frequency
皗	ㄔㄡˊ	0	nonpositive_frequency
皘	ㄑㄧㄢˋ	0	nonpositive_frequency
皟	ㄗㄜˊ	0	nonpositive_frequency
皠	ㄘㄨㄟˇ	0	nonpositive_frequency
皡	ㄍㄠ	0	nonpositive_frequency
皡	ㄏㄠˋ	0	nonpositive_frequency
皢	ㄒㄧㄠˇ	0	nonpositive_frequency
皣	ㄧㄝˋ	0	nonpositive_frequency
皥	ㄍㄠ	0	nonpositive_frequency
皥	ㄏㄠˋ	0	nonpositive_frequency
皧	ㄞˋ	0	nonpositive_frequency
皨	ㄒㄧㄥ	0	nonpositive_frequency
皩	ㄏㄨㄤˇ	0	nonpositive_frequency
皬	ㄌㄜˋ	0	nonpositive_frequency
皳	ㄑㄧㄡˊ	0	nonpositive_frequency
皶	ㄌㄨˊ	0	nonpositive_frequency
皷	ㄍㄨˇ	0	nonpositive_frequency
皹	ㄐㄩㄣ	0	nonpositive_frequency
盀	ㄑㄧˇ	0	nonpositive_frequency
盁	ㄧㄥˊ	0	nonpositive_frequency
盇	ㄍㄞˋ	0	nonpositive_frequency
盋	ㄅㄛ	0	nonpositive_frequency
盋	ㄅㄛˊ	0	nonpositive_frequency
盌	ㄨㄢˇ	0	nonpositive_frequency
盕	ㄈㄢˋ	0	nonpositive_frequency
盖	ㄍㄜˇ	0	nonpositive_frequency
盗	ㄉㄠˋ	0	nonpositive_frequency
盙	ㄈㄨˇ	0	nonpositive_frequency
盠	ㄌㄧˊ	0	nonpositive_frequency
盢	ㄒㄩˋ	0	nonpositive_frequency
盨	ㄒㄩˇ	0	nonpositive_frequency
盫	ㄎㄢ	0	nonpositive_frequency
盶	ㄩㄢˇ	0	nonpositive_frequency
盽	ㄈㄥ	0	nonpositive_frequency
盿	ㄇㄧㄣˊ	0	nonpositive_frequency
眀	ㄇㄧㄥˊ	0	nonpositive_frequency
眂	ㄕˋ	0	nonpositive_frequency
眆	ㄈㄤˇ	0	nonpositive_frequency
眎	ㄕˋ	0	nonpositive_frequency
眏	ㄧㄤ	0	nonpositive_frequency
眔	ㄊㄚˋ	0	nonpositive_frequency
眖	ㄎㄨㄤˋ	0	nonpositive_frequency
眗	ㄎㄡ	0	nonpositive_frequency
眘	ㄕㄣˋ	0	nonpositive_frequency
眜	ㄇㄧㄝˋ	0	nonpositive_frequency
眞	ㄓㄣ	0	nonpositive_frequency
眡	ㄕˋ	0	nonpositive_frequency
眤	ㄧˊ	0	nonpositive_frequency
眦	ㄗˋ	0	nonpositive_frequency
眪	ㄅㄧㄥˇ	0	nonpositive_frequency
眫	ㄇㄧˇ	0	nonpositive_frequency
眮	ㄊㄨㄥˊ	0	nonpositive_frequency
眰	ㄉㄧㄝˊ	0	nonpositive_frequency
眿	ㄇㄛˋ	0	nonpositive_frequency
着	ㄓㄜ˙	0	nonpositive_frequency
着	ㄓㄠ	0	nonpositive_frequency
着	ㄓㄨㄛˊ	0	nonpositive_frequency
睁	ㄓㄥ	0	nonpositive_frequency
睂	ㄇㄟˊ	0	nonpositive_frequency
睃	ㄐㄩㄣˋ	0	nonpositive_frequency
睈	ㄔㄥˇ	0	nonpositive_frequency
睉	ㄘㄨㄛˊ	0	nonpositive_frequency
睓	ㄊㄧㄢˇ	0	nonpositive_frequency
睗	ㄕˋ	0	nonpositive_frequency
睘	ㄑㄩㄥˊ	0	nonpositive_frequency
睘	ㄩㄢˊ	0	nonpositive_frequency
睝	ㄌㄧˊ	0	nonpositive_frequency
睤	ㄅㄧˋ	0	nonpositive_frequency
睰	ㄇㄚˋ	0	nonpositive_frequency
睱	ㄒㄧㄚˊ	0	nonpositive_frequency
睲	ㄒㄧㄥˇ	0	nonpositive_frequency
睳	ㄏㄨㄟ	0	nonpositive_frequency
睴	ㄍㄨㄣˋ	0	nonpositive_frequency
睵	ㄗㄞ	0	nonpositive_frequency
睶	ㄔㄨㄣˇ	0	nonpositive_frequency
睷	ㄐㄧㄢ	0	nonpositive_frequency
睸	ㄇㄟˋ	0	nonpositive_frequency
睺	ㄏㄡˊ	0	nonpositive_frequency
睻	ㄏㄢˋ	0	nonpositive_frequency
睻	ㄒㄩㄢ	0	nonpositive_frequency
瞊	ㄉㄤˋ	0	nonpositive_frequency
瞐	ㄇㄛˋ	0	nonpositive_frequency
瞔	ㄗㄜˊ	0	nonpositive_frequency
瞖	ㄧˋ	0	nonpositive_frequency
瞤	ㄕㄨㄣˋ	0	nonpositive_frequency
瞦	ㄒㄧ	0	nonpositive_frequency
瞩	ㄓㄨˇ	0	nonpositive_frequency
瞮	ㄔㄜˋ	0	nonpositive_frequency
瞯	ㄐㄧㄢˋ	0	nonpositive_frequency
瞸	ㄧㄝˋ	0	nonpositive_frequency
瞹	ㄞˋ	0	nonpositive_frequency
瞾	ㄓㄠˋ	0	nonpositive_frequency
矀	ㄨㄟˊ	0	nonpositive_frequency
矁	ㄑㄧㄡ	0	nonpositive_frequency
矁	ㄔㄡˇ	0	nonpositive_frequency
矃	ㄋㄧㄥˇ	0	nonpositive_frequency
矅	ㄧㄠˋ	0	nonpositive_frequency
矆	ㄏㄨㄛˋ	0	nonpositive_frequency
矑	ㄌㄨˊ	0	nonpositive_frequency
矒	ㄇㄥˊ	0	nonpositive_frequency
矖	ㄌㄧˋ	0	nonpositive_frequency
矝	ㄍㄨㄢ	0	nonpositive_frequency
矟	ㄕㄨㄛˋ	0	nonpositive_frequency
矡	ㄐㄩㄝˊ	0	nonpositive_frequency
矤	ㄕㄣˇ	0	nonpositive_frequency
矦	ㄏㄡˊ	0	nonpositive_frequency
矪	ㄓㄡ	0	nonpositive_frequency
矴	ㄉㄧㄥˋ	0	nonpositive_frequency
矵	ㄑㄧˋ	0	nonpositive_frequency
矵	ㄑㄧㄝˋ	0	nonpositive_frequency
砄	ㄐㄩㄝˊ	0	nonpositive_frequency
砇	ㄇㄧㄣˊ	0	nonpositive_frequency
砇	ㄨㄣˊ	0	nonpositive_frequency
砈	ㄞˋ	0	nonpositive_frequency
砊	ㄎㄤˋ	0	nonpositive_frequency
砊	ㄎㄥ	0	nonpositive_frequency
砋	ㄓˇ	0	nonpositive_frequency
砕	ㄘㄨㄟˋ	0	nonpositive_frequency
砤	ㄊㄨㄛˊ	0	nonpositive_frequency
砶	ㄆㄛˋ	0	nonpositive_frequency
硂	ㄑㄩㄢˊ	0	nonpositive_frequency
硄	ㄍㄨㄤ	0	nonpositive_frequency
硆	ㄑㄧˋ	0	nonpositive_frequency
硇	ㄋㄠˊ	0	nonpositive_frequency
硋	ㄞˋ	0	nonpositive_frequency
硏	ㄧㄢˊ	0	nonpositive_frequency
硑	ㄆㄥ	0	nonpositive_frequency
硑	ㄆㄧㄥ	0	nonpositive_frequency
硟	ㄔㄢˋ	0	nonpositive_frequency
硡	ㄏㄨㄥˊ	0	nonpositive_frequency
硣	ㄒㄧㄠ	0	nonpositive_frequency
硦	ㄌㄨㄥˋ	0	nonpositive_frequency
硧	ㄊㄨㄥˊ	0	nonpositive_frequency
硧	ㄩㄥˇ	0	nonpositive_frequency
硶	ㄔㄣˇ	0	nonpositive_frequency
硸	ㄋㄩㄝˋ	0	nonpositive_frequency
硺	ㄓㄨㄛˊ	0	nonpositive_frequency
硽	ㄧㄢ	0	nonpositive_frequency
硽	ㄧㄢˇ	0	nonpositive_frequency
碂	ㄗㄨㄥˋ	0	nonpositive_frequency
碈	ㄇㄧㄣˊ	0	nonpositive_frequency
碈	ㄨㄣˊ	0	nonpositive_frequency
碊	ㄐㄧㄢ	0	nonpositive_frequency
碊	ㄑㄧㄢˊ	0	nonpositive_frequency
碊	ㄓㄢˋ	0	nonpositive_frequency
碋	ㄏㄜˋ	0	nonpositive_frequency
碍	ㄞˋ	0	nonpositive_frequency
碐	ㄌㄥˊ	0	nonpositive_frequency
碒	ㄧㄣˊ	0	nonpositive_frequency
碔	ㄨˇ	0	nonpositive_frequency
碕	ㄑㄧˊ	0	nonpositive_frequency
碖	ㄌㄨㄣˊ	0	nonpositive_frequency
碝	ㄖㄨㄢˇ	0	nonpositive_frequency
碦	ㄎㄜˋ	0	nonpositive_frequency
碮	ㄊㄧˊ	0	nonpositive_frequency
碯	ㄋㄠˇ	0	nonpositive_frequency
碱	ㄐㄧㄢˇ	0	nonpositive_frequency
碸	ㄈㄥ	0	nonpositive_frequency
碽	ㄍㄨㄥ	0	nonpositive_frequency
碿	ㄒㄧㄝˋ	0	nonpositive_frequency
碿	ㄙㄨˋ	0	nonpositive_frequency
磀	ㄜˋ	0	nonpositive_frequency
磂	ㄌㄧㄡˊ	0	nonpositive_frequency
磆	ㄍㄨ	0	nonpositive_frequency
磆	ㄏㄨㄚˊ	0	nonpositive_frequency
磇	ㄆㄧ	0	nonpositive_frequency
磒	ㄙㄨㄣˇ	0	nonpositive_frequency
磒	ㄩㄢˊ	0	nonpositive_frequency
磓	ㄉㄨㄟ	0	nonpositive_frequency
磖	ㄌㄚ	0	nonpositive_frequency
磜	ㄑㄧˋ	0	nonpositive_frequency
磜	ㄑㄧㄝˋ	0	nonpositive_frequency
磤	ㄧㄣ	0	nonpositive_frequency
磤	ㄧㄣˇ	0	nonpositive_frequency
磦	ㄅㄧㄠ	0	nonpositive_frequency
磫	ㄗㄨㄥ	0	nonpositive_frequency
磰	ㄕㄢˋ	0	nonpositive_frequency
磱	ㄌㄠˊ	0	nonpositive_frequency
磶	ㄒㄧˋ	0	nonpositive_frequency
磸	ㄉㄧㄥˋ	0	nonpositive_frequency
礀	ㄐㄧㄢˋ	0	nonpositive_frequency
礆	ㄒㄧㄢˇ	0	nonpositive_frequency
礇	ㄩˋ	0	nonpositive_frequency
礈	ㄓㄨㄟˋ	0	nonpositive_frequency
礊	ㄎㄜˋ	0	nonpositive_frequency
礊	ㄏㄨㄛˋ	0	nonpositive_frequency
礋	ㄓㄜˊ	0	nonpositive_frequency
礍	ㄐㄧㄝˊ	0	nonpositive_frequency
礍	ㄒㄧㄝ	0	nonpositive_frequency
礏	ㄧㄝˋ	0	nonpositive_frequency
礕	ㄆㄧˋ	0	nonpositive_frequency
礘	ㄑㄧˋ	0	nonpositive_frequency
礚	ㄎㄜ	0	nonpositive_frequency
礟	ㄅㄠ	0	nonpositive_frequency
礟	ㄆㄠˊ	0	nonpositive_frequency
礠	ㄘˊ	0	nonpositive_frequency
礮	ㄅㄠ	0	nonpositive_frequency
礮	ㄆㄠˊ	0	nonpositive_frequency
礰	ㄌㄧˋ	0	nonpositive_frequency
礲	ㄌㄨㄥˊ	0	nonpositive_frequency
礷	ㄐㄧㄢ	0	nonpositive_frequency
礼	ㄌㄧˇ	0	nonpositive_frequency
祘	ㄙㄨㄢˋ	0	nonpositive_frequency
祙	ㄇㄟˋ	0	nonpositive_frequency
祢	ㄇㄧˊ	0	nonpositive_frequency
祦	ㄩˊ	0	nonpositive_frequency
祬	ㄓˇ	0	nonpositive_frequency
祮	ㄍㄠˋ	0	nonpositive_frequency
祱	ㄕㄨㄟˋ	0	nonpositive_frequency
祵	ㄎㄨㄣˇ	0	nonpositive_frequency
祶	ㄉㄧˋ	0	nonpositive_frequency
祷	ㄉㄠˇ	0	nonpositive_frequency
祻	ㄍㄨˋ	0	nonpositive_frequency
祾	ㄌㄥˊ	0	nonpositive_frequency
祾	ㄌㄧㄥˊ	0	nonpositive_frequency
禀	ㄅㄧㄣ	0	nonpositive_frequency
禀	ㄅㄧㄣˇ	0	nonpositive_frequency
禃	ㄓˊ	0	nonpositive_frequency
禄	ㄌㄨˋ	0	nonpositive_frequency
禇	ㄔㄨˇ	0	nonpositive_frequency
禉	ㄧㄡˇ	0	nonpositive_frequency
禑	ㄨˊ	0	nonpositive_frequency
禝	ㄐㄧˋ	0	nonpositive_frequency
禞	ㄍㄠˋ	0	nonpositive_frequency
禟	ㄊㄤˊ	0	nonpositive_frequency
禥	ㄑㄧˊ	0	nonpositive_frequency
禩	ㄙˋ	0	nonpositive_frequency
禯	ㄋㄨㄥˊ	0	nonpositive_frequency
禵	ㄊㄧˊ	0	nonpositive_frequency
秂	ㄖㄣˊ	0	nonpositive_frequency
秃	ㄊㄨ	0	nonpositive_frequency
秄	ㄗˇ	0	nonpositive_frequency
秆	ㄍㄢˇ	0	nonpositive_frequency
秇	ㄧˋ	0	nonpositive_frequency
秊	ㄋㄧㄢˊ	0	nonpositive_frequency
秐	ㄩㄣˊ	0	nonpositive_frequency
秔	ㄍㄥ	0	nonpositive_frequency
秔	ㄐㄧㄥ	0	nonpositive_frequency
秗	ㄩˋ	0	nonpositive_frequency
秙	ㄎㄨˋ	0	nonpositive_frequency
秚	ㄅㄢˋ	0	nonpositive_frequency
秛	ㄆㄧ	0	nonpositive_frequency
秡	ㄅㄚˊ	0	nonpositive_frequency
秢	ㄌㄧㄥˊ	0	nonpositive_frequency
秥	ㄋㄧㄢˊ	0	nonpositive_frequency
秨	ㄗㄨㄛˊ	0	nonpositive_frequency
称	ㄔㄣˋ	0	nonpositive_frequency
称	ㄔㄥ	0	nonpositive_frequency
秱	ㄊㄨㄥˊ	0	nonpositive_frequency
秲	ㄓˋ	0	nonpositive_frequency
秳	ㄏㄨㄚˊ	0	nonpositive_frequency
秵	ㄧㄣ	0	nonpositive_frequency
秹	ㄖㄣˇ	0	nonpositive_frequency
秿	ㄈㄨˇ	0	nonpositive_frequency
稁	ㄍㄠˇ	0	nonpositive_frequency
稆	ㄌㄩˇ	0	nonpositive_frequency
稇	ㄎㄨㄣˇ	0	nonpositive_frequency
稉	ㄍㄥ	0	nonpositive_frequency
稉	ㄐㄧㄥ	0	nonpositive_frequency
税	ㄕㄨㄟˋ	0	nonpositive_frequency
稏	ㄧㄚˋ	0	nonpositive_frequency
稖	ㄅㄤˋ	0	nonpositive_frequency
稝	ㄆㄥˊ	0	nonpositive_frequency
稡	ㄗㄨˊ	0	nonpositive_frequency
稧	ㄒㄧˋ	0	nonpositive_frequency
稩	ㄐㄧˋ	0	nonpositive_frequency
稪	ㄈㄨˋ	0	nonpositive_frequency
稬	ㄋㄨㄛˋ	0	nonpositive_frequency
稭	ㄐㄧˊ	0	nonpositive_frequency
稭	ㄐㄧㄚˊ	0	nonpositive_frequency
稲	ㄉㄠˋ	0	nonpositive_frequency
稴	ㄌㄧㄢˇ	0	nonpositive_frequency
稵	ㄐㄧㄡ	0	nonpositive_frequency
稶	ㄩˋ	0	nonpositive_frequency
稸	ㄒㄩˋ	0	nonpositive_frequency
稺	ㄓˋ	0	nonpositive_frequency
稾	ㄍㄠˇ	0	nonpositive_frequency
穁	ㄖㄨㄥˊ	0	nonpositive_frequency
穂	ㄙㄨㄟˋ	0	nonpositive_frequency
穅	ㄎㄤ	0	nonpositive_frequency
穉	ㄓˋ	0	nonpositive_frequency
穏	ㄨㄣˇ	0	nonpositive_frequency
穓	ㄧˋ	0	nonpositive_frequency
穕	ㄑㄧㄝˋ	0	nonpositive_frequency
穙	ㄆㄨˊ	0	nonpositive_frequency
穤	ㄋㄨㄛˋ	0	nonpositive_frequency
穥	ㄩˋ	0	nonpositive_frequency
穦	ㄅㄧㄣ	0	nonpositive_frequency
穪	ㄔㄣˋ	0	nonpositive_frequency
穪	ㄔㄥ	0	nonpositive_frequency
穯	ㄙㄜˋ	0	nonpositive_frequency
穲	ㄌㄧˊ	0	nonpositive_frequency
穳	ㄗㄢˋ	0	nonpositive_frequency
穳	ㄘㄨㄢˊ	0	nonpositive_frequency
穻	ㄩ	0	nonpositive_frequency
穼	ㄙㄣ	0	nonpositive_frequency
穽	ㄐㄧㄥˇ	0	nonpositive_frequency
穾	ㄧㄠˋ	0	nonpositive_frequency
窂	ㄌㄠˊ	0	nonpositive_frequency
窃	ㄑㄧㄝˋ	0	nonpositive_frequency
窑	ㄧㄠˊ	0	nonpositive_frequency
窓	ㄔㄨㄤ	0	nonpositive_frequency
窚	ㄔㄥˊ	0	nonpositive_frequency
窛	ㄎㄡˋ	0	nonpositive_frequency
窡	ㄓㄨㄛˊ	0	nonpositive_frequency
窢	ㄒㄩˋ	0	nonpositive_frequency
窤	ㄍㄨㄢ	0	nonpositive_frequency
窰	ㄧㄠˊ	0	nonpositive_frequency
窹	ㄨˋ	0	nonpositive_frequency
窻	ㄔㄨㄤ	0	nonpositive_frequency
窼	ㄎㄜ	0	nonpositive_frequency
窽	ㄎㄨㄢˇ	0	nonpositive_frequency
竂	ㄌㄧㄠˊ	0	nonpositive_frequency
竆	ㄑㄩㄥˊ	0	nonpositive_frequency
竈	ㄗㄠˋ	0	nonpositive_frequency
竉	ㄌㄨㄥˇ	0	nonpositive_frequency
竌	ㄔㄨˋ	0	nonpositive_frequency
竎	ㄈㄨˋ	0	nonpositive_frequency
竐	ㄔㄨㄛˋ	0	nonpositive_frequency
竒	ㄐㄧ	0	nonpositive_frequency
竒	ㄑㄧˊ	0	nonpositive_frequency
竚	ㄓㄨˋ	0	nonpositive_frequency
竛	ㄌㄧㄥˊ	0	nonpositive_frequency
竜	ㄌㄨㄥˇ	0	nonpositive_frequency
竝	ㄅㄧㄥˋ	0	nonpositive_frequency
竢	ㄑㄧˊ	0	nonpositive_frequency
竢	ㄙˋ	0	nonpositive_frequency
竧	ㄐㄧㄥˋ	0	nonpositive_frequency
竨	ㄉㄧㄠˋ	0	nonpositive_frequency
竩	ㄧˊ	0	nonpositive_frequency
竪	ㄕㄨˋ	0	nonpositive_frequency
竬	ㄑㄩˇ	0	nonpositive_frequency
竱	ㄓㄨㄢˇ	0	nonpositive_frequency
竲	ㄘㄥˊ	0	nonpositive_frequency
竳	ㄉㄥ	0	nonpositive_frequency
竴	ㄘㄨㄣ	0	nonpositive_frequency
竵	ㄨㄞ	0	nonpositive_frequency
竸	ㄐㄧㄥˋ	0	nonpositive_frequency
竼	ㄆㄥˊ	0	nonpositive_frequency
竾	ㄉㄧˋ	0	nonpositive_frequency
竾	ㄔˊ	0	nonpositive_frequency
笀	ㄇㄤˊ	0	nonpositive_frequency
笋	ㄙㄨㄣˇ	0	nonpositive_frequency
笌	ㄧㄚˊ	0	nonpositive_frequency
笍	ㄓㄨㄟˋ	0	nonpositive_frequency
笔	ㄅㄧˇ	0	nonpositive_frequency
笖	ㄧˇ	0	nonpositive_frequency
笗	ㄉㄨㄥ	0	nonpositive_frequency
笜	ㄉㄨㄛˋ	0	nonpositive_frequency
笜	ㄔㄨˋ	0	nonpositive_frequency
笟	ㄍㄨ	0	nonpositive_frequency
笡	ㄑㄧㄝˋ	0	nonpositive_frequency
笧	ㄔㄞˇ	0	nonpositive_frequency
笩	ㄆㄟˋ	0	nonpositive_frequency
笶	ㄕˇ	0	nonpositive_frequency
笿	ㄌㄨㄛˋ	0	nonpositive_frequency
筁	ㄑㄩ	0	nonpositive_frequency
筂	ㄉㄧˋ	0	nonpositive_frequency
筂	ㄔˊ	0	nonpositive_frequency
筃	ㄧㄣ	0	nonpositive_frequency
筓	ㄐㄧ	0	nonpositive_frequency
筕	ㄏㄤˊ	0	nonpositive_frequency
筗	ㄓㄨㄥˋ	0	nonpositive_frequency
筞	ㄘㄜˋ	0	nonpositive_frequency
筟	ㄈㄨ	0	nonpositive_frequency
筢	ㄆㄚˊ	0	nonpositive_frequency
筨	ㄘㄣˊ	0	nonpositive_frequency
筪	ㄒㄧㄚˊ	0	nonpositive_frequency
筫	ㄓˇ	0	nonpositive_frequency
筬	ㄔㄥˊ	0	nonpositive_frequency
筯	ㄓㄨˋ	0	nonpositive_frequency
筹	ㄔㄡˊ	0	nonpositive_frequency
箁	ㄆㄡˇ	0	nonpositive_frequency
箃	ㄗㄡ	0	nonpositive_frequency
箆	ㄅㄧˋ	0	nonpositive_frequency
箉	ㄍㄨㄞˇ	0	nonpositive_frequency
箒	ㄓㄡˇ	0	nonpositive_frequency
箓	ㄌㄨˋ	0	nonpositive_frequency
箞	ㄑㄩㄢ	0	nonpositive_frequency
箞	ㄑㄩㄢˋ	0	nonpositive_frequency
箟	ㄐㄩㄣˋ	0	nonpositive_frequency
箢	ㄨㄢˇ	0	nonpositive_frequency
箣	ㄘㄜˋ	0	nonpositive_frequency
箥	ㄆㄛˇ	0	nonpositive_frequency
箮	ㄒㄩㄢ	0	nonpositive_frequency
箰	ㄙㄨㄣˇ	0	nonpositive_frequency
箲	ㄒㄧㄢ	0	nonpositive_frequency
箲	ㄒㄧㄢˇ	0	nonpositive_frequency
箳	ㄆㄧㄥˊ	0	nonpositive_frequency
箶	ㄏㄨˊ	0	nonpositive_frequency
箺	ㄔㄨㄣˇ	0	nonpositive_frequency
箻	ㄌㄩˋ	0	nonpositive_frequency
箽	ㄉㄨㄥˇ	0	nonpositive_frequency
箿	ㄐㄧˊ	0	nonpositive_frequency
篂	ㄒㄧㄥ	0	nonpositive_frequency
篃	ㄇㄟˋ	0	nonpositive_frequency
篅	ㄔㄨㄢˊ	0	nonpositive_frequency
篈	ㄈㄥ	0	nonpositive_frequency
篍	ㄑㄧㄡ	0	nonpositive_frequency
篖	ㄊㄤˊ	0	nonpositive_frequency
篗	ㄩㄝˋ	0	nonpositive_frequency
篬	ㄑㄧㄤ	0	nonpositive_frequency
篬	ㄘㄤ	0	nonpositive_frequency
篭	ㄌㄨㄥˇ	0	nonpositive_frequency
篵	ㄘㄨㄥ	0	nonpositive_frequency
篶	ㄧㄢ	0	nonpositive_frequency
篺	ㄆㄧˊ	0	nonpositive_frequency
篼	ㄉㄡ	0	nonpositive_frequency
簄	ㄏㄨˋ	0	nonpositive_frequency
簈	ㄆㄧㄥˊ	0	nonpositive_frequency
簒	ㄘㄨㄢˋ	0	nonpositive_frequency
簕	ㄌㄜˋ	0	nonpositive_frequency
簘	ㄒㄧㄠ	0	nonpositive_frequency
簚	ㄒㄧㄢˊ	0	nonpositive_frequency
簛	ㄒㄧˇ	0	nonpositive_frequency
簤	ㄉㄞˋ	0	nonpositive_frequency
簮	ㄗㄢ	0	nonpositive_frequency
簴	ㄐㄩˋ	0	nonpositive_frequency
簴	ㄩˊ	0	nonpositive_frequency
簵	ㄌㄨˋ	0	nonpositive_frequency
簶	ㄌㄨˋ	0	nonpositive_frequency
簺	ㄙㄞˋ	0	nonpositive_frequency
籄	ㄎㄨㄟˋ	0	nonpositive_frequency
籆	ㄩㄝˋ	0	nonpositive_frequency
籋	ㄇㄧˊ	0	nonpositive_frequency
籋	ㄋㄧㄝˋ	0	nonpositive_frequency
籑	ㄓㄨㄢˋ	0	nonpositive_frequency
籒	ㄓㄡˋ	0	nonpositive_frequency
籕	ㄓㄡˋ	0	nonpositive_frequency
籖	ㄑㄧㄢ	0	nonpositive_frequency
籘	ㄊㄥˊ	0	nonpositive_frequency
籝	ㄧㄥˊ	0	nonpositive_frequency
籞	ㄩˋ	0	nonpositive_frequency
籢	ㄌㄧㄢˊ	0	nonpositive_frequency
籭	ㄒㄧˇ	0	nonpositive_frequency
籰	ㄩㄝˋ	0	nonpositive_frequency
籱	ㄓㄠˋ	0	nonpositive_frequency
籴	ㄉㄧˊ	0	nonpositive_frequency
籶	ㄕㄣ	0	nonpositive_frequency
籷	ㄓㄜˊ	0	nonpositive_frequency
类	ㄌㄟˋ	0	nonpositive_frequency
籼	ㄒㄧㄢ	0	nonpositive_frequency
粃	ㄅㄧˇ	0	nonpositive_frequency
粆	ㄔㄠˇ	0	nonpositive_frequency
粆	ㄕㄚ	0	nonpositive_frequency
粇	ㄎㄤ	0	nonpositive_frequency
粋	ㄘㄨㄟˋ	0	nonpositive_frequency
粓	ㄍㄢ	0	nonpositive_frequency
粙	ㄐㄧㄡˋ	0	nonpositive_frequency
粛	ㄙㄨˋ	0	nonpositive_frequency
粜	ㄊㄧㄠˋ	0	nonpositive_frequency
粝	ㄌㄧˋ	0	nonpositive_frequency
粠	ㄏㄨㄥˊ	0	nonpositive_frequency
粤	ㄩㄝˋ	0	nonpositive_frequency
粦	ㄌㄧㄣˊ	0	nonpositive_frequency
粮	ㄌㄧㄤˊ	0	nonpositive_frequency
粯	ㄒㄧㄢˋ	0	nonpositive_frequency
粰	ㄈㄨ	0	nonpositive_frequency
粶	ㄌㄨˋ	0	nonpositive_frequency
粷	ㄐㄩˊ	0	nonpositive_frequency
粸	ㄑㄧˊ	0	nonpositive_frequency
糂	ㄙㄢˇ	0	nonpositive_frequency
糃	ㄊㄤˊ	0	nonpositive_frequency
糃	ㄒㄧㄥˊ	0	nonpositive_frequency
糄	ㄅㄧㄢˇ	0	nonpositive_frequency
糆	ㄇㄧㄢˋ	0	nonpositive_frequency
糇	ㄏㄡˊ	0	nonpositive_frequency
糉	ㄓㄨㄥˋ	0	nonpositive_frequency
糍	ㄘˊ	0	nonpositive_frequency
糏	ㄒㄧㄝˋ	0	nonpositive_frequency
糓	ㄍㄨˇ	0	nonpositive_frequency
糚	ㄓㄨㄤ	0	nonpositive_frequency
糛	ㄊㄤˊ	0	nonpositive_frequency
糡	ㄐㄧㄤˋ	0	nonpositive_frequency
糣	ㄙㄢˇ	0	nonpositive_frequency
糤	ㄙㄢˇ	0	nonpositive_frequency
糥	ㄋㄨㄛˋ	0	nonpositive_frequency
糦	ㄒㄧˇ	0	nonpositive_frequency
糦	ㄔˋ	0	nonpositive_frequency
糩	ㄎㄨㄟˋ	0	nonpositive_frequency
糫	ㄏㄨㄢˊ	0	nonpositive_frequency
糳	ㄗㄨㄛˋ	0	nonpositive_frequency
糵	ㄋㄧㄝˋ	0	nonpositive_frequency
糺	ㄐㄧㄡ	0	nonpositive_frequency
糺	ㄐㄧㄡˇ	0	nonpositive_frequency
糼	ㄍㄨㄥ	0	nonpositive_frequency
糿	ㄍㄨㄥ	0	nonpositive_frequency
紣	ㄘㄨㄟˋ	0	nonpositive_frequency
紤	ㄐㄧㄡˇ	0	nonpositive_frequency
紥	ㄓㄚˊ	0	nonpositive_frequency
紥	ㄗㄚ	0	nonpositive_frequency
紪	ㄑㄧ	0	nonpositive_frequency
紭	ㄏㄨㄥˊ	0	nonpositive_frequency
紴	ㄅㄛ	0	nonpositive_frequency
紷	ㄌㄧㄥˊ	0	nonpositive_frequency
絈	ㄆㄚˋ	0	nonpositive_frequency
絉	ㄕˋ	0	nonpositive_frequency
経	ㄐㄧㄥ	0	nonpositive_frequency
絍	ㄖㄣˊ	0	nonpositive_frequency
絗	ㄏㄨˊ	0	nonpositive_frequency
絘	ㄘˋ	0	nonpositive_frequency
絙	ㄏㄨㄢˊ	0	nonpositive_frequency
絚	ㄍㄥ	0	nonpositive_frequency
絚	ㄏㄥˊ	0	nonpositive_frequency
絝	ㄎㄨˋ	0	nonpositive_frequency
絠	ㄍㄞˇ	0	nonpositive_frequency
絤	ㄒㄧㄢˋ	0	nonpositive_frequency
絥	ㄈㄨˊ	0	nonpositive_frequency
絬	ㄒㄧㄝˋ	0	nonpositive_frequency
絴	ㄒㄧㄤˊ	0	nonpositive_frequency
絵	ㄏㄨㄟˋ	0	nonpositive_frequency
絶	ㄐㄩㄝˊ	0	nonpositive_frequency
絸	ㄐㄧㄢˇ	0	nonpositive_frequency
絾	ㄔㄥˊ	0	nonpositive_frequency
綂	ㄌㄧㄡˊ	0	nonpositive_frequency
綇	ㄒㄧㄝˊ	0	nonpositive_frequency
綇	ㄒㄩˇ	0	nonpositive_frequency
綉	ㄒㄧㄡˋ	0	nonpositive_frequency
綊	ㄒㄧㄝˊ	0	nonpositive_frequency
綋	ㄏㄨㄥˊ	0	nonpositive_frequency
綐	ㄉㄨㄟˋ	0	nonpositive_frequency
綕	ㄓˊ	0	nonpositive_frequency
綗	ㄐㄩㄥˇ	0	nonpositive_frequency
綘	ㄈㄥˊ	0	nonpositive_frequency
継	ㄐㄧˋ	0	nonpositive_frequency
綤	ㄕㄠˋ	0	nonpositive_frequency
綥	ㄑㄧˊ	0	nonpositive_frequency
綨	ㄑㄧˊ	0	nonpositive_frequency
綫	ㄒㄧㄢˋ	0	nonpositive_frequency
綳	ㄅㄥ	0	nonpositive_frequency
綳	ㄅㄥˇ	0	nonpositive_frequency
綶	ㄍㄨㄛˇ	0	nonpositive_frequency
緃	ㄗㄨㄥ	0	nonpositive_frequency
緈	ㄒㄧㄥˋ	0	nonpositive_frequency
緍	ㄇㄧㄣˊ	0	nonpositive_frequency
総	ㄗㄨㄥˇ	0	nonpositive_frequency
緑	ㄌㄨˋ	0	nonpositive_frequency
緖	ㄒㄩˋ	0	nonpositive_frequency
緜	ㄇㄧㄢˊ	0	nonpositive_frequency
緢	ㄇㄠˊ	0	nonpositive_frequency
緤	ㄒㄧㄝˋ	0	nonpositive_frequency
緤	ㄕˋ	0	nonpositive_frequency
緥	ㄅㄠˇ	0	nonpositive_frequency
緫	ㄘㄨㄥ	0	nonpositive_frequency
緭	ㄨㄟˋ	0	nonpositive_frequency
緵	ㄕㄚˇ	0	nonpositive_frequency
緸	ㄧㄣ	0	nonpositive_frequency
緼	ㄩㄣ	0	nonpositive_frequency
緼	ㄩㄣˋ	0	nonpositive_frequency
緽	ㄓㄣ	0	nonpositive_frequency
緾	ㄔㄢˊ	0	nonpositive_frequency
緿	ㄉㄞˋ	0	nonpositive_frequency
縀	ㄒㄧㄚˊ	0	nonpositive_frequency
縁	ㄩㄢˊ	0	nonpositive_frequency
縂	ㄗㄨㄥˇ	0	nonpositive_frequency
縄	ㄕㄥˊ	0	nonpositive_frequency
縘	ㄐㄧˋ	0	nonpositive_frequency
縙	ㄖㄨㄥˇ	0	nonpositive_frequency
縦	ㄗㄨㄥ	0	nonpositive_frequency
縦	ㄗㄨㄥˇ	0	nonpositive_frequency
縧	ㄊㄠ	0	nonpositive_frequency
縧	ㄊㄧㄠˊ	0	nonpositive_frequency
縬	ㄘㄨˋ	0	nonpositive_frequency
繍	ㄒㄧㄡˋ	0	nonpositive_frequency
繎	ㄖㄢˊ	0	nonpositive_frequency
繏	ㄒㄩˇ	0	nonpositive_frequency
繏	ㄒㄩㄢˋ	0	nonpositive_frequency
繛	ㄔㄨㄛˋ	0	nonpositive_frequency
繝	ㄐㄧㄢˋ	0	nonpositive_frequency
繥	ㄒㄧ	0	nonpositive_frequency
繦	ㄑㄧㄤˇ	0	nonpositive_frequency
繬	ㄙㄜˋ	0	nonpositive_frequency
繮	ㄍㄤ	0	nonpositive_frequency
繮	ㄐㄧㄤ	0	nonpositive_frequency
繱	ㄘㄨㄥ	0	nonpositive_frequency
繿	ㄌㄢˊ	0	nonpositive_frequency
纄	ㄆㄥˊ	0	nonpositive_frequency
纅	ㄌㄧˋ	0	nonpositive_frequency
纉	ㄗㄨㄢˇ	0	nonpositive_frequency
纎	ㄑㄧㄢ	0	nonpositive_frequency
纒	ㄔㄢˊ	0	nonpositive_frequency
纝	ㄌㄟˊ	0	nonpositive_frequency
纝	ㄌㄨㄛˊ	0	nonpositive_frequency
纞	ㄌㄧㄢˋ	0	nonpositive_frequency
缷	ㄒㄧㄝˋ	0	nonpositive_frequency
缷	ㄩˋ	0	nonpositive_frequency
缻	ㄈㄡˇ	0	nonpositive_frequency
缻	ㄍㄤ	0	nonpositive_frequency
罁	ㄍㄤ	0	nonpositive_frequency
罆	ㄍㄨㄢˋ	0	nonpositive_frequency
罇	ㄗㄨㄣ	0	nonpositive_frequency
罎	ㄊㄢˊ	0	nonpositive_frequency
罒	ㄨㄤˇ	0	nonpositive_frequency
罙	ㄇㄧˊ	0	nonpositive_frequency
罢	ㄅㄚˋ	0	nonpositive_frequency
罤	ㄊㄧˊ	0	nonpositive_frequency
罤	ㄎㄨㄣ	0	nonpositive_frequency
罯	ㄢˇ	0	nonpositive_frequency
罱	ㄋㄢˇ	0	nonpositive_frequency
罷	ㄆㄧˊ	0	nonpositive_frequency
罸	ㄈㄚˊ	0	nonpositive_frequency
羀	ㄌㄧㄡˇ	0	nonpositive_frequency
羂	ㄐㄩㄢˋ	0	nonpositive_frequency
羄	ㄓㄠˋ	0	nonpositive_frequency
羏	ㄧㄤˊ	0	nonpositive_frequency
羐	ㄧㄡˇ	0	nonpositive_frequency
羓	ㄅㄚ	0	nonpositive_frequency
羗	ㄑㄧㄤ	0	nonpositive_frequency
羘	ㄗㄤ	0	nonpositive_frequency
羙	ㄇㄟˇ	0	nonpositive_frequency
羣	ㄑㄩㄣˊ	0	nonpositive_frequency
羫	ㄎㄨㄥˋ	0	nonpositive_frequency
羫	ㄑㄧㄤ	0	nonpositive_frequency
羮	ㄌㄤˊ	0	nonpositive_frequency
羮	ㄍㄥ	0	nonpositive_frequency
羴	ㄕㄢ	0	nonpositive_frequency
翄	ㄔˋ	0	nonpositive_frequency
翆	ㄘㄨㄟˋ	0	nonpositive_frequency
翈	ㄒㄧㄚˊ	0	nonpositive_frequency
翓	ㄒㄧㄝˊ	0	nonpositive_frequency
翖	ㄏㄜˊ	0	nonpositive_frequency
翝	ㄏㄨㄥˊ	0	nonpositive_frequency
翤	ㄔˋ	0	nonpositive_frequency
翧	ㄒㄩㄢ	0	nonpositive_frequency
翶	ㄠˊ	0	nonpositive_frequency
翺	ㄠˊ	0	nonpositive_frequency
耈	ㄍㄡˇ	0	nonpositive_frequency
耉	ㄍㄡˇ	0	nonpositive_frequency
耊	ㄉㄧㄝˊ	0	nonpositive_frequency
耊	ㄌㄠˇ	0	nonpositive_frequency
耊	ㄓˋ	0	nonpositive_frequency
耓	ㄊㄧㄥ	0	nonpositive_frequency
耚	ㄆㄧ	0	nonpositive_frequency
耝	ㄔㄨˊ	0	nonpositive_frequency
耠	ㄏㄜˊ	0	nonpositive_frequency
耣	ㄌㄨㄣˇ	0	nonpositive_frequency
耥	ㄊㄤˇ	0	nonpositive_frequency
耫	ㄓㄚˊ	0	nonpositive_frequency
耭	ㄐㄧ	0	nonpositive_frequency
耮	ㄌㄠˋ	0	nonpositive_frequency
耯	ㄏㄨˋ	0	nonpositive_frequency
耯	ㄏㄨㄛˋ	0	nonpositive_frequency
耱	ㄇㄛˋ	0	nonpositive_frequency
耲	ㄏㄨㄞˊ	0	nonpositive_frequency
耸	ㄙㄨㄥˇ	0	nonpositive_frequency
耺	ㄧㄥˊ	0	nonpositive_frequency
耻	ㄔˇ	0	nonpositive_frequency
耼	ㄉㄢ	0	nonpositive_frequency
耼	ㄖㄢˇ	0	nonpositive_frequency
聀	ㄓˊ	0	nonpositive_frequency
聄	ㄓㄣˇ	0	nonpositive_frequency
聅	ㄊㄢˊ	0	nonpositive_frequency
聉	ㄊㄨㄟˇ	0	nonpositive_frequency
聉	ㄨㄚˋ	0	nonpositive_frequency
聎	ㄊㄧㄠ	0	nonpositive_frequency
聕	ㄏㄠˋ	0	nonpositive_frequency
聗	ㄌㄧㄝˋ	0	nonpositive_frequency
聙	ㄐㄧㄥ	0	nonpositive_frequency
聛	ㄅㄧˋ	0	nonpositive_frequency
聟	ㄒㄩˋ	0	nonpositive_frequency
聠	ㄆㄧㄥ	0	nonpositive_frequency
聡	ㄘㄨㄥ	0	nonpositive_frequency
聤	ㄊㄧㄥˊ	0	nonpositive_frequency
聥	ㄐㄩˇ	0	nonpositive_frequency
聦	ㄘㄨㄥ	0	nonpositive_frequency
聧	ㄎㄨㄟˊ	0	nonpositive_frequency
聨	ㄌㄧㄢˊ	0	nonpositive_frequency
聪	ㄘㄨㄥ	0	nonpositive_frequency
聫	ㄌㄧㄢˊ	0	nonpositive_frequency
聬	ㄨㄥˇ	0	nonpositive_frequency
聭	ㄎㄨㄟˋ	0	nonpositive_frequency
聮	ㄌㄧㄢˊ	0	nonpositive_frequency
聴	ㄊㄧㄥ	0	nonpositive_frequency
聴	ㄊㄧㄥˋ	0	nonpositive_frequency
聺	ㄑㄧㄝ	0	nonpositive_frequency
聻	ㄋㄧˇ	0	nonpositive_frequency
聼	ㄊㄧㄥ	0	nonpositive_frequency
聼	ㄊㄧㄥˋ	0	nonpositive_frequency
肁	ㄓㄠˋ	0	nonpositive_frequency
肈	ㄓㄠˋ	0	nonpositive_frequency
肍	ㄑㄧㄡˊ	0	nonpositive_frequency
肎	ㄎㄣˇ	0	nonpositive_frequency
肑	ㄅㄛ	0	nonpositive_frequency
肔	ㄔˇ	0	nonpositive_frequency
肗	ㄖㄨˇ	0	nonpositive_frequency
肞	ㄔㄚ	0	nonpositive_frequency
肟	ㄨㄛˋ	0	nonpositive_frequency
肤	ㄈㄨ	0	nonpositive_frequency
肤	ㄈㄨˇ	0	nonpositive_frequency
肦	ㄅㄢ	0	nonpositive_frequency
肧	ㄆㄟ	0	nonpositive_frequency
肨	ㄆㄤˋ	0	nonpositive_frequency
肬	ㄧㄡˊ	0	nonpositive_frequency
肰	ㄖㄢˊ	0	nonpositive_frequency
肳	ㄨㄣˇ	0	nonpositive_frequency
肶	ㄆㄧˊ	0	nonpositive_frequency
肷	ㄑㄧㄢˋ	0	nonpositive_frequency
肷	ㄒㄩˋ	0	nonpositive_frequency
肹	ㄒㄧˋ	0	nonpositive_frequency
胆	ㄉㄢˇ	0	nonpositive_frequency
胋	ㄊㄧㄢˊ	0	nonpositive_frequency
胒	ㄋㄧˋ	0	nonpositive_frequency
胓	ㄆㄥ	0	nonpositive_frequency
胓	ㄆㄧㄥˊ	0	nonpositive_frequency
胟	ㄇㄨˇ	0	nonpositive_frequency
胠	ㄑ	1	structurally_invalid
胢	ㄎㄜ	0	nonpositive_frequency
胢	ㄑㄧㄚˋ	0	nonpositive_frequency
胮	ㄆㄤ	0	nonpositive_frequency
胶	ㄐㄧㄠ	0	nonpositive_frequency
胶	ㄒㄧㄠˊ	0	nonpositive_frequency
胷	ㄒㄩㄥ	0	nonpositive_frequency
胿	ㄍㄨㄟ	0	nonpositive_frequency
胿	ㄎㄨㄟˋ	0	nonpositive_frequency
胿	ㄒㄧ	0	nonpositive_frequency
脃	ㄘㄨㄟˋ	0	nonpositive_frequency
脄	ㄇㄟˊ	0	nonpositive_frequency
脇	ㄒㄧㄝˊ	0	nonpositive_frequency
脉	ㄇㄛˋ	0	nonpositive_frequency
脔	ㄌㄨㄢˊ	0	nonpositive_frequency
脗	ㄨㄣˇ	0	nonpositive_frequency
脚	ㄐㄧㄠˇ	0	nonpositive_frequency
脜	ㄖㄡˊ	0	nonpositive_frequency
脠	ㄔㄢ	0	nonpositive_frequency
脦	ㄊㄜˋ	0	nonpositive_frequency
脨	ㄐㄧˊ	0	nonpositive_frequency
脮	ㄊㄨㄟˇ	0	nonpositive_frequency
脱	ㄊㄨㄛ	0	nonpositive_frequency
脱	ㄊㄨㄛˇ	0	nonpositive_frequency
脴	ㄆㄧˇ	0	nonpositive_frequency
脻	ㄐㄧㄝ	0	nonpositive_frequency
脼	ㄌㄧㄤˇ	0	nonpositive_frequency
脿	ㄅㄧㄠ	0	nonpositive_frequency
腀	ㄌㄨㄣˊ	0	nonpositive_frequency
腁	ㄆㄧㄢˊ	0	nonpositive_frequency
腂	ㄌㄟˇ	0	nonpositive_frequency
腅	ㄉㄢˋ	0	nonpositive_frequency
腈	ㄐㄧㄥ	0	nonpositive_frequency
腉	ㄋㄞˊ	0	nonpositive_frequency
腘	ㄍㄨㄛˊ	0	nonpositive_frequency
腝	ㄋㄠˋ	0	nonpositive_frequency
腝	ㄖㄨㄢˇ	0	nonpositive_frequency
腝	ㄦˊ	0	nonpositive_frequency
腟	ㄓˋ	0	nonpositive_frequency
腣	ㄉㄧˋ	0	nonpositive_frequency
腨	ㄔㄨㄢˋ	0	nonpositive_frequency
腪	ㄩㄣˇ	0	nonpositive_frequency
腬	ㄖㄡˊ	0	nonpositive_frequency
腭	ㄜˋ	0	nonpositive_frequency
腯	ㄊㄨˊ	0	nonpositive_frequency
腵	ㄐㄧㄚ	0	nonpositive_frequency
腽	ㄨㄚˋ	0	nonpositive_frequency
腽	ㄨㄣ	0	nonpositive_frequency
膁	ㄑㄧㄢˇ	0	nonpositive_frequency
膁	ㄧㄢˊ	0	nonpositive_frequency
膄	ㄕㄡˋ	0	nonpositive_frequency
膅	ㄊㄤˊ	0	nonpositive_frequency
膎	ㄒㄧㄝˊ	0	nonpositive_frequency
膐	ㄌㄩˇ	0	nonpositive_frequency
膓	ㄔㄤˊ	0	nonpositive_frequency
膔	ㄌㄨˋ	0	nonpositive_frequency
膖	ㄆㄤ	0	nonpositive_frequency
膡	ㄕㄥˋ	0	nonpositive_frequency
膪	ㄓㄞ	0	nonpositive_frequency
膭	ㄍㄨㄟ	0	nonpositive_frequency
膭	ㄏㄨㄟˋ	0	nonpositive_frequency
膸	ㄙㄨㄟˇ	0	nonpositive_frequency
膸	ㄨㄟˇ	0	nonpositive_frequency
臁	ㄌㄧㄢˊ	0	nonpositive_frequency
臈	ㄌㄚˋ	0	nonpositive_frequency
臋	ㄊㄨㄣˊ	0	nonpositive_frequency
臎	ㄗㄨㄟˇ	0	nonpositive_frequency
臔	ㄒㄧㄢˋ	0	nonpositive_frequency
臖	ㄒㄧㄥˋ	0	nonpositive_frequency
臤	ㄑㄧㄢ	0	nonpositive_frequency
臤	ㄑㄧㄣˋ	0	nonpositive_frequency
臦	ㄍㄨㄤˋ	0	nonpositive_frequency
臦	ㄨㄤˇ	0	nonpositive_frequency
臫	ㄐㄧㄠˇ	0	nonpositive_frequency
臯	ㄍㄠ	0	nonpositive_frequency
臯	ㄍㄠˇ	0	nonpositive_frequency
臰	ㄒㄧㄡˋ	0	nonpositive_frequency
臰	ㄔㄡˋ	0	nonpositive_frequency
臱	ㄇㄧㄢˊ	0	nonpositive_frequency
臵	ㄍㄜˊ	0	nonpositive_frequency
臶	ㄐㄧㄢˋ	0	nonpositive_frequency
臽	ㄉㄢˋ	0	nonpositive_frequency
臽	ㄒㄧㄢˋ	0	nonpositive_frequency
舃	ㄒㄧˋ	0	nonpositive_frequency
舃	ㄒㄧㄝˇ	0	nonpositive_frequency
舎	ㄕㄜˇ	0	nonpositive_frequency
舏	ㄐㄧㄡˇ	0	nonpositive_frequency
舓	ㄕˋ	0	nonpositive_frequency
舘	ㄍㄨㄢˇ	0	nonpositive_frequency
舙	ㄏㄨㄚˋ	0	nonpositive_frequency
舚	ㄊㄢˋ	0	nonpositive_frequency
舤	ㄈㄢˊ	0	nonpositive_frequency
舦	ㄊㄞˋ	0	nonpositive_frequency
舧	ㄈㄢˊ	0	nonpositive_frequency
舩	ㄔㄨㄢˊ	0	nonpositive_frequency
舭	ㄅㄧˇ	0	nonpositive_frequency
艁	ㄗㄠˋ	0	nonpositive_frequency
艃	ㄌㄧˊ	0	nonpositive_frequency
艆	ㄌㄤˊ	0	nonpositive_frequency
艊	ㄅㄛˊ	0	nonpositive_frequency
艌	ㄑㄧㄢ	0	nonpositive_frequency
艌	ㄑㄧㄢˋ	0	nonpositive_frequency
艗	ㄧˋ	0	nonpositive_frequency
艢	ㄑㄧㄤˊ	0	nonpositive_frequency
艥	ㄐㄧˊ	0	nonpositive_frequency
艧	ㄏㄨㄛˋ	0	nonpositive_frequency
艪	ㄌㄨˇ	0	nonpositive_frequency
艶	ㄧㄢˋ	0	nonpositive_frequency
艹	ㄘㄠˇ	0	nonpositive_frequency
艻	ㄌㄜˋ	0	nonpositive_frequency
芁	ㄐㄧㄡ	0	nonpositive_frequency
芆	ㄔㄚ	0	nonpositive_frequency
芇	ㄇㄧㄢˊ	0	nonpositive_frequency
芉	ㄍㄢ	0	nonpositive_frequency
芌	ㄩˋ	0	nonpositive_frequency
芕	ㄙㄨㄟ	0	nonpositive_frequency
芖	ㄓˋ	0	nonpositive_frequency
芜	ㄨˊ	0	nonpositive_frequency
芦	ㄌㄨˊ	0	nonpositive_frequency
芪	ㄑㄧˊ	0	nonpositive_frequency
芲	ㄏㄨㄚ	0	nonpositive_frequency
芿	ㄖㄥˋ	0	nonpositive_frequency
苁	ㄗㄨㄥ	0	nonpositive_frequency
苁	ㄗㄨㄥˋ	0	nonpositive_frequency
苄	ㄅㄧㄢˋ	0	nonpositive_frequency
苉	ㄆㄧˇ	0	nonpositive_frequency
苊	ㄜˋ	0	nonpositive_frequency
苐	ㄉㄧˋ	0	nonpositive_frequency
苘	ㄑㄧㄥˇ	0	nonpositive_frequency
苚	ㄩㄥˋ	0	nonpositive_frequency
苝	ㄆㄟˋ	0	nonpositive_frequency
苢	ㄧˇ	0	nonpositive_frequency
苩	ㄅㄛˊ	0	nonpositive_frequency
苮	ㄒㄧㄢ	0	nonpositive_frequency
苷	ㄍㄢ	0	nonpositive_frequency
苸	ㄏㄨ	0	nonpositive_frequency
苼	ㄕㄥ	0	nonpositive_frequency
苽	ㄍㄨ	0	nonpositive_frequency
苿	ㄨㄟˋ	0	nonpositive_frequency
茋	ㄉㄧˇ	0	nonpositive_frequency
茎	ㄐㄧㄥ	0	nonpositive_frequency
茎	ㄐㄧㄥˋ	0	nonpositive_frequency
茘	ㄌㄧˋ	0	nonpositive_frequency
茚	ㄧㄣˋ	0	nonpositive_frequency
茝	ㄓˇ	0	nonpositive_frequency
茝	ㄔㄞˇ	0	nonpositive_frequency
茟	ㄩˋ	0	nonpositive_frequency
茡	ㄗˋ	0	nonpositive_frequency
茣	ㄨˊ	0	nonpositive_frequency
茮	ㄋㄧㄠˇ	0	nonpositive_frequency
茮	ㄐㄧㄠ	0	nonpositive_frequency
茰	ㄩˊ	0	nonpositive_frequency
茽	ㄓㄨㄥˋ	0	nonpositive_frequency
茾	ㄑㄧㄢ	0	nonpositive_frequency
荆	ㄐㄧㄥ	0	nonpositive_frequency
荕	ㄐㄧㄣ	0	nonpositive_frequency
荗	ㄕㄨˋ	0	nonpositive_frequency
荘	ㄓㄨㄤ	0	nonpositive_frequency
荣	ㄖㄨㄥˊ	0	nonpositive_frequency
荰	ㄉㄨˋ	0	nonpositive_frequency
荱	ㄨㄟˇ	0	nonpositive_frequency
荲	ㄌㄧˊ	0	nonpositive_frequency
荹	ㄅㄨˋ	0	nonpositive_frequency
莀	ㄔㄣˊ	0	nonpositive_frequency
莂	ㄅㄧㄝˊ	0	nonpositive_frequency
莄	ㄍㄥˇ	0	nonpositive_frequency
莅	ㄌㄧˋ	0	nonpositive_frequency
莑	ㄈㄥˊ	0	nonpositive_frequency
莜	ㄉㄧㄠˋ	0	nonpositive_frequency
莟	ㄏㄢˋ	0	nonpositive_frequency
莡	ㄘㄨㄛˋ	0	nonpositive_frequency
莬	ㄇㄧㄢˇ	0	nonpositive_frequency
莭	ㄐㄧㄝˊ	0	nonpositive_frequency
获	ㄏㄨㄛˋ	0	nonpositive_frequency
莾	ㄇㄤˇ	0	nonpositive_frequency
菍	ㄋㄧㄢˇ	0	nonpositive_frequency
菍	ㄖㄣˇ	0	nonpositive_frequency
菐	ㄆㄨˊ	0	nonpositive_frequency
菒	ㄍㄠˇ	0	nonpositive_frequency
菓	ㄍㄨㄛˇ	0	nonpositive_frequency
菔	ㄅㄛ˙	0	nonpositive_frequency
菚	ㄓㄢˋ	0	nonpositive_frequency
菦	ㄑㄧㄣˊ	0	nonpositive_frequency
菭	ㄊㄞˊ	0	nonpositive_frequency
萀	ㄏㄨˇ	0	nonpositive_frequency
萂	ㄏㄜˊ	0	nonpositive_frequency
萅	ㄔㄨㄣ	0	nonpositive_frequency
萈	ㄏㄨㄢˊ	0	nonpositive_frequency
萔	ㄊㄧㄠˊ	0	nonpositive_frequency
萕	ㄐㄧˋ	0	nonpositive_frequency
萖	ㄍㄨㄢ	0	nonpositive_frequency
萖	ㄍㄨㄢˇ	0	nonpositive_frequency
萖	ㄨㄢ	0	nonpositive_frequency
萖	ㄨㄢˇ	0	nonpositive_frequency
萗	ㄘㄜˋ	0	nonpositive_frequency
萘	ㄋㄞˋ	0	nonpositive_frequency
萟	ㄧˋ	0	nonpositive_frequency
萪	ㄎㄜ	0	nonpositive_frequency
萮	ㄩˇ	0	nonpositive_frequency
萾	ㄧㄥˊ	0	nonpositive_frequency
葁	ㄐㄧㄤ	0	nonpositive_frequency
葈	ㄒㄧˇ	0	nonpositive_frequency
葏	ㄐㄧㄥ	0	nonpositive_frequency
葓	ㄏㄨㄥˊ	0	nonpositive_frequency
葕	ㄊㄧㄥˊ	0	nonpositive_frequency
葜	ㄑㄧㄚ	0	nonpositive_frequency
葢	ㄍㄜˇ	0	nonpositive_frequency
葤	ㄓㄡˋ	0	nonpositive_frequency
葪	ㄐㄧˋ	0	nonpositive_frequency
葱	ㄘㄨㄥ	0	nonpositive_frequency
葲	ㄑㄩㄢˊ	0	nonpositive_frequency
葻	ㄈㄥˊ	0	nonpositive_frequency
葼	ㄗㄨㄥ	0	nonpositive_frequency
葿	ㄇㄟˊ	0	nonpositive_frequency
蒀	ㄩㄣ	0	nonpositive_frequency
蒁	ㄕㄨˋ	0	nonpositive_frequency
蒃	ㄓㄨㄢˋ	0	nonpositive_frequency
蒄	ㄍㄨㄢ	0	nonpositive_frequency
蒈	ㄎㄞˇ	0	nonpositive_frequency
蒓	ㄓㄨㄢ	0	nonpositive_frequency
蒓	ㄔㄨㄣˊ	0	nonpositive_frequency
蒕	ㄩㄣ	0	nonpositive_frequency
蒖	ㄓㄣ	0	nonpositive_frequency
蒣	ㄒㄩˊ	0	nonpositive_frequency
蒥	ㄌㄧㄡˊ	0	nonpositive_frequency
蒦	ㄏㄨㄛˋ	0	nonpositive_frequency
蒭	ㄔㄨˊ	0	nonpositive_frequency
蒳	ㄋㄚˋ	0	nonpositive_frequency
蒵	ㄒㄧˊ	0	nonpositive_frequency
蒷	ㄩㄣˊ	0	nonpositive_frequency
蒾	ㄇㄧˊ	0	nonpositive_frequency
蓃	ㄙㄡ	0	nonpositive_frequency
蓃	ㄙㄡˇ	0	nonpositive_frequency
蓈	ㄌㄤˊ	0	nonpositive_frequency
蓕	ㄍㄨㄟ	0	nonpositive_frequency
蓘	ㄍㄨㄣˇ	0	nonpositive_frequency
蓚	ㄊㄧㄠ	0	nonpositive_frequency
蓤	ㄌㄥˊ	0	nonpositive_frequency
蓤	ㄌㄧㄥˊ	0	nonpositive_frequency
蓵	ㄐㄧㄝˊ	0	nonpositive_frequency
蓸	ㄘㄠˊ	0	nonpositive_frequency
蔁	ㄓㄤ	0	nonpositive_frequency
蔃	ㄐㄧㄤˋ	0	nonpositive_frequency
蔄	ㄇㄢˋ	0	nonpositive_frequency
蔅	ㄧㄢˊ	0	nonpositive_frequency
蔐	ㄉㄧˊ	0	nonpositive_frequency
蔛	ㄏㄨˊ	0	nonpositive_frequency
蔢	ㄅㄛˋ	0	nonpositive_frequency
蔲	ㄎㄡˋ	0	nonpositive_frequency
蔳	ㄑㄧㄢˋ	0	nonpositive_frequency
蔳	ㄒㄧ	0	nonpositive_frequency
蔴	ㄇㄚˊ	0	nonpositive_frequency
蔵	ㄗㄤˋ	0	nonpositive_frequency
蔸	ㄉㄡ	0	nonpositive_frequency
蔿	ㄨㄟˇ	0	nonpositive_frequency
蕂	ㄕㄥˋ	0	nonpositive_frequency
蕇	ㄉㄧㄢˇ	0	nonpositive_frequency
蕋	ㄖㄨㄟˇ	0	nonpositive_frequency
蕌	ㄌㄟˇ	0	nonpositive_frequency
蕏	ㄓㄨ	0	nonpositive_frequency
蕏	ㄔㄨˊ	0	nonpositive_frequency
蕐	ㄏㄨㄚ	0	nonpositive_frequency
蕐	ㄏㄨㄚˊ	0	nonpositive_frequency
蕒	ㄇㄞˇ	0	nonpositive_frequency
蕚	ㄜˋ	0	nonpositive_frequency
蕜	ㄈㄟˇ	0	nonpositive_frequency
蕟	ㄈㄟˋ	0	nonpositive_frequency
蕯	ㄙㄚˋ	0	nonpositive_frequency
蕰	ㄩㄣˇ	0	nonpositive_frequency
蕽	ㄋㄨㄥˊ	0	nonpositive_frequency
蕿	ㄒㄩㄢ	0	nonpositive_frequency
薂	ㄒㄧˊ	0	nonpositive_frequency
薒	ㄘㄢˋ	0	nonpositive_frequency
薓	ㄐㄧㄥ	0	nonpositive_frequency
薗	ㄩㄢˊ	0	nonpositive_frequency
薥	ㄓㄨˊ	0	nonpositive_frequency
薫	ㄒㄩㄣ	0	nonpositive_frequency
薬	ㄧㄠˋ	0	nonpositive_frequency
薲	ㄆㄧㄣˊ	0	nonpositive_frequency
薻	ㄗㄠˇ	0	nonpositive_frequency
薼	ㄔㄣˊ	0	nonpositive_frequency
藁	ㄍㄠˇ	0	nonpositive_frequency
藊	ㄅㄧㄢˇ	0	nonpositive_frequency
藌	ㄇㄧˋ	0	nonpositive_frequency
藖	ㄒㄧㄢˊ	0	nonpositive_frequency
藛	ㄒㄧㄝˇ	0	nonpositive_frequency
藠	ㄒㄧㄠˋ	0	nonpositive_frequency
藧	ㄏㄨㄢˋ	0	nonpositive_frequency
藮	ㄑㄧㄠˊ	0	nonpositive_frequency
藳	ㄍㄠˇ	0	nonpositive_frequency
藴	ㄨㄣˋ	0	nonpositive_frequency
藼	ㄒㄩㄢ	0	nonpositive_frequency
蘂	ㄖㄨㄟˇ	0	nonpositive_frequency
蘃	ㄖㄨㄟˇ	0	nonpositive_frequency
蘈	ㄊㄨㄟ	0	nonpositive_frequency
蘍	ㄒㄩㄣ	0	nonpositive_frequency
蘎	ㄐㄧˋ	0	nonpositive_frequency
蘏	ㄐㄩㄥˇ	0	nonpositive_frequency
蘐	ㄒㄩㄢ	0	nonpositive_frequency
蘓	ㄙㄨ	0	nonpositive_frequency
蘕	ㄆㄥˊ	0	nonpositive_frequency
蘖	ㄋㄧㄝˋ	0	nonpositive_frequency
蘝	ㄌㄧㄢˊ	0	nonpositive_frequency
蘨	ㄧㄠˊ	0	nonpositive_frequency
蘫	ㄌㄢˊ	0	nonpositive_frequency
蘯	ㄉㄤˋ	0	nonpositive_frequency
蘽	ㄌㄟˇ	0	nonpositive_frequency
虁	ㄎㄨㄟˊ	0	nonpositive_frequency
虂	ㄌㄨˋ	0	nonpositive_frequency
虉	ㄧˋ	0	nonpositive_frequency
虊	ㄌㄩㄢˊ	0	nonpositive_frequency
虑	ㄅㄧˋ	0	nonpositive_frequency
虗	ㄒㄩ	0	nonpositive_frequency
虘	ㄘㄨㄛˊ	0	nonpositive_frequency
虚	ㄒㄩ	0	nonpositive_frequency
虝	ㄏㄨˇ	0	nonpositive_frequency
虠	ㄐㄧㄠ	0	nonpositive_frequency
虦	ㄓㄢˋ	0	nonpositive_frequency
虬	ㄐㄧㄡ	0	nonpositive_frequency
虬	ㄐㄧㄡˇ	0	nonpositive_frequency
虵	ㄕㄜˊ	0	nonpositive_frequency
虵	ㄧˊ	0	nonpositive_frequency
虸	ㄗˇ	0	nonpositive_frequency
虽	ㄙㄨㄟ	0	nonpositive_frequency
虽	ㄙㄨㄟˊ	0	nonpositive_frequency
蚄	ㄅㄤˋ	0	nonpositive_frequency
蚄	ㄈㄤ	0	nonpositive_frequency
蚈	ㄑㄧㄢ	0	nonpositive_frequency
蚉	ㄨㄣˊ	0	nonpositive_frequency
蚏	ㄩㄝˋ	0	nonpositive_frequency
蚒	ㄊㄨㄥˊ	0	nonpositive_frequency
蚛	ㄓㄨㄥˋ	0	nonpositive_frequency
蚟	ㄨㄤˊ	0	nonpositive_frequency
蚠	ㄈㄣˊ	0	nonpositive_frequency
蚦	ㄊㄧㄢˋ	0	nonpositive_frequency
蚦	ㄖㄢˊ	0	nonpositive_frequency
蚭	ㄋㄧˊ	0	nonpositive_frequency
蚮	ㄊㄜˋ	0	nonpositive_frequency
蚲	ㄆㄧㄥˊ	0	nonpositive_frequency
蚿	ㄒㄧㄢˊ	0	nonpositive_frequency
蛊	ㄍㄨˇ	0	nonpositive_frequency
蛊	ㄔㄨㄥˊ	0	nonpositive_frequency
蛒	ㄍㄜˊ	0	nonpositive_frequency
蛕	ㄏㄨㄟˊ	0	nonpositive_frequency
蛠	ㄌㄧˋ	0	nonpositive_frequency
蛡	ㄧˋ	0	nonpositive_frequency
蛥	ㄕㄜˊ	0	nonpositive_frequency
蛧	ㄨㄤˇ	0	nonpositive_frequency
蛮	ㄇㄢˊ	0	nonpositive_frequency
蛼	ㄔㄜ	0	nonpositive_frequency
蛽	ㄅㄟˋ	0	nonpositive_frequency
蛿	ㄏㄢˋ	0	nonpositive_frequency
蛿	ㄒㄧㄢˋ	0	nonpositive_frequency
蜏	ㄧㄡˇ	0	nonpositive_frequency
蜐	ㄐㄧㄝˊ	0	nonpositive_frequency
蜔	ㄉㄧㄢˋ	0	nonpositive_frequency
蜕	ㄊㄨㄟˋ	0	nonpositive_frequency
蜖	ㄏㄨㄟˊ	0	nonpositive_frequency
蜝	ㄑㄧˊ	0	nonpositive_frequency
蜟	ㄩˋ	0	nonpositive_frequency
蜫	ㄎㄨㄣ	0	nonpositive_frequency
蜯	ㄅㄤˋ	0	nonpositive_frequency
蜶	ㄙㄨㄛˋ	0	nonpositive_frequency
蜹	ㄋㄚˋ	0	nonpositive_frequency
蜹	ㄖㄨㄟˋ	0	nonpositive_frequency
蜽	ㄌㄧㄤˇ	0	nonpositive_frequency
蝅	ㄘㄢˊ	0	nonpositive_frequency
蝇	ㄧㄥˊ	0	nonpositive_frequency
蝰	ㄎㄨㄟ	0	nonpositive_frequency
蝱	ㄇㄥˊ	0	nonpositive_frequency
蝲	ㄌㄚˋ	0	nonpositive_frequency
蝼	ㄌㄡˊ	0	nonpositive_frequency
蝽	ㄔㄨㄢˇ	0	nonpositive_frequency
螆	ㄘˋ	0	nonpositive_frequency
螊	ㄌㄧㄢˊ	0	nonpositive_frequency
螋	ㄙㄡ	0	nonpositive_frequency
螌	ㄅㄢ	0	nonpositive_frequency
螎	ㄖㄨㄥˊ	0	nonpositive_frequency
螏	ㄐㄧˊ	0	nonpositive_frequency
螕	ㄅㄧ	0	nonpositive_frequency
螙	ㄉㄨˇ	0	nonpositive_frequency
螠	ㄧˋ	0	nonpositive_frequency
螡	ㄨㄣˊ	0	nonpositive_frequency
螱	ㄨㄟˋ	0	nonpositive_frequency
蟁	ㄨㄣˊ	0	nonpositive_frequency
蟂	ㄐㄧㄠ	0	nonpositive_frequency
蟇	ㄇㄚˊ	0	nonpositive_frequency
蟍	ㄌㄧˊ	0	nonpositive_frequency
蟎	ㄇㄢˊ	0	nonpositive_frequency
蟕	ㄗㄨㄟ	0	nonpositive_frequency
蟚	ㄆㄥˊ	0	nonpositive_frequency
蟩	ㄐㄩㄝˊ	0	nonpositive_frequency
蟮	ㄔㄢˊ	0	nonpositive_frequency
蟰	ㄒㄧㄠ	0	nonpositive_frequency
蟱	ㄨˊ	0	nonpositive_frequency
蟸	ㄌㄧˇ	0	nonpositive_frequency
蟽	ㄉㄚˊ	0	nonpositive_frequency
蠄	ㄑㄧㄣˊ	0	nonpositive_frequency
蠇	ㄌㄧˋ	0	nonpositive_frequency
蠎	ㄇㄤˇ	0	nonpositive_frequency
蠏	ㄒㄧㄝˇ	0	nonpositive_frequency
蠒	ㄐㄧㄢˇ	0	nonpositive_frequency
蠘	ㄐㄧㄝˊ	0	nonpositive_frequency
蠚	ㄏㄜˋ	0	nonpositive_frequency
蠚	ㄔㄨㄛˋ	0	nonpositive_frequency
蠞	ㄐㄧㄝˊ	0	nonpositive_frequency
蠥	ㄋㄧㄝˋ	0	nonpositive_frequency
蠧	ㄉㄨˇ	0	nonpositive_frequency
蠭	ㄈㄥ	0	nonpositive_frequency
蠺	ㄘㄢˊ	0	nonpositive_frequency
衂	ㄋㄧㄡˋ	0	nonpositive_frequency
衂	ㄋㄩˋ	0	nonpositive_frequency
衃	ㄆㄟ	0	nonpositive_frequency
衅	ㄒㄧㄣˋ	0	nonpositive_frequency
衆	ㄓㄨㄥˋ	0	nonpositive_frequency
衇	ㄇㄛˋ	0	nonpositive_frequency
衈	ㄦˋ	0	nonpositive_frequency
衉	ㄎㄜˋ	0	nonpositive_frequency
衏	ㄩㄢˋ	0	nonpositive_frequency
衑	ㄌㄧㄥˊ	0	nonpositive_frequency
衘	ㄒㄧㄢˊ	0	nonpositive_frequency
衚	ㄏㄨˊ	0	nonpositive_frequency
衜	ㄉㄠˋ	0	nonpositive_frequency
衞	ㄨㄟˋ	0	nonpositive_frequency
衟	ㄉㄠˋ	0	nonpositive_frequency
衠	ㄓㄨㄣ	0	nonpositive_frequency
衦	ㄍㄢˋ	0	nonpositive_frequency
衮	ㄍㄨㄣˇ	0	nonpositive_frequency
衳	ㄓㄨㄥ	0	nonpositive_frequency
衳	ㄘㄨㄥˇ	0	nonpositive_frequency
衸	ㄐㄧㄝˋ	0	nonpositive_frequency
衺	ㄒㄧㄚˊ	0	nonpositive_frequency
衺	ㄒㄩˊ	0	nonpositive_frequency
衺	ㄩˊ	0	nonpositive_frequency
衻	ㄖㄢˊ	0	nonpositive_frequency
袄	ㄠˇ	0	nonpositive_frequency
袊	ㄌㄧㄥˇ	0	nonpositive_frequency
袏	ㄗㄨㄛˋ	0	nonpositive_frequency
袐	ㄅㄧˇ	0	nonpositive_frequency
袔	ㄏㄜˋ	0	nonpositive_frequency
袜	ㄇㄛˋ	0	nonpositive_frequency
袝	ㄈㄨˋ	0	nonpositive_frequency
袠	ㄓˋ	0	nonpositive_frequency
袣	ㄧˋ	0	nonpositive_frequency
袥	ㄊㄨㄛˋ	0	nonpositive_frequency
袦	ㄐㄩㄝˇ	0	nonpositive_frequency
袩	ㄔㄢ	0	nonpositive_frequency
袳	ㄉㄨㄛˇ	0	nonpositive_frequency
袳	ㄑㄧˇ	0	nonpositive_frequency
袳	ㄔˇ	0	nonpositive_frequency
袴	ㄎㄨˋ	0	nonpositive_frequency
袵	ㄖㄣˋ	0	nonpositive_frequency
袻	ㄦˊ	0	nonpositive_frequency
袿	ㄍㄨㄚˋ	0	nonpositive_frequency
裑	ㄕㄣ	0	nonpositive_frequency
裓	ㄍㄜˊ	0	nonpositive_frequency
裠	ㄐㄩㄣ	0	nonpositive_frequency
裠	ㄑㄩㄣˊ	0	nonpositive_frequency
裦	ㄅㄠ	0	nonpositive_frequency
裦	ㄅㄠˇ	0	nonpositive_frequency
裩	ㄎㄨㄣ	0	nonpositive_frequency
裪	ㄊㄠˊ	0	nonpositive_frequency
裫	ㄩㄢ	0	nonpositive_frequency
裭	ㄉㄧˋ	0	nonpositive_frequency
裭	ㄔˇ	0	nonpositive_frequency
裵	ㄆㄟˊ	0	nonpositive_frequency
裿	ㄑㄧˇ	0	nonpositive_frequency
裿	ㄧˇ	0	nonpositive_frequency
褀	ㄐㄧˋ	0	nonpositive_frequency
褃	ㄊㄨㄟˋ	0	nonpositive_frequency
褃	ㄎㄣˋ	0	nonpositive_frequency
褈	ㄓㄨㄥˋ	0	nonpositive_frequency
褍	ㄉㄨㄢ	0	nonpositive_frequency
褏	ㄒㄧㄡˋ	0	nonpositive_frequency
褛	ㄌㄩˇ	0	nonpositive_frequency
褠	ㄍㄡ	0	nonpositive_frequency
褤	ㄩㄢˋ	0	nonpositive_frequency
褨	ㄔㄚˊ	0	nonpositive_frequency
褨	ㄙㄨㄛˇ	0	nonpositive_frequency
褹	ㄋㄧㄝˋ	0	nonpositive_frequency
褹	ㄧˋ	0	nonpositive_frequency
褺	ㄉㄧㄝˊ	0	nonpositive_frequency
褿	ㄘㄠˊ	0	nonpositive_frequency
襀	ㄐㄧˋ	0	nonpositive_frequency
襃	ㄅㄠ	0	nonpositive_frequency
襃	ㄅㄠˇ	0	nonpositive_frequency
襈	ㄐㄩㄢˋ	0	nonpositive_frequency
襊	ㄘㄨㄛˋ	0	nonpositive_frequency
襍	ㄗㄚˊ	0	nonpositive_frequency
襎	ㄅㄛˋ	0	nonpositive_frequency
襥	ㄆㄨˊ	0	nonpositive_frequency
襧	ㄓˇ	0	nonpositive_frequency
襰	ㄌㄞˋ	0	nonpositive_frequency
襵	ㄓㄜˊ	0	nonpositive_frequency
襸	ㄗㄢˋ	0	nonpositive_frequency
襽	ㄌㄢˊ	0	nonpositive_frequency
覇	ㄅㄚˋ	0	nonpositive_frequency
覉	ㄐㄧ	0	nonpositive_frequency
覊	ㄐㄧ	0	nonpositive_frequency
覌	ㄏㄨㄢ	0	nonpositive_frequency
覍	ㄅㄧㄢˋ	0	nonpositive_frequency
覎	ㄧㄢˋ	0	nonpositive_frequency
覐	ㄐㄧㄠˇ	0	nonpositive_frequency
覑	ㄆㄧㄢˇ	0	nonpositive_frequency
覒	ㄇㄠˋ	0	nonpositive_frequency
覔	ㄇㄧˋ	0	nonpositive_frequency
覙	ㄓㄣˇ	0	nonpositive_frequency
覚	ㄐㄧㄠˇ	0	nonpositive_frequency
覠	ㄐㄩㄣ	0	nonpositive_frequency
覥	ㄇㄧㄢˇ	0	nonpositive_frequency
覧	ㄌㄢˇ	0	nonpositive_frequency
覨	ㄜˋ	0	nonpositive_frequency
覩	ㄉㄨˇ	0	nonpositive_frequency
覫	ㄆㄤˇ	0	nonpositive_frequency
覰	ㄑㄩˋ	0	nonpositive_frequency
覰	ㄒㄩ	0	nonpositive_frequency
覱	ㄓㄢˋ	0	nonpositive_frequency
観	ㄍㄨㄢ	0	nonpositive_frequency
観	ㄍㄨㄢˋ	0	nonpositive_frequency
覴	ㄉㄥˋ	0	nonpositive_frequency
覵	ㄑㄧㄢ	0	nonpositive_frequency
覻	ㄑㄩˋ	0	nonpositive_frequency
覻	ㄒㄩ	0	nonpositive_frequency
覼	ㄌㄨㄛˊ	0	nonpositive_frequency
觗	ㄓˋ	0	nonpositive_frequency
觘	ㄔㄠˋ	0	nonpositive_frequency
觧	ㄐㄧㄝˇ	0	nonpositive_frequency
觪	ㄒㄧㄥ	0	nonpositive_frequency
觮	ㄌㄨˋ	0	nonpositive_frequency
觮	ㄐㄩㄝˊ	0	nonpositive_frequency
觵	ㄍㄨㄥ	0	nonpositive_frequency
觹	ㄐㄩㄢˋ	0	nonpositive_frequency
觹	ㄒㄧ	0	nonpositive_frequency
觽	ㄐㄩㄢˋ	0	nonpositive_frequency
觽	ㄒㄧ	0	nonpositive_frequency
訅	ㄑㄧㄡˊ	0	nonpositive_frequency
訆	ㄐㄧㄠˋ	0	nonpositive_frequency
訉	ㄈㄢˋ	0	nonpositive_frequency
訋	ㄉㄧㄠˋ	0	nonpositive_frequency
訍	ㄔㄚ	0	nonpositive_frequency
訍	ㄔㄚˋ	0	nonpositive_frequency
訔	ㄧㄣˊ	0	nonpositive_frequency
訙	ㄒㄩㄣˋ	0	nonpositive_frequency
訜	ㄈㄣ	0	nonpositive_frequency
訠	ㄕㄣˇ	0	nonpositive_frequency
訡	ㄧㄣˊ	0	nonpositive_frequency
訤	ㄧㄠˊ	0	nonpositive_frequency
訦	ㄔㄣˊ	0	nonpositive_frequency
訨	ㄓˇ	0	nonpositive_frequency
訩	ㄒㄩㄥ	0	nonpositive_frequency
訫	ㄒㄧㄣˋ	0	nonpositive_frequency
訫	ㄕㄣ	0	nonpositive_frequency
訮	ㄊㄧㄢ	0	nonpositive_frequency
訮	ㄒㄧㄢˊ	0	nonpositive_frequency
訮	ㄧㄢˊ	0	nonpositive_frequency
訯	ㄕㄚˇ	0	nonpositive_frequency
訲	ㄧˋ	0	nonpositive_frequency
訷	ㄕㄣ	0	nonpositive_frequency
訸	ㄏㄜˊ	0	nonpositive_frequency
訽	ㄍㄡˋ	0	nonpositive_frequency
詂	ㄈㄨˋ	0	nonpositive_frequency
詃	ㄐㄧㄢˇ	0	nonpositive_frequency
詇	ㄧㄤˇ	0	nonpositive_frequency
詉	ㄋㄚˊ	0	nonpositive_frequency
詋	ㄓㄡˋ	0	nonpositive_frequency
詓	ㄑㄩˇ	0	nonpositive_frequency
詚	ㄉㄚˊ	0	nonpositive_frequency
詜	ㄊㄠ	0	nonpositive_frequency
詝	ㄓㄨˇ	0	nonpositive_frequency
詤	ㄏㄨㄤˇ	0	nonpositive_frequency
詥	ㄍㄜˊ	0	nonpositive_frequency
詧	ㄔㄚˊ	0	nonpositive_frequency
詪	ㄏㄣˇ	0	nonpositive_frequency
詯	ㄏㄨㄟˋ	0	nonpositive_frequency
詸	ㄇㄟˋ	0	nonpositive_frequency
詽	ㄊㄧㄢ	0	nonpositive_frequency
詽	ㄒㄧㄢˊ	0	nonpositive_frequency
詽	ㄧㄢˊ	0	nonpositive_frequency
詾	ㄒㄩㄥ	0	nonpositive_frequency
誀	ㄔˇ	0	nonpositive_frequency
誎	ㄘㄨˋ	0	nonpositive_frequency
誐	ㄜˊ	0	nonpositive_frequency
誔	ㄊㄧㄥˇ	0	nonpositive_frequency
誗	ㄔㄢˊ	0	nonpositive_frequency
誛	ㄑㄧㄣ	0	nonpositive_frequency
誜	ㄕㄨㄚˋ	0	nonpositive_frequency
誟	ㄐㄧㄠ	0	nonpositive_frequency
誢	ㄒㄧㄢˋ	0	nonpositive_frequency
誩	ㄐㄧㄥˋ	0	nonpositive_frequency
説	ㄕㄨㄛ	0	nonpositive_frequency
説	ㄕㄨㄟˋ	0	nonpositive_frequency
説	ㄩㄝˋ	0	nonpositive_frequency
誯	ㄔㄤˋ	0	nonpositive_frequency
誱	ㄐㄧㄝˊ	0	nonpositive_frequency
誳	ㄑㄩ	0	nonpositive_frequency
誳	ㄓㄨㄛˊ	0	nonpositive_frequency
誳	ㄔㄨˋ	0	nonpositive_frequency
誴	ㄘㄨㄥˊ	0	nonpositive_frequency
誵	ㄒㄧㄠˊ	0	nonpositive_frequency
誷	ㄨㄤˇ	0	nonpositive_frequency
諁	ㄔㄨㄛˋ	0	nonpositive_frequency
諊	ㄐㄩˊ	0	nonpositive_frequency
諌	ㄉㄨㄥˇ	0	nonpositive_frequency
諎	ㄐㄧㄝˋ	0	nonpositive_frequency
諎	ㄗㄜˋ	0	nonpositive_frequency
諐	ㄑㄧㄢ	0	nonpositive_frequency
諐	ㄧㄢˇ	0	nonpositive_frequency
諣	ㄍㄨㄚ	0	nonpositive_frequency
諣	ㄏㄨㄚˋ	0	nonpositive_frequency
諥	ㄓㄨㄥˋ	0	nonpositive_frequency
諩	ㄆㄨˇ	0	nonpositive_frequency
諪	ㄊㄧㄥˊ	0	nonpositive_frequency
諬	ㄑㄧˇ	0	nonpositive_frequency
諹	ㄧㄤˋ	0	nonpositive_frequency
諽	ㄍㄜˊ	0	nonpositive_frequency
謉	ㄉㄨㄟˇ	0	nonpositive_frequency
謌	ㄍㄜ	0	nonpositive_frequency
謟	ㄊㄠ	0	nonpositive_frequency
謩	ㄇㄛˊ	0	nonpositive_frequency
謭	ㄐㄧㄢˇ	0	nonpositive_frequency
謲	ㄔㄣˇ	0	nonpositive_frequency
謲	ㄙㄢ	0	nonpositive_frequency
謴	ㄍㄨㄣˋ	0	nonpositive_frequency
謸	ㄠˋ	0	nonpositive_frequency
謿	ㄓㄠ	0	nonpositive_frequency
謿	ㄔㄠˊ	0	nonpositive_frequency
譃	ㄒㄩ	0	nonpositive_frequency
譄	ㄗㄥ	0	nonpositive_frequency
譌	ㄜˊ	0	nonpositive_frequency
譍	ㄧㄥ	0	nonpositive_frequency
譍	ㄧㄥˋ	0	nonpositive_frequency
譞	ㄒㄩㄢ	0	nonpositive_frequency
譡	ㄉㄤˇ	0	nonpositive_frequency
譢	ㄙㄨㄟˋ	0	nonpositive_frequency
譤	ㄐㄧㄠ	0	nonpositive_frequency
譤	ㄐㄧㄠˇ	0	nonpositive_frequency
譮	ㄏㄨㄚˋ	0	nonpositive_frequency
譱	ㄕㄢˋ	0	nonpositive_frequency
譳	ㄋㄡˋ	0	nonpositive_frequency
譵	ㄉㄨㄟˋ	0	nonpositive_frequency
譶	ㄊㄚˋ	0	nonpositive_frequency
譼	ㄐㄧㄢ	0	nonpositive_frequency
譼	ㄐㄧㄢˋ	0	nonpositive_frequency
讀	ㄉㄡˋ	0	nonpositive_frequency
讁	ㄉㄧˊ	0	nonpositive_frequency
讃	ㄗㄢˋ	0	nonpositive_frequency
讇	ㄔㄢˇ	0	nonpositive_frequency
讉	ㄧˊ	0	nonpositive_frequency
讍	ㄜˋ	0	nonpositive_frequency
讐	ㄔㄡˊ	0	nonpositive_frequency
讑	ㄧㄠˋ	0	nonpositive_frequency
讗	ㄍㄨㄛˊ	0	nonpositive_frequency
讗	ㄒㄧ	0	nonpositive_frequency
讛	ㄧˋ	0	nonpositive_frequency
讝	ㄓㄢ	0	nonpositive_frequency
谸	ㄑㄧㄢ	0	nonpositive_frequency
谺	ㄒㄧㄚ	0	nonpositive_frequency
谺	ㄧㄚˊ	0	nonpositive_frequency
豀	ㄑㄧ	0	nonpositive_frequency
豄	ㄒㄧㄚ	0	nonpositive_frequency
豄	ㄧㄚˊ	0	nonpositive_frequency
豑	ㄓˋ	0	nonpositive_frequency
豓	ㄧㄢˋ	0	nonpositive_frequency
豘	ㄊㄨㄣˊ	0	nonpositive_frequency
豙	ㄧˋ	0	nonpositive_frequency
豛	ㄧˋ	0	nonpositive_frequency
豞	ㄏㄡˋ	0	nonpositive_frequency
豠	ㄔㄨˊ	0	nonpositive_frequency
豣	ㄐㄧㄢ	0	nonpositive_frequency
豣	ㄧㄢˊ	0	nonpositive_frequency
豧	ㄆㄨ	0	nonpositive_frequency
豴	ㄉㄧˊ	0	nonpositive_frequency
豴	ㄓˊ	0	nonpositive_frequency
豼	ㄅㄧˇ	0	nonpositive_frequency
豾	ㄆㄧ	0	nonpositive_frequency
豿	ㄍㄡˇ	0	nonpositive_frequency
貃	ㄅㄛˊ	0	nonpositive_frequency
貇	ㄎㄣˇ	0	nonpositive_frequency
貈	ㄇㄛˋ	0	nonpositive_frequency
貈	ㄌㄨㄛˋ	0	nonpositive_frequency
貋	ㄏㄢˋ	0	nonpositive_frequency
貋	ㄢˋ	0	nonpositive_frequency
貎	ㄋㄧˊ	0	nonpositive_frequency
貖	ㄧˋ	0	nonpositive_frequency
貛	ㄏㄨㄢ	0	nonpositive_frequency
貟	ㄩㄢˊ	0	nonpositive_frequency
貦	ㄨㄢˊ	0	nonpositive_frequency
貭	ㄓˊ	0	nonpositive_frequency
貮	ㄦˋ	0	nonpositive_frequency
貱	ㄅㄧˋ	0	nonpositive_frequency
賆	ㄆㄧㄢˊ	0	nonpositive_frequency
賉	ㄒㄩˋ	0	nonpositive_frequency
賋	ㄐㄧㄠˇ	0	nonpositive_frequency
賍	ㄗㄤ	0	nonpositive_frequency
賐	ㄒㄩㄣˋ	0	nonpositive_frequency
賔	ㄅㄧㄣ	0	nonpositive_frequency
賔	ㄅㄧㄣˋ	0	nonpositive_frequency
賖	ㄕㄜ	0	nonpositive_frequency
賛	ㄗㄢˋ	0	nonpositive_frequency
賩	ㄗㄨㄥ	0	nonpositive_frequency
賩	ㄘㄨㄥˊ	0	nonpositive_frequency
賫	ㄐㄧ	0	nonpositive_frequency
賯	ㄇㄧㄣˊ	0	nonpositive_frequency
賲	ㄅㄠˇ	0	nonpositive_frequency
賶	ㄘㄤˋ	0	nonpositive_frequency
賷	ㄐㄧ	0	nonpositive_frequency
賺	ㄗㄨㄢˋ	0	nonpositive_frequency
賿	ㄌㄧㄠˊ	0	nonpositive_frequency
贁	ㄅㄞˋ	0	nonpositive_frequency
贃	ㄨㄢˋ	0	nonpositive_frequency
贋	ㄧㄢˋ	0	nonpositive_frequency
贋	ㄧㄥ	0	nonpositive_frequency
贎	ㄨㄢˋ	0	nonpositive_frequency
贑	ㄍㄢˋ	0	nonpositive_frequency
贒	ㄒㄧㄢˊ	0	nonpositive_frequency
贚	ㄌㄨㄥˋ	0	nonpositive_frequency
贜	ㄗㄤ	0	nonpositive_frequency
赥	ㄒㄧˋ	0	nonpositive_frequency
赬	ㄔㄥ	0	nonpositive_frequency
赮	ㄒㄧㄚˊ	0	nonpositive_frequency
赯	ㄊㄤˊ	0	nonpositive_frequency
赱	ㄗㄡˇ	0	nonpositive_frequency
赳	ㄐㄧㄡ	0	nonpositive_frequency
赺	ㄧㄣˇ	0	nonpositive_frequency
赾	ㄑㄧㄣˇ	0	nonpositive_frequency
赿	ㄓˋ	0	nonpositive_frequency
趂	ㄔㄣˋ	0	nonpositive_frequency
趃	ㄉㄧㄝˊ	0	nonpositive_frequency
趆	ㄉㄧ	0	nonpositive_frequency
趇	ㄙㄜˋ	0	nonpositive_frequency
趈	ㄓㄢ	0	nonpositive_frequency
趋	ㄑㄩ	0	nonpositive_frequency
趋	ㄘㄨˋ	0	nonpositive_frequency
趌	ㄐㄧㄝˊ	0	nonpositive_frequency
趍	ㄔˊ	0	nonpositive_frequency
趎	ㄔㄨˊ	0	nonpositive_frequency
趏	ㄍㄨㄚ	0	nonpositive_frequency
趐	ㄒㄩㄝˋ	0	nonpositive_frequency
趑	ㄗ	0	nonpositive_frequency
趒	ㄊㄧㄠˊ	0	nonpositive_frequency
趓	ㄉㄨㄛˇ	0	nonpositive_frequency
趔	ㄌㄧㄝˋ	0	nonpositive_frequency
趗	ㄘㄨˋ	0	nonpositive_frequency
趘	ㄒㄧˊ	0	nonpositive_frequency
趚	ㄙㄨˋ	0	nonpositive_frequency
趝	ㄐㄧㄢˋ	0	nonpositive_frequency
趞	ㄐㄧˊ	0	nonpositive_frequency
趢	ㄌㄨˋ	0	nonpositive_frequency
趤	ㄉㄤˋ	0	nonpositive_frequency
趩	ㄔˋ	0	nonpositive_frequency
趻	ㄔㄣˇ	0	nonpositive_frequency
趽	ㄈㄤ	0	nonpositive_frequency
跀	ㄩㄝˋ	0	nonpositive_frequency
跃	ㄩㄝˋ	0	nonpositive_frequency
跉	ㄌㄧㄥˊ	0	nonpositive_frequency
跊	ㄇㄟˋ	0	nonpositive_frequency
跒	ㄑㄧㄚˇ	0	nonpositive_frequency
跔	ㄈㄨˇ	0	nonpositive_frequency
跜	ㄋㄧˊ	0	nonpositive_frequency
跭	ㄒㄧㄤˊ	0	nonpositive_frequency
踁	ㄐㄧㄥˋ	0	nonpositive_frequency
踈	ㄕㄨ	0	nonpositive_frequency
踈	ㄕㄨˋ	0	nonpositive_frequency
踋	ㄐㄧㄠˇ	0	nonpositive_frequency
踨	ㄗㄨㄥ	0	nonpositive_frequency
踪	ㄗㄨㄥ	0	nonpositive_frequency
踲	ㄉㄨㄣˋ	0	nonpositive_frequency
踷	ㄓㄚˇ	0	nonpositive_frequency
踺	ㄐㄧㄢˋ	0	nonpositive_frequency
踻	ㄊㄨㄛˊ	0	nonpositive_frequency
踻	ㄍㄨㄚ	0	nonpositive_frequency
蹃	ㄋㄨㄛˋ	0	nonpositive_frequency
蹆	ㄊㄨㄟˇ	0	nonpositive_frequency
蹏	ㄊㄧˊ	0	nonpositive_frequency
蹑	ㄋㄧㄝˋ	0	nonpositive_frequency
蹑	ㄕㄜˋ	0	nonpositive_frequency
蹘	ㄌㄧㄠˊ	0	nonpositive_frequency
蹨	ㄋㄧㄢˇ	0	nonpositive_frequency
蹨	ㄖㄢˇ	0	nonpositive_frequency
蹫	ㄐㄩˊ	0	nonpositive_frequency
蹮	ㄑㄧㄢ	0	nonpositive_frequency
蹯	ㄈㄢˊ	0	nonpositive_frequency
蹰	ㄔㄨˊ	0	nonpositive_frequency
蹱	ㄓㄨㄥ	0	nonpositive_frequency
蹵	ㄘㄨˋ	0	nonpositive_frequency
蹷	ㄐㄩㄝˇ	0	nonpositive_frequency
蹹	ㄊㄚˋ	0	nonpositive_frequency
躃	ㄅㄧˋ	0	nonpositive_frequency
躎	ㄋㄧㄢˇ	0	nonpositive_frequency
躙	ㄌㄧㄣˊ	0	nonpositive_frequency
躢	ㄊㄚˋ	0	nonpositive_frequency
躤	ㄐㄧㄝˋ	0	nonpositive_frequency
躧	ㄒㄧˇ	0	nonpositive_frequency
躭	ㄉㄢ	0	nonpositive_frequency
躯	ㄑㄩ	0	nonpositive_frequency
躰	ㄊㄧˇ	0	nonpositive_frequency
躱	ㄉㄨㄛˇ	0	nonpositive_frequency
躳	ㄍㄨㄥ	0	nonpositive_frequency
躴	ㄌㄤˊ	0	nonpositive_frequency
躶	ㄌㄨㄛˇ	0	nonpositive_frequency
躷	ㄞˇ	0	nonpositive_frequency
躸	ㄐㄧ	0	nonpositive_frequency
躹	ㄐㄩˊ	0	nonpositive_frequency
躿	ㄎㄤ	0	nonpositive_frequency
軁	ㄌㄡˊ	0	nonpositive_frequency
軃	ㄉㄨㄛˇ	0	nonpositive_frequency
軄	ㄓˊ	0	nonpositive_frequency
軆	ㄊㄧˇ	0	nonpositive_frequency
軇	ㄉㄠˋ	0	nonpositive_frequency
軎	ㄨㄟˋ	0	nonpositive_frequency
軐	ㄒㄧㄢˋ	0	nonpositive_frequency
軖	ㄎㄨㄤˊ	0	nonpositive_frequency
軙	ㄓㄣˋ	0	nonpositive_frequency
軚	ㄉㄞˋ	0	nonpositive_frequency
軤	ㄏㄨ	0	nonpositive_frequency
軭	ㄎㄨㄤ	0	nonpositive_frequency
軰	ㄅㄟˋ	0	nonpositive_frequency
軲	ㄍㄨ	0	nonpositive_frequency
軳	ㄆㄠˊ	0	nonpositive_frequency
軽	ㄑㄧㄥ	0	nonpositive_frequency
輄	ㄍㄨㄤ	0	nonpositive_frequency
輏	ㄑㄧㄡˊ	0	nonpositive_frequency
輏	ㄧㄡˊ	0	nonpositive_frequency
輖	ㄓㄡ	0	nonpositive_frequency
輙	ㄓㄜˊ	0	nonpositive_frequency
輡	ㄎㄢˇ	0	nonpositive_frequency
輢	ㄧˇ	0	nonpositive_frequency
輧	ㄆㄧㄥˊ	0	nonpositive_frequency
輨	ㄍㄨㄢ	0	nonpositive_frequency
輨	ㄍㄨㄢˇ	0	nonpositive_frequency
輫	ㄆㄞˊ	0	nonpositive_frequency
輭	ㄖㄨㄢˇ	0	nonpositive_frequency
輰	ㄧㄤˊ	0	nonpositive_frequency
輱	ㄒㄧㄢˊ	0	nonpositive_frequency
輼	ㄨㄣ	0	nonpositive_frequency
輽	ㄈㄢˋ	0	nonpositive_frequency
轁	ㄉㄠˋ	0	nonpositive_frequency
轁	ㄊㄠ	0	nonpositive_frequency
轊	ㄨㄟˋ	0	nonpositive_frequency
轏	ㄓㄢˋ	0	nonpositive_frequency
轑	ㄌㄠˇ	0	nonpositive_frequency
轓	ㄈㄢ	0	nonpositive_frequency
轜	ㄦˊ	0	nonpositive_frequency
轥	ㄌㄧㄣˊ	0	nonpositive_frequency
辝	ㄘˊ	0	nonpositive_frequency
辞	ㄘˊ	0	nonpositive_frequency
辠	ㄗㄨㄟˋ	0	nonpositive_frequency
辡	ㄅㄧㄢˋ	0	nonpositive_frequency
辢	ㄌㄚˋ	0	nonpositive_frequency
辤	ㄘˊ	0	nonpositive_frequency
辥	ㄒㄩㄝ	0	nonpositive_frequency
辧	ㄅㄧㄢˋ	0	nonpositive_frequency
辬	ㄅㄢ	0	nonpositive_frequency
辳	ㄋㄨㄥˊ	0	nonpositive_frequency
辵	ㄔㄨㄛˋ	0	nonpositive_frequency
辶	ㄔㄨㄛˋ	0	nonpositive_frequency
辸	ㄖㄥˊ	0	nonpositive_frequency
边	ㄅㄧㄢ	0	nonpositive_frequency
达	ㄉㄚˊ	0	nonpositive_frequency
迀	ㄍㄢ	0	nonpositive_frequency
迁	ㄑㄧㄢ	0	nonpositive_frequency
过	ㄍㄨㄛ	0	nonpositive_frequency
过	ㄍㄨㄛˋ	0	nonpositive_frequency
迊	ㄗㄚ	0	nonpositive_frequency
迌	ㄊㄨˋ	0	nonpositive_frequency
迏	ㄉㄚˊ	0	nonpositive_frequency
运	ㄩㄣˇ	0	nonpositive_frequency
还	ㄏㄞˊ	0	nonpositive_frequency
还	ㄏㄨㄢˊ	0	nonpositive_frequency
这	ㄓㄜˋ	0	nonpositive_frequency
迧	ㄓㄣˋ	0	nonpositive_frequency
迩	ㄦˇ	0	nonpositive_frequency
迬	ㄨㄤˇ	0	nonpositive_frequency
迯	ㄊㄠˊ	0	nonpositive_frequency
迱	ㄧˇ	0	nonpositive_frequency
迹	ㄐㄧ	0	nonpositive_frequency
逇	ㄉㄨㄣˋ	0	nonpositive_frequency
逈	ㄐㄩㄥˇ	0	nonpositive_frequency
选	ㄒㄩㄢˇ	0	nonpositive_frequency
逎	ㄑㄧㄡˊ	0	nonpositive_frequency
逎	ㄧㄡˊ	0	nonpositive_frequency
递	ㄉㄧˋ	0	nonpositive_frequency
逓	ㄉㄧˋ	0	nonpositive_frequency
逘	ㄙˋ	0	nonpositive_frequency
逥	ㄏㄨㄟˊ	0	nonpositive_frequency
逨	ㄌㄞˊ	0	nonpositive_frequency
逩	ㄅㄣˋ	0	nonpositive_frequency
逪	ㄘㄨㄛˋ	0	nonpositive_frequency
逫	ㄐㄩㄝˊ	0	nonpositive_frequency
逬	ㄅㄥˋ	0	nonpositive_frequency
逬	ㄅㄧㄥˇ	0	nonpositive_frequency
逰	ㄧㄡˊ	0	nonpositive_frequency
逳	ㄩˋ	0	nonpositive_frequency
逷	ㄉㄧˊ	0	nonpositive_frequency
逺	ㄕㄨㄤˇ	0	nonpositive_frequency
逻	ㄌㄨㄛˊ	0	nonpositive_frequency
遀	ㄙㄨㄟˊ	0	nonpositive_frequency
遃	ㄢˋ	0	nonpositive_frequency
遃	ㄧㄢˇ	0	nonpositive_frequency
遅	ㄓˋ	0	nonpositive_frequency
遆	ㄊㄧˊ	0	nonpositive_frequency
遈	ㄕˊ	0	nonpositive_frequency
遌	ㄨˇ	0	nonpositive_frequency
遚	ㄔㄡˋ	0	nonpositive_frequency
遟	ㄓˋ	0	nonpositive_frequency
遡	ㄙㄨˋ	0	nonpositive_frequency
遡	ㄙㄨㄛˋ	0	nonpositive_frequency
遦	ㄍㄨㄢˋ	0	nonpositive_frequency
遪	ㄘㄚˋ	0	nonpositive_frequency
遬	ㄔㄨㄛˋ	0	nonpositive_frequency
遱	ㄌㄡˊ	0	nonpositive_frequency
邉	ㄅㄧㄢ	0	nonpositive_frequency
邌	ㄌㄧˊ	0	nonpositive_frequency
邎	ㄧㄡˊ	0	nonpositive_frequency
邒	ㄊㄧㄥˊ	0	nonpositive_frequency
邓	ㄉㄥˋ	0	nonpositive_frequency
邓	ㄕㄢ	0	nonpositive_frequency
邖	ㄕㄢ	0	nonpositive_frequency
邚	ㄖㄨˊ	0	nonpositive_frequency
邤	ㄒㄧㄣ	0	nonpositive_frequency
邨	ㄘㄨㄣ	0	nonpositive_frequency
邩	ㄏㄨㄛˇ	0	nonpositive_frequency
邫	ㄅㄤ	0	nonpositive_frequency
邭	ㄐㄩˋ	0	nonpositive_frequency
邮	ㄧㄡˊ	0	nonpositive_frequency
邷	ㄨㄚˇ	0	nonpositive_frequency
邹	ㄗㄡ	0	nonpositive_frequency
邼	ㄎㄨㄤ	0	nonpositive_frequency
郀	ㄎㄨ	0	nonpositive_frequency
郂	ㄍㄞ	0	nonpositive_frequency
郄	ㄑㄩㄝˋ	0	nonpositive_frequency
郄	ㄒㄧˋ	0	nonpositive_frequency
郆	ㄐㄧˊ	0	nonpositive_frequency
郉	ㄒㄧㄥˊ	0	nonpositive_frequency
郌	ㄍㄨㄟ	0	nonpositive_frequency
郍	ㄈㄨˊ	0	nonpositive_frequency
郍	ㄋㄨㄛˊ	0	nonpositive_frequency
郞	ㄌㄤˊ	0	nonpositive_frequency
郮	ㄓㄡ	0	nonpositive_frequency
郶	ㄅㄨˋ	0	nonpositive_frequency
郷	ㄒㄧㄤ	0	nonpositive_frequency
郷	ㄒㄧㄤˋ	0	nonpositive_frequency
鄈	ㄎㄨㄟˊ	0	nonpositive_frequency
鄊	ㄒㄧㄤ	0	nonpositive_frequency
鄊	ㄒㄧㄤˋ	0	nonpositive_frequency
鄌	ㄊㄤˊ	0	nonpositive_frequency
鄓	ㄐㄩˊ	0	nonpositive_frequency
鄕	ㄒㄧㄤ	0	nonpositive_frequency
鄕	ㄒㄧㄤˋ	0	nonpositive_frequency
鄥	ㄑㄧㄠ	0	nonpositive_frequency
鄷	ㄈㄥ	0	nonpositive_frequency
鄼	ㄗㄢˋ	0	nonpositive_frequency
鄽	ㄔㄢˊ	0	nonpositive_frequency
酀	ㄧㄢ	0	nonpositive_frequency
酑	ㄩˊ	0	nonpositive_frequency
酔	ㄗㄨㄟˋ	0	nonpositive_frequency
酙	ㄓㄣ	0	nonpositive_frequency
酧	ㄔㄡˊ	0	nonpositive_frequency
酫	ㄔㄨㄛˋ	0	nonpositive_frequency
酭	ㄧㄡˋ	0	nonpositive_frequency
酰	ㄒㄧㄢ	0	nonpositive_frequency
酶	ㄇㄟˊ	0	nonpositive_frequency
酻	ㄈㄨˊ	0	nonpositive_frequency
酻	ㄗㄨㄟˋ	0	nonpositive_frequency
酼	ㄏㄞˇ	0	nonpositive_frequency
醈	ㄉㄢˋ	0	nonpositive_frequency
醌	ㄎㄨㄣ	0	nonpositive_frequency
醎	ㄒㄧㄢˊ	0	nonpositive_frequency
醔	ㄑㄧㄡˊ	0	nonpositive_frequency
醔	ㄧㄡˊ	0	nonpositive_frequency
醕	ㄔㄨㄣˊ	0	nonpositive_frequency
醖	ㄨㄣˋ	0	nonpositive_frequency
醘	ㄎㄜˋ	0	nonpositive_frequency
醦	ㄔㄢˇ	0	nonpositive_frequency
醩	ㄗㄠ	0	nonpositive_frequency
醶	ㄌㄧㄢˇ	0	nonpositive_frequency
醻	ㄔㄡˊ	0	nonpositive_frequency
醿	ㄇㄧˊ	0	nonpositive_frequency
釄	ㄇㄧˊ	0	nonpositive_frequency
釖	ㄉㄠ	0	nonpositive_frequency
釛	ㄏㄜˊ	0	nonpositive_frequency
釞	ㄓˊ	0	nonpositive_frequency
釟	ㄅㄚ	0	nonpositive_frequency
釠	ㄌㄢˋ	0	nonpositive_frequency
釠	ㄌㄨㄢˋ	0	nonpositive_frequency
釢	ㄋㄞˇ	0	nonpositive_frequency
釥	ㄑㄧㄠˇ	0	nonpositive_frequency
釯	ㄇㄤˊ	0	nonpositive_frequency
釰	ㄖˋ	0	nonpositive_frequency
釲	ㄙˋ	0	nonpositive_frequency
釶	ㄕㄜˊ	0	nonpositive_frequency
釾	ㄧㄝˊ	0	nonpositive_frequency
鈈	ㄆㄧ	0	nonpositive_frequency
鈈	ㄆㄧˊ	0	nonpositive_frequency
鈋	ㄜˊ	0	nonpositive_frequency
鈎	ㄍㄡ	0	nonpositive_frequency
鈓	ㄖㄣˊ	0	nonpositive_frequency
鈘	ㄧˇ	0	nonpositive_frequency
鈛	ㄍㄨㄛ	0	nonpositive_frequency
鈝	ㄧㄣˊ	0	nonpositive_frequency
鈟	ㄉㄧㄠˋ	0	nonpositive_frequency
鈠	ㄧˋ	0	nonpositive_frequency
鈢	ㄋㄧㄝˋ	0	nonpositive_frequency
鈯	ㄊㄨˊ	0	nonpositive_frequency
鈵	ㄅㄧㄥˋ	0	nonpositive_frequency
鈻	ㄙˋ	0	nonpositive_frequency
鈼	ㄗㄨㄛˊ	0	nonpositive_frequency
鉁	ㄓㄣ	0	nonpositive_frequency
鉂	ㄕˇ	0	nonpositive_frequency
鉃	ㄗㄨˊ	0	nonpositive_frequency
鉄	ㄊㄧㄝˇ	0	nonpositive_frequency
鉇	ㄊㄚ	0	nonpositive_frequency
鉇	ㄊㄨㄛˊ	0	nonpositive_frequency
鉇	ㄕㄜˊ	0	nonpositive_frequency
鉕	ㄆㄛ	0	nonpositive_frequency
鉕	ㄆㄛˇ	0	nonpositive_frequency
鉘	ㄈㄨˊ	0	nonpositive_frequency
鉙	ㄓㄞˇ	0	nonpositive_frequency
鉜	ㄈㄨˊ	0	nonpositive_frequency
鉝	ㄌㄧˋ	0	nonpositive_frequency
鉟	ㄆㄧ	0	nonpositive_frequency
鉟	ㄆㄧˊ	0	nonpositive_frequency
鉢	ㄅㄛ	0	nonpositive_frequency
鉢	ㄅㄛˊ	0	nonpositive_frequency
鉨	ㄋㄧˇ	0	nonpositive_frequency
鉩	ㄋㄧㄝˋ	0	nonpositive_frequency
鉩	ㄒㄧˇ	0	nonpositive_frequency
鉪	ㄉㄞˋ	0	nonpositive_frequency
鉫	ㄐㄧㄚ	0	nonpositive_frequency
鉮	ㄕㄣ	0	nonpositive_frequency
鉵	ㄊㄨㄥˊ	0	nonpositive_frequency
銁	ㄐㄩㄣ	0	nonpositive_frequency
銄	ㄒㄧㄤˇ	0	nonpositive_frequency
銉	ㄩˋ	0	nonpositive_frequency
銏	ㄕㄢˋ	0	nonpositive_frequency
銐	ㄨˊ	0	nonpositive_frequency
銒	ㄐㄧㄢ	0	nonpositive_frequency
銒	ㄒㄧㄥˊ	0	nonpositive_frequency
銒	ㄧㄢˊ	0	nonpositive_frequency
銞	ㄐㄩㄣ	0	nonpositive_frequency
銟	ㄔㄚ	0	nonpositive_frequency
銭	ㄐㄧㄢˇ	0	nonpositive_frequency
銮	ㄌㄨㄢˊ	0	nonpositive_frequency
銱	ㄉㄧㄠˋ	0	nonpositive_frequency
銸	ㄓㄜˊ	0	nonpositive_frequency
銺	ㄗㄤˋ	0	nonpositive_frequency
銽	ㄊㄧㄢˇ	0	nonpositive_frequency
銽	ㄍㄨㄚ	0	nonpositive_frequency
銾	ㄍㄨㄥˇ	0	nonpositive_frequency
銿	ㄓㄨㄥ	0	nonpositive_frequency
鋔	ㄨㄢˇ	0	nonpositive_frequency
鋖	ㄊㄨㄛˇ	0	nonpositive_frequency
鋚	ㄊㄧㄠˊ	0	nonpositive_frequency
鋛	ㄍㄨㄥˇ	0	nonpositive_frequency
鋜	ㄔㄨㄛˋ	0	nonpositive_frequency
鋢	ㄌㄩㄝˋ	0	nonpositive_frequency
鋣	ㄧㄝˊ	0	nonpositive_frequency
鋥	ㄓㄥˋ	0	nonpositive_frequency
鋫	ㄌㄧˊ	0	nonpositive_frequency
鋬	ㄆㄢˋ	0	nonpositive_frequency
鋭	ㄖㄨㄟˋ	0	nonpositive_frequency
鋳	ㄓㄨˋ	0	nonpositive_frequency
鋶	ㄌㄩˇ	0	nonpositive_frequency
鋽	ㄉㄧㄠˋ	0	nonpositive_frequency
錃	ㄅㄟ	0	nonpositive_frequency
錅	ㄌㄧˊ	0	nonpositive_frequency
錇	ㄆㄡˊ	0	nonpositive_frequency
錊	ㄗㄨˋ	0	nonpositive_frequency
錊	ㄗㄨㄟˋ	0	nonpositive_frequency
錑	ㄌㄟˊ	0	nonpositive_frequency
錗	ㄨㄟˋ	0	nonpositive_frequency
錜	ㄋㄧㄝˋ	0	nonpositive_frequency
錬	ㄌㄧㄢˋ	0	nonpositive_frequency
錰	ㄕㄨˋ	0	nonpositive_frequency
錱	ㄓㄣ	0	nonpositive_frequency
録	ㄌㄨˋ	0	nonpositive_frequency
錷	ㄍㄚˊ	0	nonpositive_frequency
錽	ㄨㄢˇ	0	nonpositive_frequency
鍃	ㄏㄨ	0	nonpositive_frequency
鍅	ㄈㄚˇ	0	nonpositive_frequency
鍈	ㄧㄤ	0	nonpositive_frequency
鍓	ㄐㄧˊ	0	nonpositive_frequency
鍝	ㄩˊ	0	nonpositive_frequency
鍟	ㄕㄥ	0	nonpositive_frequency
鍢	ㄈㄨˋ	0	nonpositive_frequency
鍦	ㄕㄜˊ	0	nonpositive_frequency
鍨	ㄎㄨㄟˊ	0	nonpositive_frequency
鍩	ㄊㄧㄢˇ	0	nonpositive_frequency
鍫	ㄑㄧㄠ	0	nonpositive_frequency
鍮	ㄊㄡ	0	nonpositive_frequency
鍯	ㄘㄨㄥ	0	nonpositive_frequency
鍲	ㄇㄧㄣˊ	0	nonpositive_frequency
鍳	ㄐㄧㄢ	0	nonpositive_frequency
鍳	ㄐㄧㄢˋ	0	nonpositive_frequency
鍴	ㄉㄨㄢ	0	nonpositive_frequency
鍸	ㄏㄨˊ	0	nonpositive_frequency
鍽	ㄅㄧㄢ	0	nonpositive_frequency
鎁	ㄧㄝˊ	0	nonpositive_frequency
鎄	ㄧˇ	0	nonpositive_frequency
鎉	ㄊㄚˋ	0	nonpositive_frequency
鎋	ㄒㄧㄚˊ	0	nonpositive_frequency
鎐	ㄗㄨˊ	0	nonpositive_frequency
鎓	ㄨㄥ	0	nonpositive_frequency
鎛	ㄅㄛˊ	0	nonpositive_frequency
鎜	ㄆㄢˊ	0	nonpositive_frequency
鎠	ㄍㄤ	0	nonpositive_frequency
鎫	ㄨㄢˇ	0	nonpositive_frequency
鎭	ㄓㄣˋ	0	nonpositive_frequency
鎶	ㄍㄜ	0	nonpositive_frequency
鎸	ㄐㄩㄢ	0	nonpositive_frequency
鎻	ㄙㄨㄛˇ	0	nonpositive_frequency
鏁	ㄙㄨㄛˇ	0	nonpositive_frequency
鏅	ㄒㄧㄡ	0	nonpositive_frequency
鏅	ㄒㄧㄡˋ	0	nonpositive_frequency
鏆	ㄍㄨㄢˋ	0	nonpositive_frequency
鏉	ㄕㄡˋ	0	nonpositive_frequency
鏋	ㄇㄢˇ	0	nonpositive_frequency
鏓	ㄘㄨㄥ	0	nonpositive_frequency
鏛	ㄔㄤˊ	0	nonpositive_frequency
鏠	ㄈㄥ	0	nonpositive_frequency
鏥	ㄒㄧㄡˋ	0	nonpositive_frequency
鏩	ㄐㄧㄢˋ	0	nonpositive_frequency
鏩	ㄔㄢˊ	0	nonpositive_frequency
鏪	ㄘㄠˊ	0	nonpositive_frequency
鏫	ㄌㄧˊ	0	nonpositive_frequency
鏭	ㄒㄧ	0	nonpositive_frequency
鏳	ㄓㄥ	0	nonpositive_frequency
鏴	ㄌㄨˋ	0	nonpositive_frequency
鐂	ㄌㄧㄡˊ	0	nonpositive_frequency
鐄	ㄏㄨㄤˊ	0	nonpositive_frequency
鐅	ㄆㄧㄝˇ	0	nonpositive_frequency
鐈	ㄑㄧㄠˊ	0	nonpositive_frequency
鐑	ㄐㄧㄝˊ	0	nonpositive_frequency
鐗	ㄐㄧㄢˋ	0	nonpositive_frequency
鐚	ㄧㄚˇ	0	nonpositive_frequency
鐛	ㄧㄥˇ	0	nonpositive_frequency
鐜	ㄉㄨㄟ	0	nonpositive_frequency
鐜	ㄉㄨㄟˋ	0	nonpositive_frequency
鐝	ㄐㄩㄝˊ	0	nonpositive_frequency
鐞	ㄋㄡˋ	0	nonpositive_frequency
鐟	ㄊㄧˋ	0	nonpositive_frequency
鐟	ㄗㄢ	0	nonpositive_frequency
鐧	ㄐㄧㄢˇ	0	nonpositive_frequency
鐭	ㄩˋ	0	nonpositive_frequency
鐯	ㄓㄨㄛˊ	0	nonpositive_frequency
鐴	ㄅㄧˋ	0	nonpositive_frequency
鐾	ㄅㄧˋ	0	nonpositive_frequency
鑂	ㄒㄩㄣˋ	0	nonpositive_frequency
鑃	ㄉㄧㄠˋ	0	nonpositive_frequency
鑃	ㄓㄠˋ	0	nonpositive_frequency
鑍	ㄧㄥ	0	nonpositive_frequency
鑎	ㄍㄨㄟˋ	0	nonpositive_frequency
鑔	ㄔㄚˇ	0	nonpositive_frequency
鑖	ㄇㄧˋ	0	nonpositive_frequency
鑖	ㄇㄧㄝˋ	0	nonpositive_frequency
鑘	ㄌㄟˊ	0	nonpositive_frequency
鑙	ㄐㄧ	0	nonpositive_frequency
鑚	ㄗㄨㄢ	0	nonpositive_frequency
鑚	ㄗㄨㄢˇ	0	nonpositive_frequency
鑛	ㄍㄨㄥˇ	0	nonpositive_frequency
鑜	ㄒㄧㄤˇ	0	nonpositive_frequency
鑟	ㄉㄨˊ	0	nonpositive_frequency
鑡	ㄔㄨㄛˋ	0	nonpositive_frequency
鑥	ㄌㄨˇ	0	nonpositive_frequency
鑬	ㄐㄧㄢˋ	0	nonpositive_frequency
鑹	ㄘㄨㄢ	0	nonpositive_frequency
鑺	ㄑㄩˊ	0	nonpositive_frequency
鑻	ㄆㄢˋ	0	nonpositive_frequency
钄	ㄌㄢˋ	0	nonpositive_frequency
镸	ㄓㄤˇ	0	nonpositive_frequency
镹	ㄐㄧㄡˇ	0	nonpositive_frequency
镾	ㄇㄧˊ	0	nonpositive_frequency
閁	ㄇㄚˋ	0	nonpositive_frequency
閄	ㄏㄨㄛˋ	0	nonpositive_frequency
閅	ㄇㄣˊ	0	nonpositive_frequency
閇	ㄅㄧˋ	0	nonpositive_frequency
閕	ㄒㄧㄚ	0	nonpositive_frequency
閙	ㄋㄠˋ	0	nonpositive_frequency
閚	ㄓㄢ	0	nonpositive_frequency
閝	ㄌㄧㄥˊ	0	nonpositive_frequency
関	ㄍㄨㄢ	0	nonpositive_frequency
閦	ㄔㄨˋ	0	nonpositive_frequency
閧	ㄏㄨㄥˋ	0	nonpositive_frequency
閯	ㄕㄚˋ	0	nonpositive_frequency
閲	ㄩㄝˋ	0	nonpositive_frequency
閳	ㄔㄢˇ	0	nonpositive_frequency
閴	ㄑㄩˋ	0	nonpositive_frequency
閸	ㄎㄨㄣˇ	0	nonpositive_frequency
闁	ㄅㄠ	0	nonpositive_frequency
闁	ㄅㄠˇ	0	nonpositive_frequency
闂	ㄏㄨㄥˋ	0	nonpositive_frequency
闄	ㄧㄠˇ	0	nonpositive_frequency
闗	ㄍㄨㄢ	0	nonpositive_frequency
闘	ㄉㄡˋ	0	nonpositive_frequency
闙	ㄑㄧˇ	0	nonpositive_frequency
闝	ㄆㄧㄠ	0	nonpositive_frequency
闝	ㄆㄧㄠˊ	0	nonpositive_frequency
阝	ㄧˋ	0	nonpositive_frequency
阥	ㄧㄣ	0	nonpositive_frequency
阥	ㄧㄣˋ	0	nonpositive_frequency
阦	ㄧㄤˊ	0	nonpositive_frequency
阧	ㄉㄡˇ	0	nonpositive_frequency
阩	ㄕㄥ	0	nonpositive_frequency
阫	ㄅㄟ	0	nonpositive_frequency
阫	ㄆㄟˊ	0	nonpositive_frequency
阳	ㄧㄤˊ	0	nonpositive_frequency
阴	ㄧㄣ	0	nonpositive_frequency
阴	ㄧㄣˋ	0	nonpositive_frequency
阷	ㄔㄥ	0	nonpositive_frequency
阸	ㄜˋ	0	nonpositive_frequency
阾	ㄌㄧㄥˇ	0	nonpositive_frequency
陁	ㄊㄨㄛˊ	0	nonpositive_frequency
陒	ㄍㄨㄟˇ	0	nonpositive_frequency
陒	ㄨㄟˊ	0	nonpositive_frequency
陕	ㄒㄧㄚˊ	0	nonpositive_frequency
陖	ㄐㄩㄣˋ	0	nonpositive_frequency
陗	ㄑㄧㄠˋ	0	nonpositive_frequency
陙	ㄔㄨㄣˊ	0	nonpositive_frequency
陚	ㄈㄨˋ	0	nonpositive_frequency
陠	ㄅㄨ	0	nonpositive_frequency
陠	ㄅㄨˋ	0	nonpositive_frequency
陮	ㄉㄨㄟˋ	0	nonpositive_frequency
陹	ㄕㄥ	0	nonpositive_frequency
陻	ㄧㄢ	0	nonpositive_frequency
陿	ㄒㄧㄚˊ	0	nonpositive_frequency
隁	ㄧㄢˇ	0	nonpositive_frequency
隂	ㄧㄣ	0	nonpositive_frequency
隂	ㄧㄣˋ	0	nonpositive_frequency
隌	ㄢˇ	0	nonpositive_frequency
隌	ㄧㄢˇ	0	nonpositive_frequency
随	ㄙㄨㄟˊ	0	nonpositive_frequency
隖	ㄨˋ	0	nonpositive_frequency
隚	ㄊㄤˊ	0	nonpositive_frequency
隝	ㄉㄠˇ	0	nonpositive_frequency
隟	ㄑㄧˋ	0	nonpositive_frequency
隠	ㄧㄣˇ	0	nonpositive_frequency
隣	ㄌㄧㄣˊ	0	nonpositive_frequency
隥	ㄉㄥˋ	0	nonpositive_frequency
隦	ㄆㄧˊ	0	nonpositive_frequency
隫	ㄈㄣˊ	0	nonpositive_frequency
隭	ㄦˊ	0	nonpositive_frequency
隯	ㄉㄠˇ	0	nonpositive_frequency
隲	ㄓˋ	0	nonpositive_frequency
隵	ㄒㄧ	0	nonpositive_frequency
隶	ㄉㄞˋ	0	nonpositive_frequency
隷	ㄌㄧˋ	0	nonpositive_frequency
隺	ㄏㄜˋ	0	nonpositive_frequency
隺	ㄑㄩㄝˋ	0	nonpositive_frequency
隽	ㄐㄩㄢˋ	0	nonpositive_frequency
雏	ㄔㄨˊ	0	nonpositive_frequency
雐	ㄏㄨ	0	nonpositive_frequency
雑	ㄗㄚˊ	0	nonpositive_frequency
雤	ㄒㄩㄝˊ	0	nonpositive_frequency
雦	ㄐㄧˊ	0	nonpositive_frequency
雧	ㄐㄧˊ	0	nonpositive_frequency
雬	ㄈㄡˇ	0	nonpositive_frequency
雭	ㄒㄧˊ	0	nonpositive_frequency
雮	ㄇㄨˋ	0	nonpositive_frequency
雴	ㄔˋ	0	nonpositive_frequency
雼	ㄉㄤˋ	0	nonpositive_frequency
霃	ㄔㄣˊ	0	nonpositive_frequency
霊	ㄌㄧㄥˊ	0	nonpositive_frequency
霌	ㄓㄡ	0	nonpositive_frequency
霔	ㄓㄨˋ	0	nonpositive_frequency
霕	ㄊㄨㄣˊ	0	nonpositive_frequency
霗	ㄌㄧㄢˊ	0	nonpositive_frequency
霚	ㄨˋ	0	nonpositive_frequency
霛	ㄌㄧㄥˊ	0	nonpositive_frequency
霡	ㄇㄛˋ	0	nonpositive_frequency
霱	ㄩˋ	0	nonpositive_frequency
霳	ㄌㄨㄥˊ	0	nonpositive_frequency
霴	ㄉㄞˋ	0	nonpositive_frequency
霶	ㄆㄤ	0	nonpositive_frequency
霷	ㄧㄤˊ	0	nonpositive_frequency
霼	ㄒㄧˋ	0	nonpositive_frequency
靀	ㄇㄥˊ	0	nonpositive_frequency
靁	ㄌㄟˊ	0	nonpositive_frequency
靅	ㄈㄟˋ	0	nonpositive_frequency
靊	ㄈㄥ	0	nonpositive_frequency
靐	ㄅㄧㄥˋ	0	nonpositive_frequency
靑	ㄐㄧㄥ	0	nonpositive_frequency
靕	ㄓㄣ	0	nonpositive_frequency
靗	ㄔㄥˋ	0	nonpositive_frequency
静	ㄐㄧㄥˋ	0	nonpositive_frequency
靝	ㄊㄧㄢ	0	nonpositive_frequency
靟	ㄈㄟ	0	nonpositive_frequency
靣	ㄇㄧㄢˋ	0	nonpositive_frequency
靤	ㄅㄠ	0	nonpositive_frequency
靤	ㄆㄠˋ	0	nonpositive_frequency
靧	ㄏㄨㄟˋ	0	nonpositive_frequency
靫	ㄔㄞ	0	nonpositive_frequency
靭	ㄖㄣˋ	0	nonpositive_frequency
靯	ㄉㄨˋ	0	nonpositive_frequency
靵	ㄋㄧㄡˇ	0	nonpositive_frequency
靹	ㄋㄚˋ	0	nonpositive_frequency
鞇	ㄧㄣ	0	nonpositive_frequency
鞉	ㄊㄠˊ	0	nonpositive_frequency
鞓	ㄊㄧㄥ	0	nonpositive_frequency
鞕	ㄧㄥˋ	0	nonpositive_frequency
鞖	ㄙㄨㄟ	0	nonpositive_frequency
鞛	ㄅㄥˇ	0	nonpositive_frequency
鞟	ㄍㄜˊ	0	nonpositive_frequency
鞟	ㄍㄨㄛ	0	nonpositive_frequency
鞟	ㄎㄨㄛˋ	0	nonpositive_frequency
鞧	ㄑㄧㄡ	0	nonpositive_frequency
鞧	ㄧㄡˊ	0	nonpositive_frequency
鞩	ㄑㄧㄠˋ	0	nonpositive_frequency
鞰	ㄩㄣˋ	0	nonpositive_frequency
鞱	ㄉㄠˋ	0	nonpositive_frequency
鞱	ㄊㄠ	0	nonpositive_frequency
鞲	ㄍㄡ	0	nonpositive_frequency
鞲	ㄍㄡˋ	0	nonpositive_frequency
鞲	ㄐㄧㄤˇ	0	nonpositive_frequency
鞴	ㄈㄨˊ	0	nonpositive_frequency
鞵	ㄏㄞˊ	0	nonpositive_frequency
鞵	ㄒㄧㄝˊ	0	nonpositive_frequency
鞸	ㄅㄧˋ	0	nonpositive_frequency
鞺	ㄊㄤ	0	nonpositive_frequency
鞼	ㄍㄨㄟˋ	0	nonpositive_frequency
鞽	ㄐㄩㄝˊ	0	nonpositive_frequency
鞾	ㄒㄩㄝ	0	nonpositive_frequency
韀	ㄐㄧㄢ	0	nonpositive_frequency
韀	ㄐㄧㄢˋ	0	nonpositive_frequency
韂	ㄔㄢˋ	0	nonpositive_frequency
韈	ㄨㄚˋ	0	nonpositive_frequency
韊	ㄌㄢˊ	0	nonpositive_frequency
韑	ㄨㄟˇ	0	nonpositive_frequency
韒	ㄑㄧㄠˋ	0	nonpositive_frequency
韚	ㄍㄜˊ	0	nonpositive_frequency
韛	ㄈㄨˊ	0	nonpositive_frequency
韠	ㄅㄧˋ	0	nonpositive_frequency
韢	ㄒㄧˋ	0	nonpositive_frequency
韢	ㄘㄨㄟˋ	0	nonpositive_frequency
韤	ㄨㄚˋ	0	nonpositive_frequency
韮	ㄐㄧㄡˇ	0	nonpositive_frequency
韯	ㄑㄧㄢ	0	nonpositive_frequency
韲	ㄐㄧ	0	nonpositive_frequency
韲	ㄐㄧㄡˇ	0	nonpositive_frequency
韴	ㄗㄚˊ	0	nonpositive_frequency
韵	ㄩㄣˋ	0	nonpositive_frequency
韷	ㄌㄜˋ	0	nonpositive_frequency
韼	ㄆㄥˊ	0	nonpositive_frequency
頉	ㄧˊ	0	nonpositive_frequency
頋	ㄜˇ	0	nonpositive_frequency
頔	ㄉㄧˊ	0	nonpositive_frequency
頕	ㄉㄢ	0	nonpositive_frequency
頕	ㄉㄧㄢˋ	0	nonpositive_frequency
頙	ㄔㄜˋ	0	nonpositive_frequency
頚	ㄐㄧㄥˇ	0	nonpositive_frequency
頟	ㄜˊ	0	nonpositive_frequency
頢	ㄎㄨㄛˋ	0	nonpositive_frequency
頣	ㄕㄣˇ	0	nonpositive_frequency
頥	ㄧˊ	0	nonpositive_frequency
頪	ㄌㄟˋ	0	nonpositive_frequency
頮	ㄇㄛˋ	0	nonpositive_frequency
頱	ㄌㄨㄛˊ	0	nonpositive_frequency
頳	ㄓㄣ	0	nonpositive_frequency
頴	ㄧㄥˇ	0	nonpositive_frequency
頶	ㄏㄨˊ	0	nonpositive_frequency
頺	ㄊㄨㄟˊ	0	nonpositive_frequency
頼	ㄌㄞˋ	0	nonpositive_frequency
頽	ㄊㄨㄟˊ	0	nonpositive_frequency
顀	ㄔㄨㄟˊ	0	nonpositive_frequency
顂	ㄌㄞˊ	0	nonpositive_frequency
顇	ㄘㄨㄟˋ	0	nonpositive_frequency
顋	ㄙㄞ	0	nonpositive_frequency
顔	ㄧㄢˊ	0	nonpositive_frequency
顕	ㄒㄧㄢˇ	0	nonpositive_frequency
顖	ㄒㄧㄣˋ	0	nonpositive_frequency
顖	ㄘㄨㄥ	0	nonpositive_frequency
顚	ㄉㄧㄢ	0	nonpositive_frequency
顡	ㄓㄨㄞˋ	0	nonpositive_frequency
顦	ㄐㄧㄠ	0	nonpositive_frequency
顦	ㄑㄧㄠˊ	0	nonpositive_frequency
顨	ㄒㄩㄣˋ	0	nonpositive_frequency
顬	ㄖㄨˊ	0	nonpositive_frequency
顭	ㄇㄥˇ	0	nonpositive_frequency
顮	ㄅㄧㄣ	0	nonpositive_frequency
颫	ㄈㄨˊ	0	nonpositive_frequency
颰	ㄅㄚˊ	0	nonpositive_frequency
颵	ㄕㄠ	0	nonpositive_frequency
颷	ㄅㄧㄠ	0	nonpositive_frequency
颹	ㄨㄟˇ	0	nonpositive_frequency
飃	ㄆㄧㄠ	0	nonpositive_frequency
飇	ㄅㄧㄠ	0	nonpositive_frequency
飈	ㄅㄧㄠ	0	nonpositive_frequency
飊	ㄅㄧㄠ	0	nonpositive_frequency
飍	ㄅㄧㄠ	0	nonpositive_frequency
飜	ㄈㄢ	0	nonpositive_frequency
飝	ㄈㄟ	0	nonpositive_frequency
飡	ㄘㄢ	0	nonpositive_frequency
飦	ㄐㄧㄢ	0	nonpositive_frequency
飬	ㄐㄩㄢˋ	0	nonpositive_frequency
飰	ㄈㄢˋ	0	nonpositive_frequency
飱	ㄙㄨㄣ	0	nonpositive_frequency
飳	ㄊㄡˇ	0	nonpositive_frequency
飵	ㄗㄜˊ	0	nonpositive_frequency
飵	ㄗㄨㄛˋ	0	nonpositive_frequency
飷	ㄐㄧㄝˇ	0	nonpositive_frequency
飸	ㄊㄠ	0	nonpositive_frequency
飸	ㄏㄠˋ	0	nonpositive_frequency
飻	ㄊㄧㄝˋ	0	nonpositive_frequency
飻	ㄓㄣˇ	0	nonpositive_frequency
飿	ㄉㄨㄛˋ	0	nonpositive_frequency
餁	ㄖㄣˋ	0	nonpositive_frequency
餄	ㄐㄧㄚˊ	0	nonpositive_frequency
餆	ㄧㄠˊ	0	nonpositive_frequency
餋	ㄐㄩㄢˋ	0	nonpositive_frequency
餙	ㄕˋ	0	nonpositive_frequency
餜	ㄅㄧㄥˇ	0	nonpositive_frequency
餝	ㄕˋ	0	nonpositive_frequency
餠	ㄅㄧㄥˇ	0	nonpositive_frequency
餢	ㄅㄨˋ	0	nonpositive_frequency
餣	ㄧㄝˋ	0	nonpositive_frequency
餤	ㄉㄢˋ	0	nonpositive_frequency
餥	ㄈㄟˇ	0	nonpositive_frequency
餦	ㄓㄤ	0	nonpositive_frequency
餧	ㄨㄟˋ	0	nonpositive_frequency
餩	ㄜˋ	0	nonpositive_frequency
餪	ㄋㄨㄢˇ	0	nonpositive_frequency
餫	ㄏㄨㄣˊ	0	nonpositive_frequency
餭	ㄏㄨㄤˊ	0	nonpositive_frequency
餮	ㄊㄧㄝˋ	0	nonpositive_frequency
餯	ㄏㄨㄟˋ	0	nonpositive_frequency
餰	ㄐㄧㄢ	0	nonpositive_frequency
餱	ㄏㄡˊ	0	nonpositive_frequency
餲	ㄏㄜˊ	0	nonpositive_frequency
餳	ㄒㄧㄥˊ	0	nonpositive_frequency
餴	ㄈㄣ	0	nonpositive_frequency
餶	ㄍㄨˇ	0	nonpositive_frequency
餷	ㄔㄚ	0	nonpositive_frequency
餸	ㄙㄨㄥˋ	0	nonpositive_frequency
餹	ㄊㄤˊ	0	nonpositive_frequency
餻	ㄍㄠ	0	nonpositive_frequency
饀	ㄊㄠ	0	nonpositive_frequency
饀	ㄊㄠˊ	0	nonpositive_frequency
饄	ㄊㄤˊ	0	nonpositive_frequency
饆	ㄅㄧˋ	0	nonpositive_frequency
饊	ㄙㄢˇ	0	nonpositive_frequency
饍	ㄕㄢˋ	0	nonpositive_frequency
饏	ㄍㄢˇ	0	nonpositive_frequency
饚	ㄏㄞˋ	0	nonpositive_frequency
饚	ㄞˋ	0	nonpositive_frequency
饝	ㄇㄛˊ	0	nonpositive_frequency
饠	ㄌㄨㄛˊ	0	nonpositive_frequency
馚	ㄈㄣˊ	0	nonpositive_frequency
馛	ㄅㄛˊ	0	nonpositive_frequency
馟	ㄊㄨˊ	0	nonpositive_frequency
馠	ㄏㄢ	0	nonpositive_frequency
馢	ㄐㄧㄢ	0	nonpositive_frequency
馤	ㄞˋ	0	nonpositive_frequency
馩	ㄈㄣˊ	0	nonpositive_frequency
馪	ㄅㄧㄣ	0	nonpositive_frequency
馷	ㄆㄟˋ	0	nonpositive_frequency
馸	ㄐㄧㄣˋ	0	nonpositive_frequency
馼	ㄨㄣˊ	0	nonpositive_frequency
馾	ㄉㄢˇ	0	nonpositive_frequency
馿	ㄌㄩˊ	0	nonpositive_frequency
駀	ㄧㄡˊ	0	nonpositive_frequency
駄	ㄉㄨㄛˋ	0	nonpositive_frequency
駆	ㄑㄩ	0	nonpositive_frequency
駈	ㄑㄩ	0	nonpositive_frequency
駊	ㄆㄛˇ	0	nonpositive_frequency
駚	ㄧㄤˇ	0	nonpositive_frequency
駞	ㄊㄨㄛˊ	0	nonpositive_frequency
駠	ㄌㄧㄡˊ	0	nonpositive_frequency
駡	ㄇㄚˋ	0	nonpositive_frequency
駦	ㄊㄥˊ	0	nonpositive_frequency
駨	ㄒㄩㄢˋ	0	nonpositive_frequency
駫	ㄐㄩㄥ	0	nonpositive_frequency
駫	ㄐㄩㄥˇ	0	nonpositive_frequency
駯	ㄓㄨ	0	nonpositive_frequency
駳	ㄉㄢˋ	0	nonpositive_frequency
駵	ㄌㄧㄡˊ	0	nonpositive_frequency
駽	ㄒㄩㄢˋ	0	nonpositive_frequency
騀	ㄜˇ	0	nonpositive_frequency
騈	ㄆㄧㄢˊ	0	nonpositive_frequency
騌	ㄗㄨㄥ	0	nonpositive_frequency
騐	ㄧㄢˋ	0	nonpositive_frequency
騗	ㄆㄧㄢˋ	0	nonpositive_frequency
騘	ㄘㄨㄥ	0	nonpositive_frequency
騟	ㄩˊ	0	nonpositive_frequency
騡	ㄑㄩㄢˊ	0	nonpositive_frequency
騯	ㄅㄤˇ	0	nonpositive_frequency
騳	ㄉㄨˊ	0	nonpositive_frequency
騻	ㄕㄨㄤ	0	nonpositive_frequency
騼	ㄌㄨˋ	0	nonpositive_frequency
驇	ㄓˋ	0	nonpositive_frequency
驋	ㄅㄛ	0	nonpositive_frequency
驑	ㄌㄧㄡˊ	0	nonpositive_frequency
驘	ㄌㄨㄛˊ	0	nonpositive_frequency
驜	ㄧㄝˋ	0	nonpositive_frequency
驝	ㄊㄨㄛ	0	nonpositive_frequency
驡	ㄌㄨㄥˊ	0	nonpositive_frequency
驡	ㄗㄤˇ	0	nonpositive_frequency
驣	ㄊㄥˊ	0	nonpositive_frequency
骩	ㄨㄟˇ	0	nonpositive_frequency
骪	ㄨㄟˇ	0	nonpositive_frequency
骬	ㄩˊ	0	nonpositive_frequency
骮	ㄧˋ	0	nonpositive_frequency
骲	ㄅㄠˋ	0	nonpositive_frequency
骵	ㄊㄧˇ	0	nonpositive_frequency
骶	ㄉㄧˋ	0	nonpositive_frequency
骺	ㄏㄡˊ	0	nonpositive_frequency
骽	ㄊㄨㄟˇ	0	nonpositive_frequency
髃	ㄡˇ	0	nonpositive_frequency
髄	ㄙㄨㄟˇ	0	nonpositive_frequency
髈	ㄅㄤˇ	0	nonpositive_frequency
髈	ㄆㄤ	0	nonpositive_frequency
髉	ㄅㄛˊ	0	nonpositive_frequency
髉	ㄐㄩㄝˊ	0	nonpositive_frequency
髎	ㄌㄧㄠˊ	0	nonpositive_frequency
髗	ㄌㄨˊ	0	nonpositive_frequency
髙	ㄍㄠ	0	nonpositive_frequency
髚	ㄑㄧㄠˋ	0	nonpositive_frequency
髛	ㄎㄠ	0	nonpositive_frequency
髝	ㄌㄠˊ	0	nonpositive_frequency
髞	ㄙㄠˋ	0	nonpositive_frequency
髠	ㄎㄨㄣ	0	nonpositive_frequency
髢	ㄊㄧˋ	0	nonpositive_frequency
髤	ㄒㄧㄡ	0	nonpositive_frequency
髥	ㄖㄢˊ	0	nonpositive_frequency
髨	ㄎㄨㄣ	0	nonpositive_frequency
髩	ㄅㄧㄣ	0	nonpositive_frequency
髩	ㄅㄧㄣˋ	0	nonpositive_frequency
髪	ㄈㄚˇ	0	nonpositive_frequency
髰	ㄊㄧˋ	0	nonpositive_frequency
髴	ㄈㄨˊ	0	nonpositive_frequency
髵	ㄦˊ	0	nonpositive_frequency
髸	ㄍㄨㄥ	0	nonpositive_frequency
髿	ㄕㄚ	0	nonpositive_frequency
鬀	ㄊㄧˋ	0	nonpositive_frequency
鬂	ㄅㄧㄣ	0	nonpositive_frequency
鬂	ㄅㄧㄣˋ	0	nonpositive_frequency
鬇	ㄓㄥ	0	nonpositive_frequency
鬉	ㄗㄨㄥ	0	nonpositive_frequency
鬏	ㄐㄧㄡ	0	nonpositive_frequency
鬔	ㄆㄥˊ	0	nonpositive_frequency
鬛	ㄌㄧㄝˋ	0	nonpositive_frequency
鬜	ㄑㄧㄢ	0	nonpositive_frequency
鬡	ㄋㄧㄥˊ	0	nonpositive_frequency
鬦	ㄉㄡˋ	0	nonpositive_frequency
鬪	ㄉㄡˋ	0	nonpositive_frequency
鬬	ㄉㄡˋ	0	nonpositive_frequency
鬭	ㄉㄡˋ	0	nonpositive_frequency
鬰	ㄩˋ	0	nonpositive_frequency
鬴	ㄌㄧˋ	0	nonpositive_frequency
鬸	ㄌㄧㄡˋ	0	nonpositive_frequency
鬹	ㄍㄨㄟ	0	nonpositive_frequency
鬹	ㄒㄧ	0	nonpositive_frequency
鬽	ㄇㄟˋ	0	nonpositive_frequency
鬾	ㄐㄧˋ	0	nonpositive_frequency
鬿	ㄑㄧˊ	0	nonpositive_frequency
魀	ㄍㄚˋ	0	nonpositive_frequency
魀	ㄐㄧㄝˋ	0	nonpositive_frequency
魉	ㄌㄧㄤˇ	0	nonpositive_frequency
魊	ㄩˋ	0	nonpositive_frequency
魋	ㄊㄨㄟˊ	0	nonpositive_frequency
魌	ㄑㄧ	0	nonpositive_frequency
魐	ㄍㄢ	0	nonpositive_frequency
魐	ㄐㄧㄢ	0	nonpositive_frequency
魓	ㄅㄧˋ	0	nonpositive_frequency
魗	ㄔㄡˇ	0	nonpositive_frequency
魜	ㄖㄣˊ	0	nonpositive_frequency
魝	ㄐㄧˋ	0	nonpositive_frequency
魝	ㄐㄧㄝˊ	0	nonpositive_frequency
魢	ㄐㄧˇ	0	nonpositive_frequency
魣	ㄒㄩˋ	0	nonpositive_frequency
魣	ㄩˇ	0	nonpositive_frequency
魥	ㄑㄩㄝˋ	0	nonpositive_frequency
魩	ㄇㄛˋ	0	nonpositive_frequency
魪	ㄐㄧㄝˋ	0	nonpositive_frequency
魫	ㄕㄣˇ	0	nonpositive_frequency
魭	ㄩㄢˊ	0	nonpositive_frequency
魮	ㄅㄧˇ	0	nonpositive_frequency
魲	ㄌㄨˊ	0	nonpositive_frequency
魿	ㄌㄧㄣˊ	0	nonpositive_frequency
鮁	ㄅㄚˊ	0	nonpositive_frequency
鮁	ㄅㄛ	0	nonpositive_frequency
鮃	ㄆㄧㄥˊ	0	nonpositive_frequency
鮄	ㄈㄨˊ	0	nonpositive_frequency
鮉	ㄉㄧㄠ	0	nonpositive_frequency
鮉	ㄔㄡˊ	0	nonpositive_frequency
鮊	ㄅㄛˊ	0	nonpositive_frequency
鮋	ㄔㄡˊ	0	nonpositive_frequency
鮌	ㄍㄨㄣˇ	0	nonpositive_frequency
鮍	ㄆㄧ	0	nonpositive_frequency
鮎	ㄧㄢˇ	0	nonpositive_frequency
鮏	ㄒㄧㄥ	0	nonpositive_frequency
鮔	ㄐㄩˋ	0	nonpositive_frequency
鮘	ㄉㄞ	0	nonpositive_frequency
鮙	ㄊㄚˋ	0	nonpositive_frequency
鮜	ㄏㄡˋ	0	nonpositive_frequency
鮝	ㄒㄧㄤˇ	0	nonpositive_frequency
鮟	ㄢˋ	0	nonpositive_frequency
鮣	ㄧㄣˋ	0	nonpositive_frequency
鮧	ㄧˊ	0	nonpositive_frequency
鮩	ㄅㄧㄥˋ	0	nonpositive_frequency
鮬	ㄎㄨ	0	nonpositive_frequency
鮰	ㄏㄨㄟˊ	0	nonpositive_frequency
鮳	ㄎㄠˋ	0	nonpositive_frequency
鮷	ㄊㄧˊ	0	nonpositive_frequency
鮺	ㄗㄚˇ	0	nonpositive_frequency
鮻	ㄙㄨㄛ	0	nonpositive_frequency
鮼	ㄑㄧㄣ	0	nonpositive_frequency
鮾	ㄋㄟˇ	0	nonpositive_frequency
鯂	ㄙㄨ	0	nonpositive_frequency
鯅	ㄕㄢ	0	nonpositive_frequency
鯅	ㄕㄣˇ	0	nonpositive_frequency
鯋	ㄕㄚ	0	nonpositive_frequency
鯌	ㄎㄠˋ	0	nonpositive_frequency
鯍	ㄇㄥˊ	0	nonpositive_frequency
鯒	ㄩㄥˇ	0	nonpositive_frequency
鯘	ㄋㄟˇ	0	nonpositive_frequency
鯝	ㄍㄨˋ	0	nonpositive_frequency
鯟	ㄉㄨㄥ	0	nonpositive_frequency
鯣	ㄧˋ	0	nonpositive_frequency
鯩	ㄌㄨㄣˊ	0	nonpositive_frequency
鯭	ㄇㄥˇ	0	nonpositive_frequency
鯮	ㄗㄨㄥ	0	nonpositive_frequency
鯯	ㄐㄧˋ	0	nonpositive_frequency
鯶	ㄏㄨㄢˋ	0	nonpositive_frequency
鯶	ㄨㄢˇ	0	nonpositive_frequency
鯹	ㄒㄧㄥ	0	nonpositive_frequency
鯺	ㄓㄨ	0	nonpositive_frequency
鯻	ㄌㄚˋ	0	nonpositive_frequency
鯼	ㄗㄨㄥ	0	nonpositive_frequency
鯾	ㄅㄧㄢ	0	nonpositive_frequency
鯿	ㄅㄧㄢ	0	nonpositive_frequency
鰀	ㄏㄨㄢˋ	0	nonpositive_frequency
鰀	ㄨㄢˇ	0	nonpositive_frequency
鰁	ㄑㄩㄢˊ	0	nonpositive_frequency
鰂	ㄗㄜˊ	0	nonpositive_frequency
鰃	ㄨㄟ	0	nonpositive_frequency
鰄	ㄨㄟ	0	nonpositive_frequency
鰊	ㄌㄧㄢˋ	0	nonpositive_frequency
鰌	ㄑㄧㄡˊ	0	nonpositive_frequency
鰌	ㄧㄡˊ	0	nonpositive_frequency
鰏	ㄅㄧˋ	0	nonpositive_frequency
鰐	ㄜˋ	0	nonpositive_frequency
鰑	ㄧㄤˊ	0	nonpositive_frequency
鰕	ㄏㄚˊ	0	nonpositive_frequency
鰕	ㄒㄧㄚ	0	nonpositive_frequency
鰖	ㄊㄨㄛˇ	0	nonpositive_frequency
鰛	ㄨㄣ	0	nonpositive_frequency
鰟	ㄈㄤˊ	0	nonpositive_frequency
鰠	ㄙㄠ	0	nonpositive_frequency
鰢	ㄇㄚˇ	0	nonpositive_frequency
鰧	ㄊㄥˊ	0	nonpositive_frequency
鰪	ㄍㄜˊ	0	nonpositive_frequency
鰪	ㄜˊ	0	nonpositive_frequency
鰮	ㄨㄣ	0	nonpositive_frequency
鰵	ㄇㄧㄢˇ	0	nonpositive_frequency
鰸	ㄑㄩ	0	nonpositive_frequency
鰺	ㄙㄠ	0	nonpositive_frequency
鱂	ㄔㄤ	0	nonpositive_frequency
鱃	ㄑㄧㄡ	0	nonpositive_frequency
鱅	ㄖㄨㄥˊ	0	nonpositive_frequency
鱅	ㄩㄥˊ	0	nonpositive_frequency
鱏	ㄒㄩㄣˊ	0	nonpositive_frequency
鱑	ㄏㄨㄤˊ	0	nonpositive_frequency
鱓	ㄕㄢˋ	0	nonpositive_frequency
鱝	ㄈㄣˋ	0	nonpositive_frequency
鱡	ㄗㄜˊ	0	nonpositive_frequency
鱤	ㄍㄢˇ	0	nonpositive_frequency
鱥	ㄍㄨㄟˋ	0	nonpositive_frequency
鱬	ㄖㄨˊ	0	nonpositive_frequency
鱯	ㄏㄨˊ	0	nonpositive_frequency
鱲	ㄌㄚˋ	0	nonpositive_frequency
鱶	ㄒㄧㄤˇ	0	nonpositive_frequency
鱻	ㄒㄧㄢ	0	nonpositive_frequency
鱻	ㄒㄧㄢˇ	0	nonpositive_frequency
鳨	ㄌㄧˋ	0	nonpositive_frequency
鳫	ㄧㄢˋ	0	nonpositive_frequency
鳬	ㄈㄨˊ	0	nonpositive_frequency
鳮	ㄐㄧ	0	nonpositive_frequency
鳯	ㄈㄥˋ	0	nonpositive_frequency
鳸	ㄍㄨˋ	0	nonpositive_frequency
鴁	ㄠˇ	0	nonpositive_frequency
鴁	ㄧㄠ	0	nonpositive_frequency
鴂	ㄐㄩˊ	0	nonpositive_frequency
鴂	ㄐㄩㄝˊ	0	nonpositive_frequency
鴊	ㄓㄥ	0	nonpositive_frequency
鴊	ㄓㄥˋ	0	nonpositive_frequency
鴋	ㄈㄤˇ	0	nonpositive_frequency
鴌	ㄈㄥˋ	0	nonpositive_frequency
鴍	ㄨㄣˊ	0	nonpositive_frequency
鴏	ㄉㄞˋ	0	nonpositive_frequency
鴑	ㄖㄨˊ	0	nonpositive_frequency
鴓	ㄇㄧㄝˋ	0	nonpositive_frequency
鴖	ㄨㄣˊ	0	nonpositive_frequency
鴚	ㄍㄜ	0	nonpositive_frequency
鴜	ㄘˊ	0	nonpositive_frequency
鴡	ㄐㄩ	0	nonpositive_frequency
鴡	ㄙㄨㄟ	0	nonpositive_frequency
鴤	ㄓㄨㄥ	0	nonpositive_frequency
鴧	ㄩˋ	0	nonpositive_frequency
鴪	ㄩˋ	0	nonpositive_frequency
鴴	ㄏㄥˊ	0	nonpositive_frequency
鴵	ㄒㄧㄠ	0	nonpositive_frequency
鴹	ㄒㄧㄤˊ	0	nonpositive_frequency
鴺	ㄊㄧˊ	0	nonpositive_frequency
鴺	ㄧˊ	0	nonpositive_frequency
鴼	ㄌㄨˋ	0	nonpositive_frequency
鵍	ㄏㄨㄢ	0	nonpositive_frequency
鵎	ㄊㄨㄛˇ	0	nonpositive_frequency
鵐	ㄨˊ	0	nonpositive_frequency
鵕	ㄐㄩㄣˋ	0	nonpositive_frequency
鵞	ㄜˊ	0	nonpositive_frequency
鵢	ㄕㄣ	0	nonpositive_frequency
鵣	ㄌㄞˋ	0	nonpositive_frequency
鵦	ㄌㄨˋ	0	nonpositive_frequency
鵭	ㄐㄧㄣ	0	nonpositive_frequency
鵭	ㄑㄧㄢˊ	0	nonpositive_frequency
鵮	ㄑㄧㄢ	0	nonpositive_frequency
鵶	ㄧㄚ	0	nonpositive_frequency
鵶	ㄧㄚˇ	0	nonpositive_frequency
鵺	ㄧㄝˋ	0	nonpositive_frequency
鵼	ㄎㄨㄥ	0	nonpositive_frequency
鵾	ㄐㄩㄣ	0	nonpositive_frequency
鵾	ㄩㄣˋ	0	nonpositive_frequency
鶃	ㄧˋ	0	nonpositive_frequency
鶑	ㄧㄥ	0	nonpositive_frequency
鶓	ㄇㄧㄠˊ	0	nonpositive_frequency
鶥	ㄇㄟˊ	0	nonpositive_frequency
鶮	ㄏㄜˊ	0	nonpositive_frequency
鶰	ㄩㄢˊ	0	nonpositive_frequency
鶽	ㄓㄨㄣˇ	0	nonpositive_frequency
鷀	ㄘˊ	0	nonpositive_frequency
鷄	ㄐㄧ	0	nonpositive_frequency
鷉	ㄊㄧˊ	0	nonpositive_frequency
鷔	ㄠˊ	0	nonpositive_frequency
鷠	ㄩˊ	0	nonpositive_frequency
鷧	ㄧˋ	0	nonpositive_frequency
鷪	ㄧㄥ	0	nonpositive_frequency
鷱	ㄍㄠ	0	nonpositive_frequency
鷼	ㄒㄧㄢˊ	0	nonpositive_frequency
鸃	ㄧˊ	0	nonpositive_frequency
鸈	ㄧㄝˋ	0	nonpositive_frequency
鸊	ㄆㄧˋ	0	nonpositive_frequency
鸌	ㄏㄨㄛˋ	0	nonpositive_frequency
鸎	ㄧㄥ	0	nonpositive_frequency
鸖	ㄏㄜˋ	0	nonpositive_frequency
鸘	ㄕㄨㄤ	0	nonpositive_frequency
鸘	ㄕㄨㄤˇ	0	nonpositive_frequency
鸜	ㄑㄩˊ	0	nonpositive_frequency
鹶	ㄐㄧㄥ	0	nonpositive_frequency
鹷	ㄌㄧㄥˊ	0	nonpositive_frequency
鹻	ㄐㄧㄢˇ	0	nonpositive_frequency
麁	ㄘㄨ	0	nonpositive_frequency
麄	ㄘㄨ	0	nonpositive_frequency
麅	ㄆㄠˊ	0	nonpositive_frequency
麅	ㄆㄧㄠ	0	nonpositive_frequency
麏	ㄐㄩㄣ	0	nonpositive_frequency
麏	ㄑㄩㄣˊ	0	nonpositive_frequency
麐	ㄌㄧㄣˊ	0	nonpositive_frequency
麕	ㄐㄩㄣ	0	nonpositive_frequency
麕	ㄑㄩㄣˊ	0	nonpositive_frequency
麖	ㄐㄧㄥ	0	nonpositive_frequency
麘	ㄒㄧㄤ	0	nonpositive_frequency
麞	ㄓㄤ	0	nonpositive_frequency
麢	ㄌㄧㄥˊ	0	nonpositive_frequency
麣	ㄧㄢˊ	0	nonpositive_frequency
麦	ㄇㄛˋ	0	nonpositive_frequency
麨	ㄔㄠˇ	0	nonpositive_frequency
麪	ㄇㄧㄢˋ	0	nonpositive_frequency
麫	ㄇㄧㄢˋ	0	nonpositive_frequency
麬	ㄈㄨ	0	nonpositive_frequency
麯	ㄐㄩˊ	0	nonpositive_frequency
麯	ㄑㄩ	0	nonpositive_frequency
麱	ㄈㄨ	0	nonpositive_frequency
麲	ㄒㄧㄢˋ	0	nonpositive_frequency
麳	ㄌㄞˊ	0	nonpositive_frequency
麽	ㄇㄚˊ	0	nonpositive_frequency
黁	ㄋㄨㄣˊ	0	nonpositive_frequency
黄	ㄏㄨㄤˊ	0	nonpositive_frequency
黅	ㄐㄧㄣ	0	nonpositive_frequency
黆	ㄍㄨㄤ	0	nonpositive_frequency
黇	ㄊㄧㄢ	0	nonpositive_frequency
黊	ㄏㄨㄚˋ	0	nonpositive_frequency
黊	ㄒㄧ	0	nonpositive_frequency
黋	ㄍㄨㄤˇ	0	nonpositive_frequency
黒	ㄏㄜˋ	0	nonpositive_frequency
黒	ㄏㄟ	0	nonpositive_frequency
黗	ㄊㄨㄣ	0	nonpositive_frequency
黙	ㄇㄛˋ	0	nonpositive_frequency
黢	ㄑㄩˋ	0	nonpositive_frequency
黣	ㄇㄟˇ	0	nonpositive_frequency
黬	ㄐㄧㄢ	0	nonpositive_frequency
黱	ㄉㄞˋ	0	nonpositive_frequency
黸	ㄌㄨˊ	0	nonpositive_frequency
黾	ㄇㄧㄣˇ	0	nonpositive_frequency
鼂	ㄔㄠˊ	0	nonpositive_frequency
鼃	ㄨㄚ	0	nonpositive_frequency
鼄	ㄓㄨ	0	nonpositive_frequency
鼈	ㄅㄧㄝ	0	nonpositive_frequency
鼑	ㄉㄧㄥˇ	0	nonpositive_frequency
鼔	ㄍㄨˇ	0	nonpositive_frequency
鼗	ㄊㄠˊ	0	nonpositive_frequency
鼝	ㄩㄢ	0	nonpositive_frequency
鼦	ㄉㄧㄠ	0	nonpositive_frequency
鼧	ㄊㄨㄛˊ	0	nonpositive_frequency
鼹	ㄧㄢˇ	0	nonpositive_frequency
鼺	ㄌㄟˊ	0	nonpositive_frequency
鼼	ㄧㄚˋ	0	nonpositive_frequency
齄	ㄓㄚ	0	nonpositive_frequency
齅	ㄒㄧㄡˋ	0	nonpositive_frequency
齐	ㄐㄧˋ	0	nonpositive_frequency
齐	ㄓㄞ	0	nonpositive_frequency
齓	ㄔㄣˋ	0	nonpositive_frequency
齚	ㄒㄧˊ	0	nonpositive_frequency
齨	ㄐㄧㄡˋ	0	nonpositive_frequency
齩	ㄐㄧㄠ	0	nonpositive_frequency
齩	ㄧㄠˇ	0	nonpositive_frequency
齭	ㄔㄨˇ	0	nonpositive_frequency
齳	ㄩㄢˇ	0	nonpositive_frequency
齼	ㄔㄨˇ	0	nonpositive_frequency
齽	ㄐㄧㄣˋ	0	nonpositive_frequency
龎	ㄆㄤˊ	0	nonpositive_frequency
龏	ㄍㄨㄥ	0	nonpositive_frequency
龓	ㄌㄨㄥˇ	0	nonpositive_frequency
龖	ㄊㄚˋ	0	nonpositive_frequency
龗	ㄌㄧㄥˊ	0	nonpositive_frequency
龝	ㄑㄧㄡ	0	nonpositive_frequency
龞	ㄅㄧㄝ	0	nonpositive_frequency
龡	ㄔㄨㄟ	0	nonpositive_frequency
龡	ㄔㄨㄟˋ	0	nonpositive_frequency
龣	ㄌㄨˋ	0	nonpositive_frequency
龣	ㄐㄩㄝˊ	0	nonpositive_frequency
龥	ㄩˋ	0	nonpositive_frequency
